kompleks,zbirnyk,nazva_zbirnyka,dstu,grupa,nazva_grupy,shifr,nazva_normy,odynytsya,priorytet_prytulok
Д.2.2,1,Земляні роботи,ДСТУ Б Д.2.2-1:2012,1,Розробка ґрунту екскаваторами в відвал,1-1-1,"Розробка ґрунту 1 групи екскаватором з ковшем до 0,25 м3",1000 м3,True
Д.2.2,1,Земляні роботи,ДСТУ Б Д.2.2-1:2012,1,Розробка ґрунту екскаваторами в відвал,1-1-2,"Розробка ґрунту 2 групи екскаватором з ковшем до 0,25 м3",1000 м3,True
Д.2.2,1,Земляні роботи,ДСТУ Б Д.2.2-1:2012,1,Розробка ґрунту екскаваторами в відвал,1-1-3,"Розробка ґрунту 3 групи екскаватором з ковшем до 0,25 м3",1000 м3,True
Д.2.2,1,Земляні роботи,ДСТУ Б Д.2.2-1:2012,1,Розробка ґрунту екскаваторами в відвал,1-1-4,"Розробка ґрунту 1 групи екскаватором з ковшем до 0,4 м3",1000 м3,True
Д.2.2,1,Земляні роботи,ДСТУ Б Д.2.2-1:2012,1,Розробка ґрунту екскаваторами в відвал,1-1-5,"Розробка ґрунту 2 групи екскаватором з ковшем до 0,4 м3",1000 м3,True
Д.2.2,1,Земляні роботи,ДСТУ Б Д.2.2-1:2012,1,Розробка ґрунту екскаваторами в відвал,1-1-6,"Розробка ґрунту 3 групи екскаватором з ковшем до 0,4 м3",1000 м3,True
Д.2.2,1,Земляні роботи,ДСТУ Б Д.2.2-1:2012,1,Розробка ґрунту екскаваторами в відвал,1-1-7,"Розробка ґрунту 1 групи екскаватором з ковшем до 0,65 м3",1000 м3,True
Д.2.2,1,Земляні роботи,ДСТУ Б Д.2.2-1:2012,1,Розробка ґрунту екскаваторами в відвал,1-1-8,"Розробка ґрунту 2 групи екскаватором з ковшем до 0,65 м3",1000 м3,True
Д.2.2,1,Земляні роботи,ДСТУ Б Д.2.2-1:2012,2,Розробка ґрунту екскаваторами з навантаженням у транспортні засоби,1-2-1,"Розробка ґрунту 1 групи з навантаженням, ківш до 0,4 м3",1000 м3,True
Д.2.2,1,Земляні роботи,ДСТУ Б Д.2.2-1:2012,2,Розробка ґрунту екскаваторами з навантаженням у транспортні засоби,1-2-2,"Розробка ґрунту 2 групи з навантаженням, ківш до 0,4 м3",1000 м3,True
Д.2.2,1,Земляні роботи,ДСТУ Б Д.2.2-1:2012,2,Розробка ґрунту екскаваторами з навантаженням у транспортні засоби,1-2-3,"Розробка ґрунту 3 групи з навантаженням, ківш до 0,4 м3",1000 м3,True
Д.2.2,1,Земляні роботи,ДСТУ Б Д.2.2-1:2012,2,Розробка ґрунту екскаваторами з навантаженням у транспортні засоби,1-2-4,"Розробка ґрунту 1 групи з навантаженням, ківш до 0,65 м3",1000 м3,True
Д.2.2,1,Земляні роботи,ДСТУ Б Д.2.2-1:2012,2,Розробка ґрунту екскаваторами з навантаженням у транспортні засоби,1-2-5,"Розробка ґрунту 2 групи з навантаженням, ківш до 0,65 м3",1000 м3,True
Д.2.2,1,Земляні роботи,ДСТУ Б Д.2.2-1:2012,3,Розробка ґрунту бульдозерами,1-3-1,Розробка і переміщення ґрунту 1 групи бульдозером до 10 м,1000 м3,True
Д.2.2,1,Земляні роботи,ДСТУ Б Д.2.2-1:2012,3,Розробка ґрунту бульдозерами,1-3-2,Розробка і переміщення ґрунту 2 групи бульдозером до 10 м,1000 м3,True
Д.2.2,1,Земляні роботи,ДСТУ Б Д.2.2-1:2012,3,Розробка ґрунту бульдозерами,1-3-3,Розробка і переміщення ґрунту 1 групи бульдозером до 20 м,1000 м3,True
Д.2.2,1,Земляні роботи,ДСТУ Б Д.2.2-1:2012,3,Розробка ґрунту бульдозерами,1-3-4,Розробка і переміщення ґрунту 2 групи бульдозером до 20 м,1000 м3,True
Д.2.2,1,Земляні роботи,ДСТУ Б Д.2.2-1:2012,3,Розробка ґрунту бульдозерами,1-3-5,Планування площ бульдозером,1000 м2,True
Д.2.2,1,Земляні роботи,ДСТУ Б Д.2.2-1:2012,4,Розробка ґрунту вручну,1-4-1,Розробка ґрунту 1 групи вручну в котлованах,100 м3,True
Д.2.2,1,Земляні роботи,ДСТУ Б Д.2.2-1:2012,4,Розробка ґрунту вручну,1-4-2,Розробка ґрунту 2 групи вручну в котлованах,100 м3,True
Д.2.2,1,Земляні роботи,ДСТУ Б Д.2.2-1:2012,4,Розробка ґрунту вручну,1-4-3,Розробка ґрунту 3 групи вручну в котлованах,100 м3,True
Д.2.2,1,Земляні роботи,ДСТУ Б Д.2.2-1:2012,4,Розробка ґрунту вручну,1-4-4,Розробка ґрунту 1 групи вручну в траншеях,100 м3,True
Д.2.2,1,Земляні роботи,ДСТУ Б Д.2.2-1:2012,4,Розробка ґрунту вручну,1-4-5,Розробка ґрунту 2 групи вручну в траншеях,100 м3,True
Д.2.2,1,Земляні роботи,ДСТУ Б Д.2.2-1:2012,4,Розробка ґрунту вручну,1-4-6,Зачищення дна і укосів котлованів і траншей,100 м2,True
Д.2.2,1,Земляні роботи,ДСТУ Б Д.2.2-1:2012,5,Зворотне засипання і ущільнення ґрунту,1-5-1,Засипання пазух котлованів ґрунтом з ущільненням вручну,100 м3,True
Д.2.2,1,Земляні роботи,ДСТУ Б Д.2.2-1:2012,5,Зворотне засипання і ущільнення ґрунту,1-5-2,Засипання пазух котлованів бульдозером з ущільненням,100 м3,True
Д.2.2,1,Земляні роботи,ДСТУ Б Д.2.2-1:2012,5,Зворотне засипання і ущільнення ґрунту,1-5-3,Ущільнення ґрунту пневмотрамбівками,100 м3,True
Д.2.2,1,Земляні роботи,ДСТУ Б Д.2.2-1:2012,5,Зворотне засипання і ущільнення ґрунту,1-5-4,Ущільнення ґрунту катками,1000 м3,True
Д.2.2,1,Земляні роботи,ДСТУ Б Д.2.2-1:2012,6,Перевезення ґрунту,1-6-1,Навантаження ґрунту екскаватором у автосамоскиди,1000 м3,True
Д.2.2,1,Земляні роботи,ДСТУ Б Д.2.2-1:2012,6,Перевезення ґрунту,1-6-2,Перевезення ґрунту автосамоскидами до 1 км,1000 м3,True
Д.2.2,1,Земляні роботи,ДСТУ Б Д.2.2-1:2012,6,Перевезення ґрунту,1-6-3,Додавати на кожний наступний 1 км перевезення,1000 м3,True
Д.2.2,2,Гірничорозкривні роботи,ДСТУ Б Д.2.2-2:2012,1,Розкривні роботи екскаваторами,2-1-1,Розробка розкриву екскаватором з ковшем до 1 м3 у відвал,1000 м3,False
Д.2.2,2,Гірничорозкривні роботи,ДСТУ Б Д.2.2-2:2012,1,Розкривні роботи екскаваторами,2-1-2,"Розробка розкриву екскаватором з ковшем до 2,5 м3 у відвал",1000 м3,False
Д.2.2,2,Гірничорозкривні роботи,ДСТУ Б Д.2.2-2:2012,1,Розкривні роботи екскаваторами,2-1-3,Розробка розкриву з навантаженням у транспорт,1000 м3,False
Д.2.2,2,Гірничорозкривні роботи,ДСТУ Б Д.2.2-2:2012,1,Розкривні роботи екскаваторами,2-1-4,Розробка розкриву драглайном,1000 м3,False
Д.2.2,2,Гірничорозкривні роботи,ДСТУ Б Д.2.2-2:2012,2,Розкривні роботи бульдозерами і скреперами,2-2-1,Розробка і переміщення розкриву бульдозером до 20 м,1000 м3,False
Д.2.2,2,Гірничорозкривні роботи,ДСТУ Б Д.2.2-2:2012,2,Розкривні роботи бульдозерами і скреперами,2-2-2,Розробка і переміщення розкриву бульдозером до 50 м,1000 м3,False
Д.2.2,2,Гірничорозкривні роботи,ДСТУ Б Д.2.2-2:2012,2,Розкривні роботи бульдозерами і скреперами,2-2-3,Розробка розкриву скреперами,1000 м3,False
Д.2.2,2,Гірничорозкривні роботи,ДСТУ Б Д.2.2-2:2012,3,Відвалоутворення і рекультивація,2-3-1,Улаштування породних відвалів,1000 м3,False
Д.2.2,2,Гірничорозкривні роботи,ДСТУ Б Д.2.2-2:2012,3,Відвалоутворення і рекультивація,2-3-2,Планування відвалів,1000 м3,False
Д.2.2,2,Гірничорозкривні роботи,ДСТУ Б Д.2.2-2:2012,3,Відвалоутворення і рекультивація,2-3-3,Нанесення родючого шару при рекультивації,1000 м3,False
Д.2.2,3,Буропідривні роботи,ДСТУ Б Д.2.2-3:2012,1,Бурові роботи,3-1-1,Буріння шпурів у ґрунтах середньої міцності,100 м,False
Д.2.2,3,Буропідривні роботи,ДСТУ Б Д.2.2-3:2012,1,Бурові роботи,3-1-2,Буріння шпурів у скельних породах,100 м,False
Д.2.2,3,Буропідривні роботи,ДСТУ Б Д.2.2-3:2012,1,Бурові роботи,3-1-3,Буріння свердловин для висадження,100 м,False
Д.2.2,3,Буропідривні роботи,ДСТУ Б Д.2.2-3:2012,2,Підривні роботи,3-2-1,Розпушування ґрунтів вибухом на викид,м3,False
Д.2.2,3,Буропідривні роботи,ДСТУ Б Д.2.2-3:2012,2,Підривні роботи,3-2-2,Розпушування скельних порід вибухом,м3,False
Д.2.2,3,Буропідривні роботи,ДСТУ Б Д.2.2-3:2012,2,Підривні роботи,3-2-3,Дроблення негабариту,м3,False
Д.2.2,3,Буропідривні роботи,ДСТУ Б Д.2.2-3:2012,3,Заряджання і маркшейдерський супровід,3-3-1,Заряджання шпурів,компл,False
Д.2.2,3,Буропідривні роботи,ДСТУ Б Д.2.2-3:2012,3,Заряджання і маркшейдерський супровід,3-3-2,Маркшейдерська розбивка буропідривного блоку,компл,False
Д.2.2,4,Свердловини,ДСТУ Б Д.2.2-4:2012,1,Буріння свердловин,4-1-1,Буріння свердловин роторне в м'яких ґрунтах,м,False
Д.2.2,4,Свердловини,ДСТУ Б Д.2.2-4:2012,1,Буріння свердловин,4-1-2,Буріння свердловин роторне в твердих ґрунтах,м,False
Д.2.2,4,Свердловини,ДСТУ Б Д.2.2-4:2012,1,Буріння свердловин,4-1-3,Буріння свердловин ударно-канатне,м,False
Д.2.2,4,Свердловини,ДСТУ Б Д.2.2-4:2012,1,Буріння свердловин,4-1-4,Буріння свердловин колонкове,м,False
Д.2.2,4,Свердловини,ДСТУ Б Д.2.2-4:2012,2,Кріплення і обладнання свердловин,4-2-1,Опускання обсадних труб,м / шт,False
Д.2.2,4,Свердловини,ДСТУ Б Д.2.2-4:2012,2,Кріплення і обладнання свердловин,4-2-2,Цементування затрубного простору,м / шт,False
Д.2.2,4,Свердловини,ДСТУ Б Д.2.2-4:2012,2,Кріплення і обладнання свердловин,4-2-3,Установлення фільтрів,м / шт,False
Д.2.2,4,Свердловини,ДСТУ Б Д.2.2-4:2012,2,Кріплення і обладнання свердловин,4-2-4,Улаштування гирла свердловини,м / шт,False
Д.2.2,4,Свердловини,ДСТУ Б Д.2.2-4:2012,3,Відкачування і випробування,4-3-1,Пробне відкачування,шт,False
Д.2.2,4,Свердловини,ДСТУ Б Д.2.2-4:2012,3,Відкачування і випробування,4-3-2,Дослідне відкачування,шт,False
Д.2.2,4,Свердловини,ДСТУ Б Д.2.2-4:2012,3,Відкачування і випробування,4-3-3,Геофізичні дослідження свердловин,шт,False
Д.2.2,5,Пальові роботи. Опускні колодязі. Закріплення ґрунтів,ДСТУ Б Д.2.2-5:2012,1,Занурення паль,5-1-1,Занурення залізобетонних паль молотами,м3,True
Д.2.2,5,Пальові роботи. Опускні колодязі. Закріплення ґрунтів,ДСТУ Б Д.2.2-5:2012,1,Занурення паль,5-1-2,Занурення залізобетонних паль віброзанурювачами,м3,True
Д.2.2,5,Пальові роботи. Опускні колодязі. Закріплення ґрунтів,ДСТУ Б Д.2.2-5:2012,1,Занурення паль,5-1-3,Улаштування буронабивних паль,м3,True
Д.2.2,5,Пальові роботи. Опускні колодязі. Закріплення ґрунтів,ДСТУ Б Д.2.2-5:2012,2,Ростверки та оголовки,5-2-1,Зрізання голів паль,шт,True
Д.2.2,5,Пальові роботи. Опускні колодязі. Закріплення ґрунтів,ДСТУ Б Д.2.2-5:2012,2,Ростверки та оголовки,5-2-2,Улаштування монолітних ростверків,м3,True
Д.2.2,6,Бетонні та залізобетонні конструкції монолітні,ДСТУ Б Д.2.2-6:2012,1,Улаштування фундаментів бетонних,6-1-1,Улаштування фундаментів бетонних стрічкових,100 м3,True
Д.2.2,6,Бетонні та залізобетонні конструкції монолітні,ДСТУ Б Д.2.2-6:2012,1,Улаштування фундаментів бетонних,6-1-2,Улаштування фундаментів бетонних стовпчастих,100 м3,True
Д.2.2,6,Бетонні та залізобетонні конструкції монолітні,ДСТУ Б Д.2.2-6:2012,1,Улаштування фундаментів бетонних,6-1-3,Улаштування фундаментних плит бетонних,100 м3,True
Д.2.2,6,Бетонні та залізобетонні конструкції монолітні,ДСТУ Б Д.2.2-6:2012,2,Улаштування фундаментів залізобетонних,6-2-1,Улаштування фундаментів залізобетонних стрічкових,100 м3,True
Д.2.2,6,Бетонні та залізобетонні конструкції монолітні,ДСТУ Б Д.2.2-6:2012,2,Улаштування фундаментів залізобетонних,6-2-2,Улаштування фундаментів залізобетонних стовпчастих,100 м3,True
Д.2.2,6,Бетонні та залізобетонні конструкції монолітні,ДСТУ Б Д.2.2-6:2012,2,Улаштування фундаментів залізобетонних,6-2-3,Улаштування фундаментних плит залізобетонних,100 м3,True
Д.2.2,6,Бетонні та залізобетонні конструкції монолітні,ДСТУ Б Д.2.2-6:2012,2,Улаштування фундаментів залізобетонних,6-2-4,Улаштування ростверків залізобетонних,100 м3,True
Д.2.2,6,Бетонні та залізобетонні конструкції монолітні,ДСТУ Б Д.2.2-6:2012,3,Улаштування стін і перегородок,6-3-1,Улаштування стін підвалів залізобетонних,100 м3,True
Д.2.2,6,Бетонні та залізобетонні конструкції монолітні,ДСТУ Б Д.2.2-6:2012,3,Улаштування стін і перегородок,6-3-2,Улаштування стін надземної частини залізобетонних,100 м3,True
Д.2.2,6,Бетонні та залізобетонні конструкції монолітні,ДСТУ Б Д.2.2-6:2012,3,Улаштування стін і перегородок,6-3-3,Улаштування перегородок залізобетонних,100 м3,True
Д.2.2,6,Бетонні та залізобетонні конструкції монолітні,ДСТУ Б Д.2.2-6:2012,4,Улаштування колон,6-4-1,"Улаштування колон прямокутних перерізом до 0,3 м2",100 м3,True
Д.2.2,6,Бетонні та залізобетонні конструкції монолітні,ДСТУ Б Д.2.2-6:2012,4,Улаштування колон,6-4-2,"Улаштування колон прямокутних перерізом понад 0,3 м2",100 м3,True
Д.2.2,6,Бетонні та залізобетонні конструкції монолітні,ДСТУ Б Д.2.2-6:2012,4,Улаштування колон,6-4-3,Улаштування колон круглих,100 м3,True
Д.2.2,6,Бетонні та залізобетонні конструкції монолітні,ДСТУ Б Д.2.2-6:2012,5,Улаштування перекриттів і покриттів,6-5-1,Улаштування перекриттів безбалкових товщиною до 200 мм,100 м3,True
Д.2.2,6,Бетонні та залізобетонні конструкції монолітні,ДСТУ Б Д.2.2-6:2012,5,Улаштування перекриттів і покриттів,6-5-2,Улаштування перекриттів безбалкових товщиною понад 200 мм,100 м3,True
Д.2.2,6,Бетонні та залізобетонні конструкції монолітні,ДСТУ Б Д.2.2-6:2012,5,Улаштування перекриттів і покриттів,6-5-3,Улаштування перекриттів ребристих,100 м3,True
Д.2.2,6,Бетонні та залізобетонні конструкції монолітні,ДСТУ Б Д.2.2-6:2012,5,Улаштування перекриттів і покриттів,6-5-4,Улаштування балок і ригелів,100 м3,True
Д.2.2,6,Бетонні та залізобетонні конструкції монолітні,ДСТУ Б Д.2.2-6:2012,6,Арматурні роботи,6-6-1,Установлення арматури в фундаментах,т,True
Д.2.2,6,Бетонні та залізобетонні конструкції монолітні,ДСТУ Б Д.2.2-6:2012,6,Арматурні роботи,6-6-2,Установлення арматури в стінах і перегородках,т,True
Д.2.2,6,Бетонні та залізобетонні конструкції монолітні,ДСТУ Б Д.2.2-6:2012,6,Арматурні роботи,6-6-3,Установлення арматури в колонах,т,True
Д.2.2,6,Бетонні та залізобетонні конструкції монолітні,ДСТУ Б Д.2.2-6:2012,6,Арматурні роботи,6-6-4,Установлення арматури в перекриттях,т,True
Д.2.2,6,Бетонні та залізобетонні конструкції монолітні,ДСТУ Б Д.2.2-6:2012,6,Арматурні роботи,6-6-5,Установлення арматурних сіток і каркасів,т,True
Д.2.2,6,Бетонні та залізобетонні конструкції монолітні,ДСТУ Б Д.2.2-6:2012,7,Опалубні роботи,6-7-1,Установлення і розбирання опалубки фундаментів,100 м2,True
Д.2.2,6,Бетонні та залізобетонні конструкції монолітні,ДСТУ Б Д.2.2-6:2012,7,Опалубні роботи,6-7-2,Установлення і розбирання опалубки стін,100 м2,True
Д.2.2,6,Бетонні та залізобетонні конструкції монолітні,ДСТУ Б Д.2.2-6:2012,7,Опалубні роботи,6-7-3,Установлення і розбирання опалубки колон,100 м2,True
Д.2.2,6,Бетонні та залізобетонні конструкції монолітні,ДСТУ Б Д.2.2-6:2012,7,Опалубні роботи,6-7-4,Установлення і розбирання опалубки перекриттів,100 м2,True
Д.2.2,6,Бетонні та залізобетонні конструкції монолітні,ДСТУ Б Д.2.2-6:2012,8,"Сходи, площадки, крильця",6-8-1,Улаштування сходових маршів залізобетонних,100 м3,True
Д.2.2,6,Бетонні та залізобетонні конструкції монолітні,ДСТУ Б Д.2.2-6:2012,8,"Сходи, площадки, крильця",6-8-2,Улаштування сходових площадок,100 м3,True
Д.2.2,6,Бетонні та залізобетонні конструкції монолітні,ДСТУ Б Д.2.2-6:2012,8,"Сходи, площадки, крильця",6-8-3,Улаштування крилець,100 м3,True
Д.2.2,7,Бетонні та залізобетонні конструкції збірні,ДСТУ Б Д.2.2-7:2012,1,Монтаж фундаментів і фундаментних блоків,7-1-1,"Укладання блоків фундаментних стінових масою до 0,5 т",100 шт,True
Д.2.2,7,Бетонні та залізобетонні конструкції збірні,ДСТУ Б Д.2.2-7:2012,1,Монтаж фундаментів і фундаментних блоків,7-1-2,"Укладання блоків фундаментних стінових масою до 1,0 т",100 шт,True
Д.2.2,7,Бетонні та залізобетонні конструкції збірні,ДСТУ Б Д.2.2-7:2012,1,Монтаж фундаментів і фундаментних блоків,7-1-3,"Укладання блоків фундаментних стінових масою до 1,5 т",100 шт,True
Д.2.2,7,Бетонні та залізобетонні конструкції збірні,ДСТУ Б Д.2.2-7:2012,1,Монтаж фундаментів і фундаментних блоків,7-1-4,Укладання подушок фундаментних,100 шт,True
Д.2.2,7,Бетонні та залізобетонні конструкції збірні,ДСТУ Б Д.2.2-7:2012,2,Монтаж колон і ригелів,7-2-1,Установлення колон одноповерхових масою до 2 т,шт,True
Д.2.2,7,Бетонні та залізобетонні конструкції збірні,ДСТУ Б Д.2.2-7:2012,2,Монтаж колон і ригелів,7-2-2,Установлення колон багатоповерхових масою до 4 т,шт,True
Д.2.2,7,Бетонні та залізобетонні конструкції збірні,ДСТУ Б Д.2.2-7:2012,2,Монтаж колон і ригелів,7-2-3,Укладання ригелів масою до 3 т,шт,True
Д.2.2,7,Бетонні та залізобетонні конструкції збірні,ДСТУ Б Д.2.2-7:2012,3,Монтаж плит перекриттів і покриттів,7-3-1,Укладання плит перекриттів багатопустотних,100 м2,True
Д.2.2,7,Бетонні та залізобетонні конструкції збірні,ДСТУ Б Д.2.2-7:2012,3,Монтаж плит перекриттів і покриттів,7-3-2,Укладання плит покриттів ребристих,100 м2,True
Д.2.2,7,Бетонні та залізобетонні конструкції збірні,ДСТУ Б Д.2.2-7:2012,3,Монтаж плит перекриттів і покриттів,7-3-3,Замонолічування стиків плит перекриттів,100 м,True
Д.2.2,7,Бетонні та залізобетонні конструкції збірні,ДСТУ Б Д.2.2-7:2012,4,Монтаж стінових панелей і перегородок,7-4-1,Установлення панелей стінових зовнішніх,100 м2,True
Д.2.2,7,Бетонні та залізобетонні конструкції збірні,ДСТУ Б Д.2.2-7:2012,4,Монтаж стінових панелей і перегородок,7-4-2,Установлення панелей стінових внутрішніх,100 м2,True
Д.2.2,7,Бетонні та залізобетонні конструкції збірні,ДСТУ Б Д.2.2-7:2012,4,Монтаж стінових панелей і перегородок,7-4-3,Установлення панелей перегородок,100 м2,True
Д.2.2,7,Бетонні та залізобетонні конструкції збірні,ДСТУ Б Д.2.2-7:2012,5,Монтаж сходових маршів і площадок,7-5-1,Установлення сходових маршів,шт,True
Д.2.2,7,Бетонні та залізобетонні конструкції збірні,ДСТУ Б Д.2.2-7:2012,5,Монтаж сходових маршів і площадок,7-5-2,Установлення сходових площадок,шт,True
Д.2.2,7,Бетонні та залізобетонні конструкції збірні,ДСТУ Б Д.2.2-7:2012,5,Монтаж сходових маршів і площадок,7-5-3,Установлення елементів огородження сходів,м,True
Д.2.2,7,Бетонні та залізобетонні конструкції збірні,ДСТУ Б Д.2.2-7:2012,6,Монтаж санітарно-технічних кабін і шахт,7-6-1,Установлення санітарно-технічних кабін,шт,True
Д.2.2,7,Бетонні та залізобетонні конструкції збірні,ДСТУ Б Д.2.2-7:2012,6,Монтаж санітарно-технічних кабін і шахт,7-6-2,Установлення вентиляційних блоків,шт,True
Д.2.2,7,Бетонні та залізобетонні конструкції збірні,ДСТУ Б Д.2.2-7:2012,6,Монтаж санітарно-технічних кабін і шахт,7-6-3,Установлення ліфтових шахт збірних,шт,True
Д.2.2,8,Конструкції з цегли та блоків,ДСТУ Б Д.2.2-8:2016,1,"Улаштування фундаментів, мурування стін із бутового каменю",8-1-1,Улаштування фундаментів із бутового каменю під лопату,м3,True
Д.2.2,8,Конструкції з цегли та блоків,ДСТУ Б Д.2.2-8:2016,1,"Улаштування фундаментів, мурування стін із бутового каменю",8-1-2,Улаштування фундаментів із бутового каменю під скобу,м3,True
Д.2.2,8,Конструкції з цегли та блоків,ДСТУ Б Д.2.2-8:2016,1,"Улаштування фундаментів, мурування стін із бутового каменю",8-1-3,Мурування стін із бутового каменю під лопату,м3,True
Д.2.2,8,Конструкції з цегли та блоків,ДСТУ Б Д.2.2-8:2016,1,"Улаштування фундаментів, мурування стін із бутового каменю",8-1-4,Мурування стін із бутового каменю під скобу,м3,True
Д.2.2,8,Конструкції з цегли та блоків,ДСТУ Б Д.2.2-8:2016,2,Улаштування основи під фундаменти,8-2-1,Улаштування піщаної основи під фундаменти,м3,True
Д.2.2,8,Конструкції з цегли та блоків,ДСТУ Б Д.2.2-8:2016,2,Улаштування основи під фундаменти,8-2-2,Улаштування щебеневої основи під фундаменти,м3,True
Д.2.2,8,Конструкції з цегли та блоків,ДСТУ Б Д.2.2-8:2016,3,"Гідроізоляція стін, фундаментів",8-3-1,Горизонтальна ізоляція цементним розчином,100 м2,True
Д.2.2,8,Конструкції з цегли та блоків,ДСТУ Б Д.2.2-8:2016,3,"Гідроізоляція стін, фундаментів",8-3-2,Горизонтальна ізоляція рулонними матеріалами в 1 шар,100 м2,True
Д.2.2,8,Конструкції з цегли та блоків,ДСТУ Б Д.2.2-8:2016,3,"Гідроізоляція стін, фундаментів",8-3-3,Горизонтальна ізоляція рулонними матеріалами в 2 шари,100 м2,True
Д.2.2,8,Конструкції з цегли та блоків,ДСТУ Б Д.2.2-8:2016,3,"Гідроізоляція стін, фундаментів",8-3-4,Бокова обмазувальна ізоляція бітумною мастикою,100 м2,True
Д.2.2,8,Конструкції з цегли та блоків,ДСТУ Б Д.2.2-8:2016,3,"Гідроізоляція стін, фундаментів",8-3-5,Бокова обклеювальна ізоляція рулонними матеріалами,100 м2,True
Д.2.2,8,Конструкції з цегли та блоків,ДСТУ Б Д.2.2-8:2016,3,"Гідроізоляція стін, фундаментів",8-3-6,Бокова обклеювальна ізоляція в 2 шари,100 м2,True
Д.2.2,8,Конструкції з цегли та блоків,ДСТУ Б Д.2.2-8:2016,5,Мурування стін із цегли,8-5-1,"Мурування зовнішніх простих стін із цегли керамічної, висота поверху до 4 м",м3,True
Д.2.2,8,Конструкції з цегли та блоків,ДСТУ Б Д.2.2-8:2016,5,Мурування стін із цегли,8-5-2,Мурування зовнішніх стін середньої складності із цегли керамічної,м3,True
Д.2.2,8,Конструкції з цегли та блоків,ДСТУ Б Д.2.2-8:2016,5,Мурування стін із цегли,8-5-3,Мурування зовнішніх складних стін із цегли керамічної,м3,True
Д.2.2,8,Конструкції з цегли та блоків,ДСТУ Б Д.2.2-8:2016,5,Мурування стін із цегли,8-5-4,Мурування внутрішніх стін із цегли керамічної,м3,True
Д.2.2,8,Конструкції з цегли та блоків,ДСТУ Б Д.2.2-8:2016,5,Мурування стін із цегли,8-5-5,Мурування зовнішніх простих стін із цегли силікатної,м3,True
Д.2.2,8,Конструкції з цегли та блоків,ДСТУ Б Д.2.2-8:2016,5,Мурування стін із цегли,8-5-6,Мурування внутрішніх стін із цегли силікатної,м3,True
Д.2.2,8,Конструкції з цегли та блоків,ДСТУ Б Д.2.2-8:2016,5,Мурування стін із цегли,8-5-7,Мурування стін із цегли при висоті поверху понад 4 м,м3,True
Д.2.2,8,Конструкції з цегли та блоків,ДСТУ Б Д.2.2-8:2016,5,Мурування стін із цегли,8-5-8,Мурування стін криволінійних у плані,м3,True
Д.2.2,8,Конструкції з цегли та блоків,ДСТУ Б Д.2.2-8:2016,6,Мурування перегородок із цегли,8-6-1,Мурування перегородок товщиною 1/2 цегли неармованих,100 м2,True
Д.2.2,8,Конструкції з цегли та блоків,ДСТУ Б Д.2.2-8:2016,6,Мурування перегородок із цегли,8-6-2,Мурування перегородок товщиною 1/2 цегли армованих,100 м2,True
Д.2.2,8,Конструкції з цегли та блоків,ДСТУ Б Д.2.2-8:2016,6,Мурування перегородок із цегли,8-6-3,Мурування перегородок товщиною 1 цеглу,100 м2,True
Д.2.2,8,Конструкції з цегли та блоків,ДСТУ Б Д.2.2-8:2016,7,Мурування конструкцій із цегли,8-7-1,Мурування стовпів прямокутних,м3,True
Д.2.2,8,Конструкції з цегли та блоків,ДСТУ Б Д.2.2-8:2016,7,Мурування конструкцій із цегли,8-7-2,Мурування стовпів з ускладненнями,м3,True
Д.2.2,8,Конструкції з цегли та блоків,ДСТУ Б Д.2.2-8:2016,7,Мурування конструкцій із цегли,8-7-3,Мурування карнизів і архітектурних деталей,м3,True
Д.2.2,8,Конструкції з цегли та блоків,ДСТУ Б Д.2.2-8:2016,7,Мурування конструкцій із цегли,8-7-4,Мурування каналів і боровів,м3,True
Д.2.2,8,Конструкції з цегли та блоків,ДСТУ Б Д.2.2-8:2016,10,Розшивання швів мурування,8-10-1,Розшивання швів зовнішніх стін,100 м2,True
Д.2.2,8,Конструкції з цегли та блоків,ДСТУ Б Д.2.2-8:2016,10,Розшивання швів мурування,8-10-2,Розшивання швів внутрішніх стін,100 м2,True
Д.2.2,8,Конструкції з цегли та блоків,ДСТУ Б Д.2.2-8:2016,11,Армування мурування стін,8-11-1,"Армування мурування стін, перемичок, простінків",т,True
Д.2.2,8,Конструкції з цегли та блоків,ДСТУ Б Д.2.2-8:2016,11,Армування мурування стін,8-11-2,Кріплення склепінь і установлення металевих ґрат,т,True
Д.2.2,8,Конструкції з цегли та блоків,ДСТУ Б Д.2.2-8:2016,12,Мурування зовнішніх стін із каменів керамічних або силікатних,8-12-1,Мурування зовнішніх простих стін із каменів керамічних,м3,True
Д.2.2,8,Конструкції з цегли та блоків,ДСТУ Б Д.2.2-8:2016,12,Мурування зовнішніх стін із каменів керамічних або силікатних,8-12-2,Мурування зовнішніх стін середньої складності із каменів,м3,True
Д.2.2,8,Конструкції з цегли та блоків,ДСТУ Б Д.2.2-8:2016,12,Мурування зовнішніх стін із каменів керамічних або силікатних,8-12-3,Мурування внутрішніх стін із каменів керамічних,м3,True
Д.2.2,8,Конструкції з цегли та блоків,ДСТУ Б Д.2.2-8:2016,20,Мурування стін із каменів легкобетонних,8-20-1,Мурування зовнішніх стін із легкобетонних каменів,м3,True
Д.2.2,8,Конструкції з цегли та блоків,ДСТУ Б Д.2.2-8:2016,20,Мурування стін із каменів легкобетонних,8-20-2,Мурування внутрішніх стін із легкобетонних каменів,м3,True
Д.2.2,8,Конструкції з цегли та блоків,ДСТУ Б Д.2.2-8:2016,20,Мурування стін із каменів легкобетонних,8-20-3,Заповнення каркасів і фахверків легкобетонними каменями,м3,True
Д.2.2,8,Конструкції з цегли та блоків,ДСТУ Б Д.2.2-8:2016,21,Мурування стін із керамзитобетонних та бетонних пазогребеневих блоків,8-21-1,Мурування стін із керамзитобетонних блоків у монолітно-каркасних будівлях,м3,True
Д.2.2,8,Конструкції з цегли та блоків,ДСТУ Б Д.2.2-8:2016,21,Мурування стін із керамзитобетонних та бетонних пазогребеневих блоків,8-21-2,Мурування стін із бетонних пазогребеневих блоків,м3,True
Д.2.2,8,Конструкції з цегли та блоків,ДСТУ Б Д.2.2-8:2016,22,Мурування стін із газобетонних блоків,8-22-1,Мурування зовнішніх стін із газобетонних блоків на клею,м3,True
Д.2.2,8,Конструкції з цегли та блоків,ДСТУ Б Д.2.2-8:2016,22,Мурування стін із газобетонних блоків,8-22-2,Мурування внутрішніх стін із газобетонних блоків на клею,м3,True
Д.2.2,8,Конструкції з цегли та блоків,ДСТУ Б Д.2.2-8:2016,24,Улаштування перегородок із гіпсових і легкобетонних плит,8-24-1,Улаштування перегородок із гіпсових плит у 1 шар,100 м2,True
Д.2.2,8,Конструкції з цегли та блоків,ДСТУ Б Д.2.2-8:2016,24,Улаштування перегородок із гіпсових і легкобетонних плит,8-24-2,Улаштування перегородок із гіпсових плит у 2 шари,100 м2,True
Д.2.2,8,Конструкції з цегли та блоків,ДСТУ Б Д.2.2-8:2016,24,Улаштування перегородок із гіпсових і легкобетонних плит,8-24-3,Улаштування перегородок із легкобетонних плит,100 м2,True
Д.2.2,8,Конструкції з цегли та блоків,ДСТУ Б Д.2.2-8:2016,25,Улаштування перегородок із газобетонних блоків на клеючій суміші,8-25-1,Улаштування перегородок товщиною 100 мм,100 м2,True
Д.2.2,8,Конструкції з цегли та блоків,ДСТУ Б Д.2.2-8:2016,25,Улаштування перегородок із газобетонних блоків на клеючій суміші,8-25-2,Улаштування перегородок товщиною 150 мм,100 м2,True
Д.2.2,8,Конструкції з цегли та блоків,ДСТУ Б Д.2.2-8:2016,27,Укладання підвіконних залізобетонних плит,8-27-1,"Укладання підвіконних плит шириною до 0,3 м",100 м,True
Д.2.2,8,Конструкції з цегли та блоків,ДСТУ Б Д.2.2-8:2016,27,Укладання підвіконних залізобетонних плит,8-27-2,"Укладання підвіконних плит шириною понад 0,3 м",100 м,True
Д.2.2,8,Конструкції з цегли та блоків,ДСТУ Б Д.2.2-8:2016,28,Улаштування ґанків,8-28-1,Улаштування ґанків із цегли,м2,True
Д.2.2,8,Конструкції з цегли та блоків,ДСТУ Б Д.2.2-8:2016,28,Улаштування ґанків,8-28-2,Улаштування ґанків із бетонних елементів,м2,True
Д.2.2,8,Конструкції з цегли та блоків,ДСТУ Б Д.2.2-8:2016,36,Установлення і розбирання зовнішніх інвентарних риштувань,8-36-1,Установлення і розбирання трубчастих риштувань для мурування,100 м2,True
Д.2.2,8,Конструкції з цегли та блоків,ДСТУ Б Д.2.2-8:2016,36,Установлення і розбирання зовнішніх інвентарних риштувань,8-36-2,Установлення і розбирання трубчастих риштувань для опорядження,100 м2,True
Д.2.2,8,Конструкції з цегли та блоків,ДСТУ Б Д.2.2-8:2016,36,Установлення і розбирання зовнішніх інвентарних риштувань,8-36-3,Установлення і розбирання підвісних риштувань,100 м2,True
Д.2.2,8,Конструкції з цегли та блоків,ДСТУ Б Д.2.2-8:2016,37,Установлення і розбирання внутрішніх інвентарних риштувань,8-37-1,Установлення і розбирання внутрішніх риштувань,100 м2,True
Д.2.2,8,Конструкції з цегли та блоків,ДСТУ Б Д.2.2-8:2016,37,Установлення і розбирання внутрішніх інвентарних риштувань,8-37-2,Додавати на кожні наступні 4 м висоти приміщення,100 м2,True
Д.2.2,9,Металеві конструкції,ДСТУ Б Д.2.2-9:2012,1,Монтаж колон і стійок,9-1-1,Установлення колон суцільних масою до 1 т,т,True
Д.2.2,9,Металеві конструкції,ДСТУ Б Д.2.2-9:2012,1,Монтаж колон і стійок,9-1-2,Установлення колон суцільних масою до 3 т,т,True
Д.2.2,9,Металеві конструкції,ДСТУ Б Д.2.2-9:2012,1,Монтаж колон і стійок,9-1-3,Установлення колон наскрізних,т,True
Д.2.2,9,Металеві конструкції,ДСТУ Б Д.2.2-9:2012,2,"Монтаж балок, ригелів, ферм",9-2-1,Укладання балок і ригелів масою до 1 т,т,True
Д.2.2,9,Металеві конструкції,ДСТУ Б Д.2.2-9:2012,2,"Монтаж балок, ригелів, ферм",9-2-2,Укладання балок і ригелів масою до 3 т,т,True
Д.2.2,9,Металеві конструкції,ДСТУ Б Д.2.2-9:2012,2,"Монтаж балок, ригелів, ферм",9-2-3,Установлення ферм покриття,т,True
Д.2.2,9,Металеві конструкції,ДСТУ Б Д.2.2-9:2012,3,Монтаж зв'язків і прогонів,9-3-1,Установлення зв'язків вертикальних,т,True
Д.2.2,9,Металеві конструкції,ДСТУ Б Д.2.2-9:2012,3,Монтаж зв'язків і прогонів,9-3-2,Установлення зв'язків горизонтальних,т,True
Д.2.2,9,Металеві конструкції,ДСТУ Б Д.2.2-9:2012,3,Монтаж зв'язків і прогонів,9-3-3,Укладання прогонів,т,True
Д.2.2,9,Металеві конструкції,ДСТУ Б Д.2.2-9:2012,4,Огороджувальні конструкції,9-4-1,Улаштування стінових панелей із профнастилу,100 м2,True
Д.2.2,9,Металеві конструкції,ДСТУ Б Д.2.2-9:2012,4,Огороджувальні конструкції,9-4-2,Улаштування покриттів із профнастилу,100 м2,True
Д.2.2,9,Металеві конструкції,ДСТУ Б Д.2.2-9:2012,4,Огороджувальні конструкції,9-4-3,Улаштування огороджень сходів і балконів,100 м,True
Д.2.2,9,Металеві конструкції,ДСТУ Б Д.2.2-9:2012,5,Зварювальні та кріпильні роботи,9-5-1,Зварювання монтажних стиків,т,True
Д.2.2,9,Металеві конструкції,ДСТУ Б Д.2.2-9:2012,5,Зварювальні та кріпильні роботи,9-5-2,Установлення високоміцних болтів,100 шт,True
Д.2.2,9,Металеві конструкції,ДСТУ Б Д.2.2-9:2012,5,Зварювальні та кріпильні роботи,9-5-3,Антикорозійний захист металевих конструкцій,100 м2,True
Д.2.2,10,Дерев'яні конструкції,ДСТУ Б Д.2.2-10:2012,1,Улаштування елементів каркаса,10-1-1,Улаштування стійок і колонок,м3,True
Д.2.2,10,Дерев'яні конструкції,ДСТУ Б Д.2.2-10:2012,1,Улаштування елементів каркаса,10-1-2,Улаштування обв'язок і прогонів,м3,True
Д.2.2,10,Дерев'яні конструкції,ДСТУ Б Д.2.2-10:2012,1,Улаштування елементів каркаса,10-1-3,Улаштування кроквяних ніг,м3,True
Д.2.2,10,Дерев'яні конструкції,ДСТУ Б Д.2.2-10:2012,1,Улаштування елементів каркаса,10-1-4,Улаштування мауерлатів,м3,True
Д.2.2,10,Дерев'яні конструкції,ДСТУ Б Д.2.2-10:2012,2,Улаштування перекриттів і настилів,10-2-1,Улаштування балок перекриттів,м3,True
Д.2.2,10,Дерев'яні конструкції,ДСТУ Б Д.2.2-10:2012,2,Улаштування перекриттів і настилів,10-2-2,Улаштування настилів суцільних,100 м2,True
Д.2.2,10,Дерев'яні конструкції,ДСТУ Б Д.2.2-10:2012,2,Улаштування перекриттів і настилів,10-2-3,Улаштування латання під покрівлю,100 м2,True
Д.2.2,10,Дерев'яні конструкції,ДСТУ Б Д.2.2-10:2012,3,Заповнення прорізів,10-3-1,Установлення віконних блоків дерев'яних,100 м2,True
Д.2.2,10,Дерев'яні конструкції,ДСТУ Б Д.2.2-10:2012,3,Заповнення прорізів,10-3-2,Установлення дверних блоків внутрішніх,100 м2,True
Д.2.2,10,Дерев'яні конструкції,ДСТУ Б Д.2.2-10:2012,3,Заповнення прорізів,10-3-3,Установлення дверних блоків зовнішніх,100 м2,True
Д.2.2,10,Дерев'яні конструкції,ДСТУ Б Д.2.2-10:2012,3,Заповнення прорізів,10-3-4,Установлення підвіконних дощок,100 м,True
Д.2.2,10,Дерев'яні конструкції,ДСТУ Б Д.2.2-10:2012,4,Перегородки та обшивки,10-4-1,Улаштування каркасних перегородок обшитих гіпсокартоном,100 м2,True
Д.2.2,10,Дерев'яні конструкції,ДСТУ Б Д.2.2-10:2012,4,Перегородки та обшивки,10-4-2,Обшивка стін дошкою,100 м2,True
Д.2.2,10,Дерев'яні конструкції,ДСТУ Б Д.2.2-10:2012,4,Перегородки та обшивки,10-4-3,Улаштування підшивки стель,100 м2,True
Д.2.2,11,Підлоги,ДСТУ Б Д.2.2-11:2012,1,Підготовка основ під підлоги,11-1-1,Улаштування підстилаючого шару з бетону,100 м2,True
Д.2.2,11,Підлоги,ДСТУ Б Д.2.2-11:2012,1,Підготовка основ під підлоги,11-1-2,Улаштування стяжки цементної,100 м2,True
Д.2.2,11,Підлоги,ДСТУ Б Д.2.2-11:2012,1,Підготовка основ під підлоги,11-1-3,Улаштування стяжки самовирівнювальної,100 м2,True
Д.2.2,11,Підлоги,ДСТУ Б Д.2.2-11:2012,1,Підготовка основ під підлоги,11-1-4,Гідроізоляція підлоги,100 м2,True
Д.2.2,11,Підлоги,ДСТУ Б Д.2.2-11:2012,2,Підлоги з керамічної плитки,11-2-1,Улаштування підлог із керамічної плитки по готовій стяжці,100 м2,True
Д.2.2,11,Підлоги,ДСТУ Б Д.2.2-11:2012,2,Підлоги з керамічної плитки,11-2-2,Улаштування підлог із керамограніту,100 м2,True
Д.2.2,11,Підлоги,ДСТУ Б Д.2.2-11:2012,2,Підлоги з керамічної плитки,11-2-3,Улаштування плінтусів із керамічної плитки,100 м,True
Д.2.2,11,Підлоги,ДСТУ Б Д.2.2-11:2012,2,Підлоги з керамічної плитки,11-2-4,Улаштування підлог із плитки по діагоналі,100 м2,True
Д.2.2,11,Підлоги,ДСТУ Б Д.2.2-11:2012,2,Підлоги з керамічної плитки,11-2-5,Улаштування підлог у вологих приміщеннях із гідроізоляцією,100 м2,True
Д.2.2,11,Підлоги,ДСТУ Б Д.2.2-11:2012,3,Підлоги з лінолеуму та ПВХ,11-3-1,Улаштування підлог із лінолеуму на клейовій основі,100 м2,True
Д.2.2,11,Підлоги,ДСТУ Б Д.2.2-11:2012,3,Підлоги з лінолеуму та ПВХ,11-3-2,Улаштування підлог із ПВХ-плитки,100 м2,True
Д.2.2,11,Підлоги,ДСТУ Б Д.2.2-11:2012,3,Підлоги з лінолеуму та ПВХ,11-3-3,Улаштування плінтусів полівінілхлоридних,100 м,True
Д.2.2,11,Підлоги,ДСТУ Б Д.2.2-11:2012,4,Підлоги дерев'яні та ламінат,11-4-1,Улаштування підлог дощатих,100 м2,True
Д.2.2,11,Підлоги,ДСТУ Б Д.2.2-11:2012,4,Підлоги дерев'яні та ламінат,11-4-2,Улаштування підлог паркетних,100 м2,True
Д.2.2,11,Підлоги,ДСТУ Б Д.2.2-11:2012,4,Підлоги дерев'яні та ламінат,11-4-3,Улаштування підлог із ламінату,100 м2,True
Д.2.2,11,Підлоги,ДСТУ Б Д.2.2-11:2012,5,Підлоги бетонні та мозаїчні,11-5-1,Улаштування підлог бетонних з залізненням,100 м2,True
Д.2.2,11,Підлоги,ДСТУ Б Д.2.2-11:2012,5,Підлоги бетонні та мозаїчні,11-5-2,Улаштування підлог мозаїчних,100 м2,True
Д.2.2,12,Покрівлі,ДСТУ Б Д.2.2-12:2012,1,Підготовка основи під покрівлю,12-1-1,Улаштування пароізоляції,100 м2,True
Д.2.2,12,Покрівлі,ДСТУ Б Д.2.2-12:2012,1,Підготовка основи під покрівлю,12-1-2,Улаштування утеплювача з плитних матеріалів,100 м2,True
Д.2.2,12,Покрівлі,ДСТУ Б Д.2.2-12:2012,1,Підготовка основи під покрівлю,12-1-3,Улаштування стяжки під покрівлю,100 м2,True
Д.2.2,12,Покрівлі,ДСТУ Б Д.2.2-12:2012,2,Покрівлі рулонні,12-2-1,Улаштування покрівлі з наплавлюваних матеріалів у 1 шар,100 м2,True
Д.2.2,12,Покрівлі,ДСТУ Б Д.2.2-12:2012,2,Покрівлі рулонні,12-2-2,Улаштування покрівлі з наплавлюваних матеріалів у 2 шари,100 м2,True
Д.2.2,12,Покрівлі,ДСТУ Б Д.2.2-12:2012,2,Покрівлі рулонні,12-2-3,Улаштування примикань рулонної покрівлі,100 м,True
Д.2.2,12,Покрівлі,ДСТУ Б Д.2.2-12:2012,3,Покрівлі з металочерепиці та профнастилу,12-3-1,Улаштування покрівлі з металочерепиці,100 м2,True
Д.2.2,12,Покрівлі,ДСТУ Б Д.2.2-12:2012,3,Покрівлі з металочерепиці та профнастилу,12-3-2,Улаштування покрівлі з профнастилу,100 м2,True
Д.2.2,12,Покрівлі,ДСТУ Б Д.2.2-12:2012,3,Покрівлі з металочерепиці та профнастилу,12-3-3,Улаштування покрівлі з фальцевої сталі,100 м2,True
Д.2.2,12,Покрівлі,ДСТУ Б Д.2.2-12:2012,4,Водостічна система та добірні елементи,12-4-1,Улаштування ринв підвісних,100 м,True
Д.2.2,12,Покрівлі,ДСТУ Б Д.2.2-12:2012,4,Водостічна система та добірні елементи,12-4-2,Улаштування водостічних труб,100 м,True
Д.2.2,12,Покрівлі,ДСТУ Б Д.2.2-12:2012,4,Водостічна система та добірні елементи,12-4-3,Улаштування карнизних і торцевих планок,100 м,True
Д.2.2,13,Захист будівельних конструкцій та устаткування від корозії,ДСТУ Б Д.2.2-13:2012,1,Підготовка поверхонь під захист,13-1-1,Очищення металевих поверхонь механічне,100 м2,False
Д.2.2,13,Захист будівельних конструкцій та устаткування від корозії,ДСТУ Б Д.2.2-13:2012,1,Підготовка поверхонь під захист,13-1-2,Очищення металевих поверхонь піскоструминне,100 м2,False
Д.2.2,13,Захист будівельних конструкцій та устаткування від корозії,ДСТУ Б Д.2.2-13:2012,1,Підготовка поверхонь під захист,13-1-3,Знежирення поверхонь,100 м2,False
Д.2.2,13,Захист будівельних конструкцій та устаткування від корозії,ДСТУ Б Д.2.2-13:2012,2,Антикорозійний захист металевих конструкцій,13-2-1,Фарбування ґрунтовкою антикорозійною,100 м2,False
Д.2.2,13,Захист будівельних конструкцій та устаткування від корозії,ДСТУ Б Д.2.2-13:2012,2,Антикорозійний захист металевих конструкцій,13-2-2,Фарбування емалями в 2 шари,100 м2,False
Д.2.2,13,Захист будівельних конструкцій та устаткування від корозії,ДСТУ Б Д.2.2-13:2012,2,Антикорозійний захист металевих конструкцій,13-2-3,Нанесення цинконаповнених покриттів,100 м2,False
Д.2.2,13,Захист будівельних конструкцій та устаткування від корозії,ДСТУ Б Д.2.2-13:2012,2,Антикорозійний захист металевих конструкцій,13-2-4,Нанесення епоксидних покриттів,100 м2,False
Д.2.2,13,Захист будівельних конструкцій та устаткування від корозії,ДСТУ Б Д.2.2-13:2012,3,Захист будівельних конструкцій,13-3-1,Обмазувальна гідроізоляція конструкцій,100 м2,False
Д.2.2,13,Захист будівельних конструкцій та устаткування від корозії,ДСТУ Б Д.2.2-13:2012,3,Захист будівельних конструкцій,13-3-2,Захист бетонних поверхонь просочувальними складами,100 м2,False
Д.2.2,13,Захист будівельних конструкцій та устаткування від корозії,ДСТУ Б Д.2.2-13:2012,3,Захист будівельних конструкцій,13-3-3,Футерування поверхонь,100 м2,False
Д.2.2,13,Захист будівельних конструкцій та устаткування від корозії,ДСТУ Б Д.2.2-13:2012,4,Захист устаткування,13-4-1,Антикорозійний захист ємностей,м2 / шт,False
Д.2.2,13,Захист будівельних конструкцій та устаткування від корозії,ДСТУ Б Д.2.2-13:2012,4,Захист устаткування,13-4-2,Антикорозійний захист трубопроводів,м2 / шт,False
Д.2.2,14,Конструкції в сільському будівництві,ДСТУ Б Д.2.2-14:2012,1,Конструкції сільськогосподарських будівель,14-1-1,Мурування стін тваринницьких приміщень,м3 / 100 м2,False
Д.2.2,14,Конструкції в сільському будівництві,ДСТУ Б Д.2.2-14:2012,1,Конструкції сільськогосподарських будівель,14-1-2,Улаштування підлог у тваринницьких приміщеннях,м3 / 100 м2,False
Д.2.2,14,Конструкції в сільському будівництві,ДСТУ Б Д.2.2-14:2012,1,Конструкції сільськогосподарських будівель,14-1-3,Улаштування годівниць і навозних каналів,м3 / 100 м2,False
Д.2.2,14,Конструкції в сільському будівництві,ДСТУ Б Д.2.2-14:2012,1,Конструкції сільськогосподарських будівель,14-1-4,Улаштування силосних траншей,м3 / 100 м2,False
Д.2.2,14,Конструкції в сільському будівництві,ДСТУ Б Д.2.2-14:2012,2,Споруди зберігання,14-2-1,Улаштування буртів і бункерів,м3 / шт,False
Д.2.2,14,Конструкції в сільському будівництві,ДСТУ Б Д.2.2-14:2012,2,Споруди зберігання,14-2-2,Улаштування зерносховищ каркасних,м3 / шт,False
Д.2.2,14,Конструкції в сільському будівництві,ДСТУ Б Д.2.2-14:2012,2,Споруди зберігання,14-2-3,Улаштування гноєсховищ,м3 / шт,False
Д.2.2,14,Конструкції в сільському будівництві,ДСТУ Б Д.2.2-14:2012,3,Огорожі та майданчики,14-3-1,Улаштування огорож ферм,100 м / 100 м2,False
Д.2.2,14,Конструкції в сільському будівництві,ДСТУ Б Д.2.2-14:2012,3,Огорожі та майданчики,14-3-2,Улаштування вигульних майданчиків,100 м / 100 м2,False
Д.2.2,15,Оздоблювальні роботи,ДСТУ Б Д.2.2-15:2012,1,Штукатурні роботи внутрішні,15-1-1,Покращене штукатурне опорядження стін цементно-вапняним розчином,100 м2,True
Д.2.2,15,Оздоблювальні роботи,ДСТУ Б Д.2.2-15:2012,1,Штукатурні роботи внутрішні,15-1-2,Високоякісне штукатурне опорядження стін,100 м2,True
Д.2.2,15,Оздоблювальні роботи,ДСТУ Б Д.2.2-15:2012,1,Штукатурні роботи внутрішні,15-1-3,Штукатурне опорядження стель,100 м2,True
Д.2.2,15,Оздоблювальні роботи,ДСТУ Б Д.2.2-15:2012,1,Штукатурні роботи внутрішні,15-1-4,Штукатурне опорядження укосів,100 м,True
Д.2.2,15,Оздоблювальні роботи,ДСТУ Б Д.2.2-15:2012,2,Штукатурні роботи зовнішні,15-2-1,Штукатурне опорядження фасадів,100 м2,True
Д.2.2,15,Оздоблювальні роботи,ДСТУ Б Д.2.2-15:2012,2,Штукатурні роботи зовнішні,15-2-2,Декоративне штукатурне опорядження фасадів,100 м2,True
Д.2.2,15,Оздоблювальні роботи,ДСТУ Б Д.2.2-15:2012,3,Облицювальні роботи,15-3-1,Облицювання стін керамічною плиткою,100 м2,True
Д.2.2,15,Оздоблювальні роботи,ДСТУ Б Д.2.2-15:2012,3,Облицювальні роботи,15-3-2,Облицювання стін керамогранітом,100 м2,True
Д.2.2,15,Оздоблювальні роботи,ДСТУ Б Д.2.2-15:2012,3,Облицювальні роботи,15-3-3,Облицювання стін природним каменем,100 м2,True
Д.2.2,15,Оздоблювальні роботи,ДСТУ Б Д.2.2-15:2012,4,Малярні роботи,15-4-1,Фарбування стін водоемульсійними складами покращене,100 м2,True
Д.2.2,15,Оздоблювальні роботи,ДСТУ Б Д.2.2-15:2012,4,Малярні роботи,15-4-2,Фарбування стін водоемульсійними складами високоякісне,100 м2,True
Д.2.2,15,Оздоблювальні роботи,ДСТУ Б Д.2.2-15:2012,4,Малярні роботи,15-4-3,Фарбування стель водоемульсійними складами,100 м2,True
Д.2.2,15,Оздоблювальні роботи,ДСТУ Б Д.2.2-15:2012,4,Малярні роботи,15-4-4,Фарбування столярних виробів олійними складами,100 м2,True
Д.2.2,15,Оздоблювальні роботи,ДСТУ Б Д.2.2-15:2012,4,Малярні роботи,15-4-5,Фарбування металевих поверхонь,100 м2,True
Д.2.2,15,Оздоблювальні роботи,ДСТУ Б Д.2.2-15:2012,4,Малярні роботи,15-4-6,Фарбування фасадів силікатними складами,100 м2,True
Д.2.2,15,Оздоблювальні роботи,ДСТУ Б Д.2.2-15:2012,4,Малярні роботи,15-4-7,Ґрунтування поверхонь під фарбування,100 м2,True
Д.2.2,15,Оздоблювальні роботи,ДСТУ Б Д.2.2-15:2012,4,Малярні роботи,15-4-8,Шпаклювання суцільне під високоякісне фарбування,100 м2,True
Д.2.2,15,Оздоблювальні роботи,ДСТУ Б Д.2.2-15:2012,5,Шпалерні та склярські роботи,15-5-1,Обклеювання стін шпалерами простими,100 м2,True
Д.2.2,15,Оздоблювальні роботи,ДСТУ Б Д.2.2-15:2012,5,Шпалерні та склярські роботи,15-5-2,Обклеювання стін шпалерами покращеними,100 м2,True
Д.2.2,15,Оздоблювальні роботи,ДСТУ Б Д.2.2-15:2012,5,Шпалерні та склярські роботи,15-5-3,Оскління віконних переплетень,100 м2,True
Д.2.2,15,Оздоблювальні роботи,ДСТУ Б Д.2.2-15:2012,6,Підшивні стелі,15-6-1,Улаштування стель із гіпсокартону по каркасу,100 м2,True
Д.2.2,15,Оздоблювальні роботи,ДСТУ Б Д.2.2-15:2012,6,Підшивні стелі,15-6-2,Улаштування підвісних стель типу Армстронг,100 м2,True
Д.2.2,15,Оздоблювальні роботи,ДСТУ Б Д.2.2-15:2012,6,Підшивні стелі,15-6-3,Улаштування натяжних стель,100 м2,True
Д.2.2,16,Трубопроводи внутрішні,ДСТУ Б Д.2.2-16:2012,1,Прокладання сталевих трубопроводів,16-1-1,Прокладання труб сталевих діаметром 15 мм,100 м,True
Д.2.2,16,Трубопроводи внутрішні,ДСТУ Б Д.2.2-16:2012,1,Прокладання сталевих трубопроводів,16-1-2,Прокладання труб сталевих діаметром 20 мм,100 м,True
Д.2.2,16,Трубопроводи внутрішні,ДСТУ Б Д.2.2-16:2012,1,Прокладання сталевих трубопроводів,16-1-3,Прокладання труб сталевих діаметром 25 мм,100 м,True
Д.2.2,16,Трубопроводи внутрішні,ДСТУ Б Д.2.2-16:2012,1,Прокладання сталевих трубопроводів,16-1-4,Прокладання труб сталевих діаметром 32 мм,100 м,True
Д.2.2,16,Трубопроводи внутрішні,ДСТУ Б Д.2.2-16:2012,1,Прокладання сталевих трубопроводів,16-1-5,Прокладання труб сталевих діаметром 40 мм,100 м,True
Д.2.2,16,Трубопроводи внутрішні,ДСТУ Б Д.2.2-16:2012,1,Прокладання сталевих трубопроводів,16-1-6,Прокладання труб сталевих діаметром 50 мм,100 м,True
Д.2.2,16,Трубопроводи внутрішні,ДСТУ Б Д.2.2-16:2012,2,Прокладання полімерних трубопроводів,16-2-1,Прокладання труб поліпропіленових діаметром 20 мм,100 м,True
Д.2.2,16,Трубопроводи внутрішні,ДСТУ Б Д.2.2-16:2012,2,Прокладання полімерних трубопроводів,16-2-2,Прокладання труб поліпропіленових діаметром 25 мм,100 м,True
Д.2.2,16,Трубопроводи внутрішні,ДСТУ Б Д.2.2-16:2012,2,Прокладання полімерних трубопроводів,16-2-3,Прокладання труб поліпропіленових діаметром 32 мм,100 м,True
Д.2.2,16,Трубопроводи внутрішні,ДСТУ Б Д.2.2-16:2012,2,Прокладання полімерних трубопроводів,16-2-4,Прокладання труб металопластикових діаметром 16-20 мм,100 м,True
Д.2.2,16,Трубопроводи внутрішні,ДСТУ Б Д.2.2-16:2012,3,Арматура та випробування,16-3-1,Установлення вентилів і кранів діаметром до 25 мм,шт,True
Д.2.2,16,Трубопроводи внутрішні,ДСТУ Б Д.2.2-16:2012,3,Арматура та випробування,16-3-2,Установлення вентилів і кранів діаметром до 50 мм,шт,True
Д.2.2,16,Трубопроводи внутрішні,ДСТУ Б Д.2.2-16:2012,3,Арматура та випробування,16-3-3,Гідравлічне випробування трубопроводів,100 м,True
Д.2.2,17,Водопровід і каналізація – внутрішнє обладнання,ДСТУ Б Д.2.2-17:2012,1,Установлення санітарних приладів,17-1-1,Установлення умивальників,шт,True
Д.2.2,17,Водопровід і каналізація – внутрішнє обладнання,ДСТУ Б Д.2.2-17:2012,1,Установлення санітарних приладів,17-1-2,Установлення мийок,шт,True
Д.2.2,17,Водопровід і каналізація – внутрішнє обладнання,ДСТУ Б Д.2.2-17:2012,1,Установлення санітарних приладів,17-1-3,Установлення унітазів,шт,True
Д.2.2,17,Водопровід і каналізація – внутрішнє обладнання,ДСТУ Б Д.2.2-17:2012,1,Установлення санітарних приладів,17-1-4,Установлення ванн,шт,True
Д.2.2,17,Водопровід і каналізація – внутрішнє обладнання,ДСТУ Б Д.2.2-17:2012,1,Установлення санітарних приладів,17-1-5,Установлення душових піддонів,шт,True
Д.2.2,17,Водопровід і каналізація – внутрішнє обладнання,ДСТУ Б Д.2.2-17:2012,1,Установлення санітарних приладів,17-1-6,Установлення змішувачів,шт,True
Д.2.2,17,Водопровід і каналізація – внутрішнє обладнання,ДСТУ Б Д.2.2-17:2012,1,Установлення санітарних приладів,17-1-7,Установлення пісуарів,шт,True
Д.2.2,17,Водопровід і каналізація – внутрішнє обладнання,ДСТУ Б Д.2.2-17:2012,1,Установлення санітарних приладів,17-1-8,Установлення біде,шт,True
Д.2.2,17,Водопровід і каналізація – внутрішнє обладнання,ДСТУ Б Д.2.2-17:2012,1,Установлення санітарних приладів,17-1-9,Установлення трапів підлогових,шт,True
Д.2.2,17,Водопровід і каналізація – внутрішнє обладнання,ДСТУ Б Д.2.2-17:2012,2,Каналізаційні трубопроводи,17-2-1,Прокладання труб каналізаційних чавунних діаметром 50 мм,100 м,True
Д.2.2,17,Водопровід і каналізація – внутрішнє обладнання,ДСТУ Б Д.2.2-17:2012,2,Каналізаційні трубопроводи,17-2-2,Прокладання труб каналізаційних чавунних діаметром 100 мм,100 м,True
Д.2.2,17,Водопровід і каналізація – внутрішнє обладнання,ДСТУ Б Д.2.2-17:2012,2,Каналізаційні трубопроводи,17-2-3,Прокладання труб каналізаційних ПВХ діаметром 50 мм,100 м,True
Д.2.2,17,Водопровід і каналізація – внутрішнє обладнання,ДСТУ Б Д.2.2-17:2012,2,Каналізаційні трубопроводи,17-2-4,Прокладання труб каналізаційних ПВХ діаметром 110 мм,100 м,True
Д.2.2,17,Водопровід і каналізація – внутрішнє обладнання,ДСТУ Б Д.2.2-17:2012,3,Водопровідне обладнання,17-3-1,Установлення водолічильників,шт,True
Д.2.2,17,Водопровід і каналізація – внутрішнє обладнання,ДСТУ Б Д.2.2-17:2012,3,Водопровідне обладнання,17-3-2,Установлення насосів підвищення тиску,шт,True
Д.2.2,17,Водопровід і каналізація – внутрішнє обладнання,ДСТУ Б Д.2.2-17:2012,3,Водопровідне обладнання,17-3-3,Установлення водонагрівачів ємнісних,шт,True
Д.2.2,18,Опалення – внутрішнє обладнання,ДСТУ Б Д.2.2-18:2012,1,Установлення опалювальних приладів,18-1-1,Установлення радіаторів секційних,кВт,True
Д.2.2,18,Опалення – внутрішнє обладнання,ДСТУ Б Д.2.2-18:2012,1,Установлення опалювальних приладів,18-1-2,Установлення радіаторів панельних,шт,True
Д.2.2,18,Опалення – внутрішнє обладнання,ДСТУ Б Д.2.2-18:2012,1,Установлення опалювальних приладів,18-1-3,Установлення конвекторів,шт,True
Д.2.2,18,Опалення – внутрішнє обладнання,ДСТУ Б Д.2.2-18:2012,1,Установлення опалювальних приладів,18-1-4,Установлення рушникосушарок,шт,True
Д.2.2,18,Опалення – внутрішнє обладнання,ДСТУ Б Д.2.2-18:2012,2,Котельне обладнання,18-2-1,Установлення котлів опалювальних настінних,шт,True
Д.2.2,18,Опалення – внутрішнє обладнання,ДСТУ Б Д.2.2-18:2012,2,Котельне обладнання,18-2-2,Установлення котлів опалювальних підлогових,шт,True
Д.2.2,18,Опалення – внутрішнє обладнання,ДСТУ Б Д.2.2-18:2012,2,Котельне обладнання,18-2-3,Установлення розширювальних баків,шт,True
Д.2.2,18,Опалення – внутрішнє обладнання,ДСТУ Б Д.2.2-18:2012,2,Котельне обладнання,18-2-4,Установлення циркуляційних насосів,шт,True
Д.2.2,18,Опалення – внутрішнє обладнання,ДСТУ Б Д.2.2-18:2012,3,Трубопроводи системи опалення,18-3-1,Прокладання трубопроводів опалення сталевих,100 м,True
Д.2.2,18,Опалення – внутрішнє обладнання,ДСТУ Б Д.2.2-18:2012,3,Трубопроводи системи опалення,18-3-2,Прокладання трубопроводів опалення полімерних,100 м,True
Д.2.2,18,Опалення – внутрішнє обладнання,ДСТУ Б Д.2.2-18:2012,3,Трубопроводи системи опалення,18-3-3,Улаштування системи «тепла підлога»,100 м2,True
Д.2.2,19,Газопостачання – внутрішнє обладнання,ДСТУ Б Д.2.2-19:2012,1,Внутрішні газопроводи,19-1-1,Прокладання газопроводів сталевих діаметром до 25 мм,100 м,False
Д.2.2,19,Газопостачання – внутрішнє обладнання,ДСТУ Б Д.2.2-19:2012,1,Внутрішні газопроводи,19-1-2,Прокладання газопроводів сталевих діаметром до 50 мм,100 м,False
Д.2.2,19,Газопостачання – внутрішнє обладнання,ДСТУ Б Д.2.2-19:2012,1,Внутрішні газопроводи,19-1-3,Прокладання газопроводів поліетиленових,100 м,False
Д.2.2,19,Газопостачання – внутрішнє обладнання,ДСТУ Б Д.2.2-19:2012,2,Газове обладнання,19-2-1,Установлення газових плит,шт,False
Д.2.2,19,Газопостачання – внутрішнє обладнання,ДСТУ Б Д.2.2-19:2012,2,Газове обладнання,19-2-2,Установлення газових котлів,шт,False
Д.2.2,19,Газопостачання – внутрішнє обладнання,ДСТУ Б Д.2.2-19:2012,2,Газове обладнання,19-2-3,Установлення лічильників газу,шт,False
Д.2.2,19,Газопостачання – внутрішнє обладнання,ДСТУ Б Д.2.2-19:2012,2,Газове обладнання,19-2-4,Установлення запірної арматури,шт,False
Д.2.2,19,Газопостачання – внутрішнє обладнання,ДСТУ Б Д.2.2-19:2012,3,Випробування і пуск,19-3-1,Опресовування газопроводів,система,False
Д.2.2,19,Газопостачання – внутрішнє обладнання,ДСТУ Б Д.2.2-19:2012,3,Випробування і пуск,19-3-2,Пуск газу і регулювання обладнання,система,False
Д.2.2,20,Вентиляція та кондиціонування повітря,ДСТУ Б Д.2.2-20:2012,1,Повітроводи,20-1-1,"Улаштування повітроводів з оцинкованої сталі товщиною до 0,5 мм",100 м2,True
Д.2.2,20,Вентиляція та кондиціонування повітря,ДСТУ Б Д.2.2-20:2012,1,Повітроводи,20-1-2,"Улаштування повітроводів з оцинкованої сталі товщиною до 0,7 мм",100 м2,True
Д.2.2,20,Вентиляція та кондиціонування повітря,ДСТУ Б Д.2.2-20:2012,1,Повітроводи,20-1-3,Улаштування повітроводів гнучких,100 м,True
Д.2.2,20,Вентиляція та кондиціонування повітря,ДСТУ Б Д.2.2-20:2012,2,Вентиляційне обладнання,20-2-1,Установлення вентиляторів осьових,шт,True
Д.2.2,20,Вентиляція та кондиціонування повітря,ДСТУ Б Д.2.2-20:2012,2,Вентиляційне обладнання,20-2-2,Установлення вентиляторів радіальних,шт,True
Д.2.2,20,Вентиляція та кондиціонування повітря,ДСТУ Б Д.2.2-20:2012,2,Вентиляційне обладнання,20-2-3,Установлення припливно-витяжних установок,шт,True
Д.2.2,20,Вентиляція та кондиціонування повітря,ДСТУ Б Д.2.2-20:2012,2,Вентиляційне обладнання,20-2-4,Установлення решіток і дифузорів,шт,True
Д.2.2,20,Вентиляція та кондиціонування повітря,ДСТУ Б Д.2.2-20:2012,3,Кондиціонування,20-3-1,Установлення спліт-систем побутових,шт,True
Д.2.2,20,Вентиляція та кондиціонування повітря,ДСТУ Б Д.2.2-20:2012,3,Кондиціонування,20-3-2,Установлення мультиспліт-систем,шт,True
Д.2.2,20,Вентиляція та кондиціонування повітря,ДСТУ Б Д.2.2-20:2012,3,Кондиціонування,20-3-3,Установлення канальних кондиціонерів,шт,True
Д.2.2,21,Електроосвітлення будинків,ДСТУ Б Д.2.2-21:2012,1,Прокладання кабелів і проводів,21-1-1,Прокладання кабелів у штробах і трубах,100 м,True
Д.2.2,21,Електроосвітлення будинків,ДСТУ Б Д.2.2-21:2012,1,Прокладання кабелів і проводів,21-1-2,Прокладання кабелів у коробах,100 м,True
Д.2.2,21,Електроосвітлення будинків,ДСТУ Б Д.2.2-21:2012,1,Прокладання кабелів і проводів,21-1-3,Прокладання кабелів відкрито по конструкціях,100 м,True
Д.2.2,21,Електроосвітлення будинків,ДСТУ Б Д.2.2-21:2012,1,Прокладання кабелів і проводів,21-1-4,Прокладання кабелів у землі,100 м,True
Д.2.2,21,Електроосвітлення будинків,ДСТУ Б Д.2.2-21:2012,1,Прокладання кабелів і проводів,21-1-5,Прокладання кабелів у лотках,100 м,True
Д.2.2,21,Електроосвітлення будинків,ДСТУ Б Д.2.2-21:2012,1,Прокладання кабелів і проводів,21-1-6,Прокладання проводів у трубах ПВХ,100 м,True
Д.2.2,21,Електроосвітлення будинків,ДСТУ Б Д.2.2-21:2012,2,Установлення електроустановочних виробів,21-2-1,Установлення вимикачів і перемикачів,100 шт,True
Д.2.2,21,Електроосвітлення будинків,ДСТУ Б Д.2.2-21:2012,2,Установлення електроустановочних виробів,21-2-2,Установлення розеток,100 шт,True
Д.2.2,21,Електроосвітлення будинків,ДСТУ Б Д.2.2-21:2012,2,Установлення електроустановочних виробів,21-2-3,Установлення розподільних коробок,100 шт,True
Д.2.2,21,Електроосвітлення будинків,ДСТУ Б Д.2.2-21:2012,3,Установлення світильників,21-3-1,Установлення світильників настінних і стельових,100 шт,True
Д.2.2,21,Електроосвітлення будинків,ДСТУ Б Д.2.2-21:2012,3,Установлення світильників,21-3-2,Установлення світильників вбудованих,100 шт,True
Д.2.2,21,Електроосвітлення будинків,ДСТУ Б Д.2.2-21:2012,3,Установлення світильників,21-3-3,Установлення світильників зовнішнього освітлення,100 шт,True
Д.2.2,21,Електроосвітлення будинків,ДСТУ Б Д.2.2-21:2012,4,Розподільні щити та облік,21-4-1,Установлення щитів розподільних до 24 модулів,шт,True
Д.2.2,21,Електроосвітлення будинків,ДСТУ Б Д.2.2-21:2012,4,Розподільні щити та облік,21-4-2,Установлення щитів розподільних понад 24 модулі,шт,True
Д.2.2,21,Електроосвітлення будинків,ДСТУ Б Д.2.2-21:2012,4,Розподільні щити та облік,21-4-3,Установлення лічильників електроенергії,шт,True
Д.2.2,21,Електроосвітлення будинків,ДСТУ Б Д.2.2-21:2012,4,Розподільні щити та облік,21-4-4,Улаштування контуру заземлення,шт,True
Д.2.2,22,Водопровід – зовнішні мережі,ДСТУ Б Д.2.2-22:2012,1,Укладання водопровідних труб,22-1-1,Укладання труб поліетиленових діаметром до 110 мм,100 м,True
Д.2.2,22,Водопровід – зовнішні мережі,ДСТУ Б Д.2.2-22:2012,1,Укладання водопровідних труб,22-1-2,Укладання труб поліетиленових діаметром до 160 мм,100 м,True
Д.2.2,22,Водопровід – зовнішні мережі,ДСТУ Б Д.2.2-22:2012,1,Укладання водопровідних труб,22-1-3,Укладання труб чавунних діаметром до 100 мм,100 м,True
Д.2.2,22,Водопровід – зовнішні мережі,ДСТУ Б Д.2.2-22:2012,1,Укладання водопровідних труб,22-1-4,Укладання труб сталевих діаметром до 100 мм,100 м,True
Д.2.2,22,Водопровід – зовнішні мережі,ДСТУ Б Д.2.2-22:2012,2,Колодязі та арматура,22-2-1,Улаштування колодязів водопровідних із збірних елементів,шт,True
Д.2.2,22,Водопровід – зовнішні мережі,ДСТУ Б Д.2.2-22:2012,2,Колодязі та арматура,22-2-2,Установлення засувок,шт,True
Д.2.2,22,Водопровід – зовнішні мережі,ДСТУ Б Д.2.2-22:2012,2,Колодязі та арматура,22-2-3,Установлення пожежних гідрантів,шт,True
Д.2.2,23,Каналізація – зовнішні мережі,ДСТУ Б Д.2.2-23:2012,1,Укладання каналізаційних труб,23-1-1,Укладання труб ПВХ/ПП діаметром 160 мм,100 м,True
Д.2.2,23,Каналізація – зовнішні мережі,ДСТУ Б Д.2.2-23:2012,1,Укладання каналізаційних труб,23-1-2,Укладання труб ПВХ/ПП діаметром 200 мм,100 м,True
Д.2.2,23,Каналізація – зовнішні мережі,ДСТУ Б Д.2.2-23:2012,1,Укладання каналізаційних труб,23-1-3,Укладання труб залізобетонних діаметром до 400 мм,100 м,True
Д.2.2,23,Каналізація – зовнішні мережі,ДСТУ Б Д.2.2-23:2012,2,Колодязі каналізаційні,23-2-1,Улаштування оглядових колодязів із збірних елементів,шт,True
Д.2.2,23,Каналізація – зовнішні мережі,ДСТУ Б Д.2.2-23:2012,2,Колодязі каналізаційні,23-2-2,Улаштування перепадних колодязів,шт,True
Д.2.2,23,Каналізація – зовнішні мережі,ДСТУ Б Д.2.2-23:2012,2,Колодязі каналізаційні,23-2-3,Улаштування дощоприймачів,шт,True
Д.2.2,24,Теплопостачання та газопроводи – зовнішні мережі,ДСТУ Б Д.2.2-24:2012,1,Зовнішні теплові мережі,24-1-1,Укладання трубопроводів теплових мереж у каналах,100 м,False
Д.2.2,24,Теплопостачання та газопроводи – зовнішні мережі,ДСТУ Б Д.2.2-24:2012,1,Зовнішні теплові мережі,24-1-2,Укладання трубопроводів теплових мереж безканально,100 м,False
Д.2.2,24,Теплопостачання та газопроводи – зовнішні мережі,ДСТУ Б Д.2.2-24:2012,1,Зовнішні теплові мережі,24-1-3,Укладання попередньо ізольованих труб,100 м,False
Д.2.2,24,Теплопостачання та газопроводи – зовнішні мережі,ДСТУ Б Д.2.2-24:2012,2,Зовнішні газопроводи,24-2-1,Укладання газопроводів сталевих підземних,100 м,False
Д.2.2,24,Теплопостачання та газопроводи – зовнішні мережі,ДСТУ Б Д.2.2-24:2012,2,Зовнішні газопроводи,24-2-2,Укладання газопроводів поліетиленових,100 м,False
Д.2.2,24,Теплопостачання та газопроводи – зовнішні мережі,ДСТУ Б Д.2.2-24:2012,2,Зовнішні газопроводи,24-2-3,Улаштування переходів методом проколу,100 м,False
Д.2.2,24,Теплопостачання та газопроводи – зовнішні мережі,ДСТУ Б Д.2.2-24:2012,3,"Камери, опори, випробування",24-3-1,Улаштування теплових камер,шт / 100 м,False
Д.2.2,24,Теплопостачання та газопроводи – зовнішні мережі,ДСТУ Б Д.2.2-24:2012,3,"Камери, опори, випробування",24-3-2,Установлення нерухомих опор,шт / 100 м,False
Д.2.2,24,Теплопостачання та газопроводи – зовнішні мережі,ДСТУ Б Д.2.2-24:2012,3,"Камери, опори, випробування",24-3-3,Гідравлічне випробування теплових мереж,шт / 100 м,False
Д.2.2,24,Теплопостачання та газопроводи – зовнішні мережі,ДСТУ Б Д.2.2-24:2012,3,"Камери, опори, випробування",24-3-4,Пневматичне випробування газопроводів,шт / 100 м,False
Д.2.2,25,Магістральні та промислові трубопроводи газонафтопродуктів,ДСТУ Б Д.2.2-25:2012,1,Магістральні трубопроводи,25-1-1,Укладання магістральних трубопроводів діаметром до 500 мм,км,False
Д.2.2,25,Магістральні та промислові трубопроводи газонафтопродуктів,ДСТУ Б Д.2.2-25:2012,1,Магістральні трубопроводи,25-1-2,Укладання магістральних трубопроводів діаметром понад 500 мм,км,False
Д.2.2,25,Магістральні та промислові трубопроводи газонафтопродуктів,ДСТУ Б Д.2.2-25:2012,1,Магістральні трубопроводи,25-1-3,Зварювання стиків магістральних трубопроводів,км,False
Д.2.2,25,Магістральні та промислові трубопроводи газонафтопродуктів,ДСТУ Б Д.2.2-25:2012,2,Переходи і захист,25-2-1,Улаштування переходів під дорогами,шт / км,False
Д.2.2,25,Магістральні та промислові трубопроводи газонафтопродуктів,ДСТУ Б Д.2.2-25:2012,2,Переходи і захист,25-2-2,Улаштування переходів через водні перешкоди,шт / км,False
Д.2.2,25,Магістральні та промислові трубопроводи газонафтопродуктів,ДСТУ Б Д.2.2-25:2012,2,Переходи і захист,25-2-3,Електрохімічний захист трубопроводів,шт / км,False
Д.2.2,25,Магістральні та промислові трубопроводи газонафтопродуктів,ДСТУ Б Д.2.2-25:2012,3,Випробування,25-3-1,Гідравлічне випробування магістральних трубопроводів,км,False
Д.2.2,25,Магістральні та промислові трубопроводи газонафтопродуктів,ДСТУ Б Д.2.2-25:2012,3,Випробування,25-3-2,Очищення і калібрування трубопроводу,км,False
Д.2.2,26,Теплоізоляційні роботи,ДСТУ Б Д.2.2-26:2012,1,Утеплення огороджувальних конструкцій,26-1-1,Утеплення стін плитним утеплювачем,100 м2,True
Д.2.2,26,Теплоізоляційні роботи,ДСТУ Б Д.2.2-26:2012,1,Утеплення огороджувальних конструкцій,26-1-2,Улаштування системи скріпленої теплоізоляції (ССТІ),100 м2,True
Д.2.2,26,Теплоізоляційні роботи,ДСТУ Б Д.2.2-26:2012,1,Утеплення огороджувальних конструкцій,26-1-3,Утеплення горищних перекриттів,100 м2,True
Д.2.2,26,Теплоізоляційні роботи,ДСТУ Б Д.2.2-26:2012,1,Утеплення огороджувальних конструкцій,26-1-4,Утеплення цоколів,100 м2,True
Д.2.2,26,Теплоізоляційні роботи,ДСТУ Б Д.2.2-26:2012,2,Ізоляція трубопроводів і обладнання,26-2-1,Теплоізоляція трубопроводів діаметром до 50 мм,100 м,True
Д.2.2,26,Теплоізоляційні роботи,ДСТУ Б Д.2.2-26:2012,2,Ізоляція трубопроводів і обладнання,26-2-2,Теплоізоляція трубопроводів діаметром до 100 мм,100 м,True
Д.2.2,26,Теплоізоляційні роботи,ДСТУ Б Д.2.2-26:2012,2,Ізоляція трубопроводів і обладнання,26-2-3,Теплоізоляція обладнання,м2,True
Д.2.2,27,Автомобільні дороги,ДСТУ Б Д.2.2-27:2012,1,Земляне полотно та основи,27-1-1,Улаштування піщаної основи,100 м3,True
Д.2.2,27,Автомобільні дороги,ДСТУ Б Д.2.2-27:2012,1,Земляне полотно та основи,27-1-2,Улаштування щебеневої основи,100 м3,True
Д.2.2,27,Автомобільні дороги,ДСТУ Б Д.2.2-27:2012,1,Земляне полотно та основи,27-1-3,Улаштування основи з відсіву,100 м3,True
Д.2.2,27,Автомобільні дороги,ДСТУ Б Д.2.2-27:2012,2,Покриття,27-2-1,Улаштування покриття з асфальтобетону,1000 м2,True
Д.2.2,27,Автомобільні дороги,ДСТУ Б Д.2.2-27:2012,2,Покриття,27-2-2,Улаштування покриття з бетонної плитки,100 м2,True
Д.2.2,27,Автомобільні дороги,ДСТУ Б Д.2.2-27:2012,2,Покриття,27-2-3,Улаштування покриття з тротуарної плитки,100 м2,True
Д.2.2,27,Автомобільні дороги,ДСТУ Б Д.2.2-27:2012,3,Бордюри та елементи благоустрою проїздів,27-3-1,Установлення бортових каменів,100 м,True
Д.2.2,27,Автомобільні дороги,ДСТУ Б Д.2.2-27:2012,3,Бордюри та елементи благоустрою проїздів,27-3-2,Улаштування водостоків лоткових,100 м,True
Д.2.2,28,Залізниці,ДСТУ Б Д.2.2-28:2012,1,Земляне полотно залізниць,28-1-1,Улаштування насипів,1000 м3,False
Д.2.2,28,Залізниці,ДСТУ Б Д.2.2-28:2012,1,Земляне полотно залізниць,28-1-2,Розробка виїмок,1000 м3,False
Д.2.2,28,Залізниці,ДСТУ Б Д.2.2-28:2012,1,Земляне полотно залізниць,28-1-3,Улаштування кюветів і дренажів,1000 м3,False
Д.2.2,28,Залізниці,ДСТУ Б Д.2.2-28:2012,2,Верхня будова колії,28-2-1,Укладання рейко-шпальної решітки,км,False
Д.2.2,28,Залізниці,ДСТУ Б Д.2.2-28:2012,2,Верхня будова колії,28-2-2,Укладання стрілочних переводів,км,False
Д.2.2,28,Залізниці,ДСТУ Б Д.2.2-28:2012,2,Верхня будова колії,28-2-3,Баластування колії,км,False
Д.2.2,28,Залізниці,ДСТУ Б Д.2.2-28:2012,3,Штучні споруди і зв'язок,28-3-1,Улаштування переїздів,шт / км,False
Д.2.2,28,Залізниці,ДСТУ Б Д.2.2-28:2012,3,Штучні споруди і зв'язок,28-3-2,Установлення сигнальних знаків,шт / км,False
Д.2.2,28,Залізниці,ДСТУ Б Д.2.2-28:2012,3,Штучні споруди і зв'язок,28-3-3,Улаштування кабелів СЦБ,шт / км,False
Д.2.2,29,Тунелі та метрополітени,ДСТУ Б Д.2.2-29:2012,1,Проходка тунелів,29-1-1,Проходка тунелів гірничим способом,м,False
Д.2.2,29,Тунелі та метрополітени,ДСТУ Б Д.2.2-29:2012,1,Проходка тунелів,29-1-2,Проходка тунелів щитовим способом,м,False
Д.2.2,29,Тунелі та метрополітени,ДСТУ Б Д.2.2-29:2012,1,Проходка тунелів,29-1-3,Кріплення виробок тимчасове,м,False
Д.2.2,29,Тунелі та метрополітени,ДСТУ Б Д.2.2-29:2012,2,Опорядження тунелів,29-2-1,Улаштування обделки монолітної,м / м3,False
Д.2.2,29,Тунелі та метрополітени,ДСТУ Б Д.2.2-29:2012,2,Опорядження тунелів,29-2-2,Монтаж збірної обделки,м / м3,False
Д.2.2,29,Тунелі та метрополітени,ДСТУ Б Д.2.2-29:2012,2,Опорядження тунелів,29-2-3,Гідроізоляція тунелів,м / м3,False
Д.2.2,29,Тунелі та метрополітени,ДСТУ Б Д.2.2-29:2012,3,Обслуговуючі процеси метрополітену,29-3-1,Монтаж колійного розвитку,компл,False
Д.2.2,29,Тунелі та метрополітени,ДСТУ Б Д.2.2-29:2012,3,Обслуговуючі процеси метрополітену,29-3-2,Улаштування платформ,компл,False
Д.2.2,29,Тунелі та метрополітени,ДСТУ Б Д.2.2-29:2012,3,Обслуговуючі процеси метрополітену,29-3-3,Монтаж інженерних систем станцій,компл,False
Д.2.2,30,Мости і труби,ДСТУ Б Д.2.2-30:2012,1,Опори і стояни мостів,30-1-1,Улаштування фундаментів опор,м3,False
Д.2.2,30,Мости і труби,ДСТУ Б Д.2.2-30:2012,1,Опори і стояни мостів,30-1-2,Бетонні роботи опор мостів,м3,False
Д.2.2,30,Мости і труби,ДСТУ Б Д.2.2-30:2012,1,Опори і стояни мостів,30-1-3,Облицювання опор,м3,False
Д.2.2,30,Мости і труби,ДСТУ Б Д.2.2-30:2012,2,Прогонові будови,30-2-1,Монтаж металевих прогонових будов,т / м3,False
Д.2.2,30,Мости і труби,ДСТУ Б Д.2.2-30:2012,2,Прогонові будови,30-2-2,Монтаж залізобетонних прогонових будов,т / м3,False
Д.2.2,30,Мости і труби,ДСТУ Б Д.2.2-30:2012,2,Прогонові будови,30-2-3,Улаштування монолітних прогонових будов,т / м3,False
Д.2.2,30,Мости і труби,ДСТУ Б Д.2.2-30:2012,3,Мостове полотно і труби,30-3-1,Улаштування мостового полотна,м2 / м,False
Д.2.2,30,Мости і труби,ДСТУ Б Д.2.2-30:2012,3,Мостове полотно і труби,30-3-2,Улаштування тротуарів і огороджень мостів,м2 / м,False
Д.2.2,30,Мости і труби,ДСТУ Б Д.2.2-30:2012,3,Мостове полотно і труби,30-3-3,Улаштування водопропускних труб,м2 / м,False
Д.2.2,31,Аеродроми,ДСТУ Б Д.2.2-31:2012,1,Земляне полотно аеродромів,31-1-1,Планування льотного поля,1000 м3,False
Д.2.2,31,Аеродроми,ДСТУ Б Д.2.2-31:2012,1,Земляне полотно аеродромів,31-1-2,Улаштування земляного полотна ЗПС,1000 м3,False
Д.2.2,31,Аеродроми,ДСТУ Б Д.2.2-31:2012,1,Земляне полотно аеродромів,31-1-3,Улаштування дренажу аеродрому,1000 м3,False
Д.2.2,31,Аеродроми,ДСТУ Б Д.2.2-31:2012,2,Штучні покриття,31-2-1,Улаштування бетонного покриття ЗПС,1000 м2,False
Д.2.2,31,Аеродроми,ДСТУ Б Д.2.2-31:2012,2,Штучні покриття,31-2-2,Улаштування асфальтобетонного покриття руліжних доріжок,1000 м2,False
Д.2.2,31,Аеродроми,ДСТУ Б Д.2.2-31:2012,2,Штучні покриття,31-2-3,Улаштування перонів,1000 м2,False
Д.2.2,31,Аеродроми,ДСТУ Б Д.2.2-31:2012,3,Аеродромна інфраструктура,31-3-1,Улаштування світлосигнального обладнання,компл,False
Д.2.2,31,Аеродроми,ДСТУ Б Д.2.2-31:2012,3,Аеродромна інфраструктура,31-3-2,Маркування покриттів,компл,False
Д.2.2,32,Трамвайні колії,ДСТУ Б Д.2.2-32:2012,1,Земляне полотно трамвайних колій,32-1-1,Розробка корит під трамвайну колію,100 м,False
Д.2.2,32,Трамвайні колії,ДСТУ Б Д.2.2-32:2012,1,Земляне полотно трамвайних колій,32-1-2,Улаштування баластної призми,100 м,False
Д.2.2,32,Трамвайні колії,ДСТУ Б Д.2.2-32:2012,2,Укладання трамвайних колій,32-2-1,Укладання рейок на дерев'яних шпалах,100 м,False
Д.2.2,32,Трамвайні колії,ДСТУ Б Д.2.2-32:2012,2,Укладання трамвайних колій,32-2-2,Укладання рейок на залізобетонних шпалах,100 м,False
Д.2.2,32,Трамвайні колії,ДСТУ Б Д.2.2-32:2012,2,Укладання трамвайних колій,32-2-3,Укладання стрілочних переводів трамвайних,100 м,False
Д.2.2,32,Трамвайні колії,ДСТУ Б Д.2.2-32:2012,3,Опорядження колії,32-3-1,Заповнення міжрейкової колії,100 м,False
Д.2.2,32,Трамвайні колії,ДСТУ Б Д.2.2-32:2012,3,Опорядження колії,32-3-2,Улаштування покриття міжколії,100 м,False
Д.2.2,33,Лінії електропередачі,ДСТУ Б Д.2.2-33:2012,1,Опори ЛЕП,33-1-1,Установлення залізобетонних опор ЛЕП до 10 кВ,шт,False
Д.2.2,33,Лінії електропередачі,ДСТУ Б Д.2.2-33:2012,1,Опори ЛЕП,33-1-2,Установлення залізобетонних опор ЛЕП 35 кВ,шт,False
Д.2.2,33,Лінії електропередачі,ДСТУ Б Д.2.2-33:2012,1,Опори ЛЕП,33-1-3,Установлення металевих опор ЛЕП,шт,False
Д.2.2,33,Лінії електропередачі,ДСТУ Б Д.2.2-33:2012,1,Опори ЛЕП,33-1-4,Улаштування фундаментів під опори,шт,False
Д.2.2,33,Лінії електропередачі,ДСТУ Б Д.2.2-33:2012,2,Проводи і троси,33-2-1,Підвішування проводів ЛЕП до 10 кВ,км,False
Д.2.2,33,Лінії електропередачі,ДСТУ Б Д.2.2-33:2012,2,Проводи і троси,33-2-2,Підвішування проводів ЛЕП 35 кВ і вище,км,False
Д.2.2,33,Лінії електропередачі,ДСТУ Б Д.2.2-33:2012,2,Проводи і троси,33-2-3,Підвішування грозозахисного троса,км,False
Д.2.2,33,Лінії електропередачі,ДСТУ Б Д.2.2-33:2012,3,Ізолятори і арматура,33-3-1,Установлення ізоляторів,шт / компл,False
Д.2.2,33,Лінії електропередачі,ДСТУ Б Д.2.2-33:2012,3,Ізолятори і арматура,33-3-2,Установлення лінійної арматури,шт / компл,False
Д.2.2,33,Лінії електропередачі,ДСТУ Б Д.2.2-33:2012,3,Ізолятори і арматура,33-3-3,Улаштування заземлення опор,шт / компл,False
Д.2.2,34,"Споруди зв'язку, радіомовлення і телебачення",ДСТУ Б Д.2.2-34:2012,1,Лінійні споруди зв'язку,34-1-1,Прокладання кабелів зв'язку в ґрунті,км,False
Д.2.2,34,"Споруди зв'язку, радіомовлення і телебачення",ДСТУ Б Д.2.2-34:2012,1,Лінійні споруди зв'язку,34-1-2,Прокладання кабелів зв'язку в каналізації,км,False
Д.2.2,34,"Споруди зв'язку, радіомовлення і телебачення",ДСТУ Б Д.2.2-34:2012,1,Лінійні споруди зв'язку,34-1-3,Підвішування кабелів зв'язку на опорах,км,False
Д.2.2,34,"Споруди зв'язку, радіомовлення і телебачення",ДСТУ Б Д.2.2-34:2012,2,Антенно-щоглові споруди,34-2-1,Монтаж щогл і башт,шт,False
Д.2.2,34,"Споруди зв'язку, радіомовлення і телебачення",ДСТУ Б Д.2.2-34:2012,2,Антенно-щоглові споруди,34-2-2,Монтаж антенних пристроїв,шт,False
Д.2.2,34,"Споруди зв'язку, радіомовлення і телебачення",ДСТУ Б Д.2.2-34:2012,2,Антенно-щоглові споруди,34-2-3,Улаштування відтяжок і заземлення,шт,False
Д.2.2,34,"Споруди зв'язку, радіомовлення і телебачення",ДСТУ Б Д.2.2-34:2012,3,Обладнання зв'язку і телебачення,34-3-1,Монтаж станційного обладнання зв'язку,компл,False
Д.2.2,34,"Споруди зв'язку, радіомовлення і телебачення",ДСТУ Б Д.2.2-34:2012,3,Обладнання зв'язку і телебачення,34-3-2,Монтаж обладнання радіомовлення,компл,False
Д.2.2,34,"Споруди зв'язку, радіомовлення і телебачення",ДСТУ Б Д.2.2-34:2012,3,Обладнання зв'язку і телебачення,34-3-3,Монтаж обладнання телебачення,компл,False
Д.2.2,35,Гірничопрохідницькі роботи,ДСТУ Б Д.2.2-35:2012,1,Проходка виробок,35-1-1,Проходка горизонтальних виробок,м3 / м,False
Д.2.2,35,Гірничопрохідницькі роботи,ДСТУ Б Д.2.2-35:2012,1,Проходка виробок,35-1-2,Проходка похилих виробок,м3 / м,False
Д.2.2,35,Гірничопрохідницькі роботи,ДСТУ Б Д.2.2-35:2012,1,Проходка виробок,35-1-3,Проходка вертикальних стволів,м3 / м,False
Д.2.2,35,Гірничопрохідницькі роботи,ДСТУ Б Д.2.2-35:2012,2,Кріплення виробок,35-2-1,Кріплення дерев'яне,м,False
Д.2.2,35,Гірничопрохідницькі роботи,ДСТУ Б Д.2.2-35:2012,2,Кріплення виробок,35-2-2,Кріплення металеве арочне,м,False
Д.2.2,35,Гірничопрохідницькі роботи,ДСТУ Б Д.2.2-35:2012,2,Кріплення виробок,35-2-3,Кріплення анкерне,м,False
Д.2.2,35,Гірничопрохідницькі роботи,ДСТУ Б Д.2.2-35:2012,2,Кріплення виробок,35-2-4,Торкрет-бетонне кріплення,м,False
Д.2.2,35,Гірничопрохідницькі роботи,ДСТУ Б Д.2.2-35:2012,3,Допоміжні гірничі роботи,35-3-1,Водовідлив,компл,False
Д.2.2,35,Гірничопрохідницькі роботи,ДСТУ Б Д.2.2-35:2012,3,Допоміжні гірничі роботи,35-3-2,Вентиляція виробок,компл,False
Д.2.2,35,Гірничопрохідницькі роботи,ДСТУ Б Д.2.2-35:2012,3,Допоміжні гірничі роботи,35-3-3,Транспортування породи,компл,False
Д.2.2,36,Земляні конструкції гідротехнічних споруд,ДСТУ Б Д.2.2-36:2012,1,Земляні конструкції гідротехнічних споруд,36-1-1,Відсипання гребель із ґрунту,1000 м3,False
Д.2.2,36,Земляні конструкції гідротехнічних споруд,ДСТУ Б Д.2.2-36:2012,1,Земляні конструкції гідротехнічних споруд,36-1-2,Улаштування дамб,1000 м3,False
Д.2.2,36,Земляні конструкції гідротехнічних споруд,ДСТУ Б Д.2.2-36:2012,1,Земляні конструкції гідротехнічних споруд,36-1-3,Улаштування каналів у земляному руслі,1000 м3,False
Д.2.2,36,Земляні конструкції гідротехнічних споруд,ДСТУ Б Д.2.2-36:2012,2,Ущільнення і екрани,36-2-1,Пошарове ущільнення насипів,1000 м3 / 1000 м2,False
Д.2.2,36,Земляні конструкції гідротехнічних споруд,ДСТУ Б Д.2.2-36:2012,2,Ущільнення і екрани,36-2-2,Улаштування глиняних екранів,1000 м3 / 1000 м2,False
Д.2.2,36,Земляні конструкції гідротехнічних споруд,ДСТУ Б Д.2.2-36:2012,2,Ущільнення і екрани,36-2-3,Улаштування протифільтраційних завіс,1000 м3 / 1000 м2,False
Д.2.2,36,Земляні конструкції гідротехнічних споруд,ДСТУ Б Д.2.2-36:2012,3,Кріплення укосів,36-3-1,Кріплення укосів каменем,1000 м2,False
Д.2.2,36,Земляні конструкції гідротехнічних споруд,ДСТУ Б Д.2.2-36:2012,3,Кріплення укосів,36-3-2,Кріплення укосів залізобетонними плитами,1000 м2,False
Д.2.2,36,Земляні конструкції гідротехнічних споруд,ДСТУ Б Д.2.2-36:2012,3,Кріплення укосів,36-3-3,Одерновування укосів,1000 м2,False
Д.2.2,37,Бетонні та залізобетонні конструкції гідротехнічних споруд,ДСТУ Б Д.2.2-37:2012,1,Бетонні гідротехнічні конструкції,37-1-1,Улаштування бетонних масивів гребель,100 м3,False
Д.2.2,37,Бетонні та залізобетонні конструкції гідротехнічних споруд,ДСТУ Б Д.2.2-37:2012,1,Бетонні гідротехнічні конструкції,37-1-2,Улаштування залізобетонних стінок набережних,100 м3,False
Д.2.2,37,Бетонні та залізобетонні конструкції гідротехнічних споруд,ДСТУ Б Д.2.2-37:2012,1,Бетонні гідротехнічні конструкції,37-1-3,Улаштування водоскидних споруд,100 м3,False
Д.2.2,37,Бетонні та залізобетонні конструкції гідротехнічних споруд,ДСТУ Б Д.2.2-37:2012,2,Армування і опалубка гідроспоруд,37-2-1,Армування масивних конструкцій,т / 100 м2,False
Д.2.2,37,Бетонні та залізобетонні конструкції гідротехнічних споруд,ДСТУ Б Д.2.2-37:2012,2,Армування і опалубка гідроспоруд,37-2-2,Установлення опалубки гідротехнічної,т / 100 м2,False
Д.2.2,37,Бетонні та залізобетонні конструкції гідротехнічних споруд,ДСТУ Б Д.2.2-37:2012,3,Шви і ущільнення,37-3-1,Улаштування деформаційних швів,100 м,False
Д.2.2,37,Бетонні та залізобетонні конструкції гідротехнічних споруд,ДСТУ Б Д.2.2-37:2012,3,Шви і ущільнення,37-3-2,Улаштування водоупорних шпонок,100 м,False
Д.2.2,38,Кам'яні конструкції гідротехнічних споруд,ДСТУ Б Д.2.2-38:2012,1,Кам'яні гідротехнічні конструкції,38-1-1,Мурування підпірних стінок із каменю,м3,False
Д.2.2,38,Кам'яні конструкції гідротехнічних споруд,ДСТУ Б Д.2.2-38:2012,1,Кам'яні гідротехнічні конструкції,38-1-2,Мурування оголовків водопропускних споруд,м3,False
Д.2.2,38,Кам'яні конструкції гідротехнічних споруд,ДСТУ Б Д.2.2-38:2012,1,Кам'яні гідротехнічні конструкції,38-1-3,Улаштування кам'яних відсипок,м3,False
Д.2.2,38,Кам'яні конструкції гідротехнічних споруд,ДСТУ Б Д.2.2-38:2012,2,Облицювання каменем,38-2-1,Облицювання укосів каменем,100 м2,False
Д.2.2,38,Кам'яні конструкції гідротехнічних споруд,ДСТУ Б Д.2.2-38:2012,2,Облицювання каменем,38-2-2,Облицювання стінок набережних,100 м2,False
Д.2.2,39,Металеві конструкції гідротехнічних споруд,ДСТУ Б Д.2.2-39:2012,1,Металеві конструкції гідроспоруд,39-1-1,Монтаж затворів плоских,т,False
Д.2.2,39,Металеві конструкції гідротехнічних споруд,ДСТУ Б Д.2.2-39:2012,1,Металеві конструкції гідроспоруд,39-1-2,Монтаж затворів сегментних,т,False
Д.2.2,39,Металеві конструкції гідротехнічних споруд,ДСТУ Б Д.2.2-39:2012,1,Металеві конструкції гідроспоруд,39-1-3,Монтаж сміттєзатримувальних решіток,т,False
Д.2.2,39,Металеві конструкції гідротехнічних споруд,ДСТУ Б Д.2.2-39:2012,1,Металеві конструкції гідроспоруд,39-1-4,Монтаж закладних частин,т,False
Д.2.2,39,Металеві конструкції гідротехнічних споруд,ДСТУ Б Д.2.2-39:2012,2,Механізми і підйомники,39-2-1,Монтаж підйомних механізмів затворів,шт / т,False
Д.2.2,39,Металеві конструкції гідротехнічних споруд,ДСТУ Б Д.2.2-39:2012,2,Механізми і підйомники,39-2-2,Монтаж металевих містків і огороджень,шт / т,False
Д.2.2,40,Дерев'яні конструкції гідротехнічних споруд,ДСТУ Б Д.2.2-40:2012,1,Дерев'яні конструкції гідроспоруд,40-1-1,Улаштування дерев'яних шпунтових стінок,м3,False
Д.2.2,40,Дерев'яні конструкції гідротехнічних споруд,ДСТУ Б Д.2.2-40:2012,1,Дерев'яні конструкції гідроспоруд,40-1-2,Улаштування дерев'яних ростверків,м3,False
Д.2.2,40,Дерев'яні конструкції гідротехнічних споруд,ДСТУ Б Д.2.2-40:2012,1,Дерев'яні конструкції гідроспоруд,40-1-3,Улаштування дерев'яних ряжів,м3,False
Д.2.2,40,Дерев'яні конструкції гідротехнічних споруд,ДСТУ Б Д.2.2-40:2012,2,Дерев'яні елементи споруд,40-2-1,Улаштування настилів причалів,м2 / м3,False
Д.2.2,40,Дерев'яні конструкції гідротехнічних споруд,ДСТУ Б Д.2.2-40:2012,2,Дерев'яні елементи споруд,40-2-2,Улаштування відбійних брусів,м2 / м3,False
Д.2.2,41,Гідроізоляційні роботи в гідротехнічних спорудах,ДСТУ Б Д.2.2-41:2012,1,Гідроізоляція гідротехнічних споруд,41-1-1,Обмазувальна гідроізоляція бетонних поверхонь,100 м2,False
Д.2.2,41,Гідроізоляційні роботи в гідротехнічних спорудах,ДСТУ Б Д.2.2-41:2012,1,Гідроізоляція гідротехнічних споруд,41-1-2,Обклеювальна гідроізоляція рулонними матеріалами,100 м2,False
Д.2.2,41,Гідроізоляційні роботи в гідротехнічних спорудах,ДСТУ Б Д.2.2-41:2012,1,Гідроізоляція гідротехнічних споруд,41-1-3,Напилювана гідроізоляція,100 м2,False
Д.2.2,41,Гідроізоляційні роботи в гідротехнічних спорудах,ДСТУ Б Д.2.2-41:2012,2,Спеціальна ізоляція,41-2-1,Улаштування асфальтових екранів,100 м2 / 100 м,False
Д.2.2,41,Гідроізоляційні роботи в гідротехнічних спорудах,ДСТУ Б Д.2.2-41:2012,2,Спеціальна ізоляція,41-2-2,Ін'єкційна гідроізоляція швів,100 м2 / 100 м,False
Д.2.2,41,Гідроізоляційні роботи в гідротехнічних спорудах,ДСТУ Б Д.2.2-41:2012,2,Спеціальна ізоляція,41-2-3,Улаштування дренажних систем споруд,100 м2 / 100 м,False
Д.2.2,42,Берегоукріплювальні роботи,ДСТУ Б Д.2.2-42:2012,1,Берегоукріплення,42-1-1,Кріплення берегів кам'яним накидом,100 м2 / м3,False
Д.2.2,42,Берегоукріплювальні роботи,ДСТУ Б Д.2.2-42:2012,1,Берегоукріплення,42-1-2,Кріплення берегів габіонами,100 м2 / м3,False
Д.2.2,42,Берегоукріплювальні роботи,ДСТУ Б Д.2.2-42:2012,1,Берегоукріплення,42-1-3,Кріплення берегів залізобетонними плитами,100 м2 / м3,False
Д.2.2,42,Берегоукріплювальні роботи,ДСТУ Б Д.2.2-42:2012,1,Берегоукріплення,42-1-4,Улаштування підпірних стінок берегових,100 м2 / м3,False
Д.2.2,42,Берегоукріплювальні роботи,ДСТУ Б Д.2.2-42:2012,2,Хвилеломи і буни,42-2-1,Улаштування хвилеломів,м3 / м,False
Д.2.2,42,Берегоукріплювальні роботи,ДСТУ Б Д.2.2-42:2012,2,Хвилеломи і буни,42-2-2,Улаштування бун,м3 / м,False
Д.2.2,42,Берегоукріплювальні роботи,ДСТУ Б Д.2.2-42:2012,2,Хвилеломи і буни,42-2-3,Улаштування пляжів штучних,м3 / м,False
Д.2.2,43,Судновозні колії стапелів та сліпів,ДСТУ Б Д.2.2-43:2012,1,Судновозні колії,43-1-1,Улаштування рейкових шляхів стапелів,м / шт,False
Д.2.2,43,Судновозні колії стапелів та сліпів,ДСТУ Б Д.2.2-43:2012,1,Судновозні колії,43-1-2,Улаштування рейкових шляхів сліпів,м / шт,False
Д.2.2,43,Судновозні колії стапелів та сліпів,ДСТУ Б Д.2.2-43:2012,1,Судновозні колії,43-1-3,Установлення опорних візків,м / шт,False
Д.2.2,43,Судновозні колії стапелів та сліпів,ДСТУ Б Д.2.2-43:2012,2,Механізми стапелів і сліпів,43-2-1,Монтаж лебідок і тягових пристроїв,шт / т,False
Д.2.2,43,Судновозні колії стапелів та сліпів,ДСТУ Б Д.2.2-43:2012,2,Механізми стапелів і сліпів,43-2-2,Монтаж металоконструкцій елінга,шт / т,False
Д.2.2,44,Підводнобудівельні (водолазні) роботи,ДСТУ Б Д.2.2-44:2012,1,Підводні будівельні роботи,44-1-1,Підводна розробка ґрунту,м3 / м2,False
Д.2.2,44,Підводнобудівельні (водолазні) роботи,ДСТУ Б Д.2.2-44:2012,1,Підводні будівельні роботи,44-1-2,Підводне бетонування,м3 / м2,False
Д.2.2,44,Підводнобудівельні (водолазні) роботи,ДСТУ Б Д.2.2-44:2012,1,Підводні будівельні роботи,44-1-3,Підводне укладання каменю,м3 / м2,False
Д.2.2,44,Підводнобудівельні (водолазні) роботи,ДСТУ Б Д.2.2-44:2012,2,Водолазні роботи,44-2-1,Водолазне обстеження споруд,год / шт,False
Д.2.2,44,Підводнобудівельні (водолазні) роботи,ДСТУ Б Д.2.2-44:2012,2,Водолазні роботи,44-2-2,Підводне зварювання і різання,год / шт,False
Д.2.2,44,Підводнобудівельні (водолазні) роботи,ДСТУ Б Д.2.2-44:2012,2,Водолазні роботи,44-2-3,Підводний монтаж конструкцій,год / шт,False
Д.2.2,45,Промислові печі і труби,ДСТУ Б Д.2.2-45:2012,1,Промислові печі,45-1-1,Мурування промислових печей шамотною цеглою,м3 / т,False
Д.2.2,45,Промислові печі і труби,ДСТУ Б Д.2.2-45:2012,1,Промислові печі,45-1-2,Мурування склепінь печей,м3 / т,False
Д.2.2,45,Промислові печі і труби,ДСТУ Б Д.2.2-45:2012,1,Промислові печі,45-1-3,Улаштування футеровок із вогнетривів,м3 / т,False
Д.2.2,45,Промислові печі і труби,ДСТУ Б Д.2.2-45:2012,2,Димарі,45-2-1,Мурування цегляних димарів,м / м3,False
Д.2.2,45,Промислові печі і труби,ДСТУ Б Д.2.2-45:2012,2,Димарі,45-2-2,Монтаж збірних залізобетонних димарів,м / м3,False
Д.2.2,45,Промислові печі і труби,ДСТУ Б Д.2.2-45:2012,2,Димарі,45-2-3,Монтаж металевих димарів,м / м3,False
Д.2.2,45,Промислові печі і труби,ДСТУ Б Д.2.2-45:2012,3,Допоміжні роботи печей,45-3-1,Установлення закладних деталей печей,компл,False
Д.2.2,45,Промислові печі і труби,ДСТУ Б Д.2.2-45:2012,3,Допоміжні роботи печей,45-3-2,Сушіння і розігрів печей,компл,False
Д.2.2,46,Роботи при реконструкції будівель та споруд,ДСТУ Б Д.2.2-46:2012,1,Розбирання конструкцій,46-1-1,Розбирання фундаментів бетонних,м3,True
Д.2.2,46,Роботи при реконструкції будівель та споруд,ДСТУ Б Д.2.2-46:2012,1,Розбирання конструкцій,46-1-2,Розбирання стін цегляних,м3,True
Д.2.2,46,Роботи при реконструкції будівель та споруд,ДСТУ Б Д.2.2-46:2012,1,Розбирання конструкцій,46-1-3,Розбирання перекриттів,100 м2,True
Д.2.2,46,Роботи при реконструкції будівель та споруд,ДСТУ Б Д.2.2-46:2012,1,Розбирання конструкцій,46-1-4,Розбирання перегородок,100 м2,True
Д.2.2,46,Роботи при реконструкції будівель та споруд,ДСТУ Б Д.2.2-46:2012,2,Посилення конструкцій,46-2-1,Посилення фундаментів,м3,True
Д.2.2,46,Роботи при реконструкції будівель та споруд,ДСТУ Б Д.2.2-46:2012,2,Посилення конструкцій,46-2-2,Посилення стін і простінків,м3,True
Д.2.2,46,Роботи при реконструкції будівель та споруд,ДСТУ Б Д.2.2-46:2012,2,Посилення конструкцій,46-2-3,Посилення перекриттів металевими балками,т,True
Д.2.2,46,Роботи при реконструкції будівель та споруд,ДСТУ Б Д.2.2-46:2012,3,Прорізи в існуючих конструкціях,46-3-1,Пробивання прорізів у цегляних стінах,м2,True
Д.2.2,46,Роботи при реконструкції будівель та споруд,ДСТУ Б Д.2.2-46:2012,3,Прорізи в існуючих конструкціях,46-3-2,Пробивання прорізів у бетонних стінах,м2,True
Д.2.2,46,Роботи при реконструкції будівель та споруд,ДСТУ Б Д.2.2-46:2012,3,Прорізи в існуючих конструкціях,46-3-3,Закладання прорізів,м3,True
Д.2.2,47,Озеленення. Захисні лісонасадження. Багаторічні плодові насадження,ДСТУ Б Д.2.2-47:2012,1,Підготовка території,47-1-1,Планування території під озеленення,100 м2,True
Д.2.2,47,Озеленення. Захисні лісонасадження. Багаторічні плодові насадження,ДСТУ Б Д.2.2-47:2012,1,Підготовка території,47-1-2,Влаштування рослинного ґрунту,100 м2,True
Д.2.2,47,Озеленення. Захисні лісонасадження. Багаторічні плодові насадження,ДСТУ Б Д.2.2-47:2012,2,Посадка рослин,47-2-1,Посадка дерев із грудкою,шт,True
Д.2.2,47,Озеленення. Захисні лісонасадження. Багаторічні плодові насадження,ДСТУ Б Д.2.2-47:2012,2,Посадка рослин,47-2-2,Посадка кущів,шт,True
Д.2.2,47,Озеленення. Захисні лісонасадження. Багаторічні плодові насадження,ДСТУ Б Д.2.2-47:2012,2,Посадка рослин,47-2-3,Улаштування газонів звичайних,100 м2,True
Д.2.2,47,Озеленення. Захисні лісонасадження. Багаторічні плодові насадження,ДСТУ Б Д.2.2-47:2012,2,Посадка рослин,47-2-4,Улаштування квітників,100 м2,True
Д.2.2,47,Озеленення. Захисні лісонасадження. Багаторічні плодові насадження,ДСТУ Б Д.2.2-47:2012,3,Догляд за насадженнями,47-3-1,Полив насаджень,100 м2,True
Д.2.2,47,Озеленення. Захисні лісонасадження. Багаторічні плодові насадження,ДСТУ Б Д.2.2-47:2012,3,Догляд за насадженнями,47-3-2,Підв'язування та формування дерев,шт,True
Д.2.3,1,Металообробне устаткування,ДСТУ Б Д.2.3-1:2012,1,Монтаж металорізальних верстатів,1-1-1,Монтаж токарних верстатів,шт,False
Д.2.3,1,Металообробне устаткування,ДСТУ Б Д.2.3-1:2012,1,Монтаж металорізальних верстатів,1-1-2,Монтаж фрезерних верстатів,шт,False
Д.2.3,1,Металообробне устаткування,ДСТУ Б Д.2.3-1:2012,1,Монтаж металорізальних верстатів,1-1-3,Монтаж свердлильних верстатів,шт,False
Д.2.3,1,Металообробне устаткування,ДСТУ Б Д.2.3-1:2012,1,Монтаж металорізальних верстатів,1-1-4,Монтаж шліфувальних верстатів,шт,False
Д.2.3,1,Металообробне устаткування,ДСТУ Б Д.2.3-1:2012,2,Монтаж ковальсько-пресового устаткування,1-2-1,Монтаж пресів механічних,шт,False
Д.2.3,1,Металообробне устаткування,ДСТУ Б Д.2.3-1:2012,2,Монтаж ковальсько-пресового устаткування,1-2-2,Монтаж пресів гідравлічних,шт,False
Д.2.3,1,Металообробне устаткування,ДСТУ Б Д.2.3-1:2012,2,Монтаж ковальсько-пресового устаткування,1-2-3,Монтаж молотів,шт,False
Д.2.3,1,Металообробне устаткування,ДСТУ Б Д.2.3-1:2012,3,Електрична частина устаткування,1-3-1,Монтаж електрообладнання верстатів,шт,False
Д.2.3,1,Металообробне устаткування,ДСТУ Б Д.2.3-1:2012,3,Електрична частина устаткування,1-3-2,Підключення і налагодження приводів,шт,False
Д.2.3,2,Деревообробне устаткування,ДСТУ Б Д.2.3-2:2012,1,Монтаж деревообробних верстатів,2-1-1,Монтаж круглопилкових верстатів,шт,False
Д.2.3,2,Деревообробне устаткування,ДСТУ Б Д.2.3-2:2012,1,Монтаж деревообробних верстатів,2-1-2,Монтаж фуговальних і рейсмусових верстатів,шт,False
Д.2.3,2,Деревообробне устаткування,ДСТУ Б Д.2.3-2:2012,1,Монтаж деревообробних верстатів,2-1-3,Монтаж фрезерних деревообробних верстатів,шт,False
Д.2.3,2,Деревообробне устаткування,ДСТУ Б Д.2.3-2:2012,1,Монтаж деревообробних верстатів,2-1-4,Монтаж стрічкопилкових верстатів,шт,False
Д.2.3,2,Деревообробне устаткування,ДСТУ Б Д.2.3-2:2012,2,Допоміжне деревообробне устаткування,2-2-1,Монтаж сушильних камер,шт,False
Д.2.3,2,Деревообробне устаткування,ДСТУ Б Д.2.3-2:2012,2,Допоміжне деревообробне устаткування,2-2-2,Монтаж систем аспірації,шт,False
Д.2.3,3,Підйомно-транспортне устаткування,ДСТУ Б Д.2.3-3:2012,1,Монтаж кранів,3-1-1,Монтаж мостових кранів,шт / т,False
Д.2.3,3,Підйомно-транспортне устаткування,ДСТУ Б Д.2.3-3:2012,1,Монтаж кранів,3-1-2,Монтаж козлових кранів,шт / т,False
Д.2.3,3,Підйомно-транспортне устаткування,ДСТУ Б Д.2.3-3:2012,1,Монтаж кранів,3-1-3,Монтаж кран-балок,шт / т,False
Д.2.3,3,Підйомно-транспортне устаткування,ДСТУ Б Д.2.3-3:2012,1,Монтаж кранів,3-1-4,Монтаж консольних кранів,шт / т,False
Д.2.3,3,Підйомно-транспортне устаткування,ДСТУ Б Д.2.3-3:2012,2,Монтаж транспортерів і підйомників,3-2-1,Монтаж стрічкових конвеєрів,м / шт,False
Д.2.3,3,Підйомно-транспортне устаткування,ДСТУ Б Д.2.3-3:2012,2,Монтаж транспортерів і підйомників,3-2-2,Монтаж роликових конвеєрів,м / шт,False
Д.2.3,3,Підйомно-транспортне устаткування,ДСТУ Б Д.2.3-3:2012,2,Монтаж транспортерів і підйомників,3-2-3,Монтаж ліфтів вантажних,м / шт,False
Д.2.3,3,Підйомно-транспортне устаткування,ДСТУ Б Д.2.3-3:2012,2,Монтаж транспортерів і підйомників,3-2-4,Монтаж підйомників,м / шт,False
Д.2.3,4,"Дробильно-розмольне, збагачувальне та агломераційне устаткування",ДСТУ Б Д.2.3-4:2012,1,Монтаж дробильного устаткування,4-1-1,Монтаж щокових дробарок,шт,False
Д.2.3,4,"Дробильно-розмольне, збагачувальне та агломераційне устаткування",ДСТУ Б Д.2.3-4:2012,1,Монтаж дробильного устаткування,4-1-2,Монтаж конусних дробарок,шт,False
Д.2.3,4,"Дробильно-розмольне, збагачувальне та агломераційне устаткування",ДСТУ Б Д.2.3-4:2012,1,Монтаж дробильного устаткування,4-1-3,Монтаж молоткових дробарок,шт,False
Д.2.3,4,"Дробильно-розмольне, збагачувальне та агломераційне устаткування",ДСТУ Б Д.2.3-4:2012,2,Монтаж збагачувального устаткування,4-2-1,Монтаж грохотів,шт,False
Д.2.3,4,"Дробильно-розмольне, збагачувальне та агломераційне устаткування",ДСТУ Б Д.2.3-4:2012,2,Монтаж збагачувального устаткування,4-2-2,Монтаж класифікаторів,шт,False
Д.2.3,4,"Дробильно-розмольне, збагачувальне та агломераційне устаткування",ДСТУ Б Д.2.3-4:2012,2,Монтаж збагачувального устаткування,4-2-3,Монтаж флотаційних машин,шт,False
Д.2.3,5,Вагове устаткування,ДСТУ Б Д.2.3-5:2012,1,Монтаж вагового устаткування,5-1-1,Монтаж ваг платформних,шт,False
Д.2.3,5,Вагове устаткування,ДСТУ Б Д.2.3-5:2012,1,Монтаж вагового устаткування,5-1-2,Монтаж ваг автомобільних,шт,False
Д.2.3,5,Вагове устаткування,ДСТУ Б Д.2.3-5:2012,1,Монтаж вагового устаткування,5-1-3,Монтаж ваг бункерних,шт,False
Д.2.3,5,Вагове устаткування,ДСТУ Б Д.2.3-5:2012,1,Монтаж вагового устаткування,5-1-4,Монтаж дозаторів вагових,шт,False
Д.2.3,6,Теплосилове устаткування,ДСТУ Б Д.2.3-6:2012,1,Монтаж котлів і теплосилового устаткування,6-1-1,Монтаж парових котлів,шт / т,False
Д.2.3,6,Теплосилове устаткування,ДСТУ Б Д.2.3-6:2012,1,Монтаж котлів і теплосилового устаткування,6-1-2,Монтаж водогрійних котлів,шт / т,False
Д.2.3,6,Теплосилове устаткування,ДСТУ Б Д.2.3-6:2012,1,Монтаж котлів і теплосилового устаткування,6-1-3,Монтаж економайзерів і підігрівачів,шт / т,False
Д.2.3,6,Теплосилове устаткування,ДСТУ Б Д.2.3-6:2012,1,Монтаж котлів і теплосилового устаткування,6-1-4,Монтаж деаераторів,шт / т,False
Д.2.3,6,Теплосилове устаткування,ДСТУ Б Д.2.3-6:2012,2,Монтаж турбін і допоміжного обладнання,6-2-1,Монтаж парових турбін,шт,False
Д.2.3,6,Теплосилове устаткування,ДСТУ Б Д.2.3-6:2012,2,Монтаж турбін і допоміжного обладнання,6-2-2,Монтаж редукторів і муфт,шт,False
Д.2.3,6,Теплосилове устаткування,ДСТУ Б Д.2.3-6:2012,2,Монтаж турбін і допоміжного обладнання,6-2-3,Монтаж димососів і дуттєвих вентиляторів,шт,False
Д.2.3,7,"Компресорні машини, насоси та вентилятори",ДСТУ Б Д.2.3-7:2012,1,Монтаж насосів,7-1-1,Монтаж насосів консольних,шт,True
Д.2.3,7,"Компресорні машини, насоси та вентилятори",ДСТУ Б Д.2.3-7:2012,1,Монтаж насосів,7-1-2,Монтаж насосів заглибних,шт,True
Д.2.3,7,"Компресорні машини, насоси та вентилятори",ДСТУ Б Д.2.3-7:2012,1,Монтаж насосів,7-1-3,Монтаж насосних агрегатів,шт,True
Д.2.3,7,"Компресорні машини, насоси та вентилятори",ДСТУ Б Д.2.3-7:2012,2,Монтаж вентиляторів,7-2-1,Монтаж вентиляторів осьових,шт,True
Д.2.3,7,"Компресорні машини, насоси та вентилятори",ДСТУ Б Д.2.3-7:2012,2,Монтаж вентиляторів,7-2-2,Монтаж вентиляторів радіальних,шт,True
Д.2.3,8,Електротехнічні установки,ДСТУ Б Д.2.3-8:2012,1,Монтаж розподільних пристроїв,8-1-1,Монтаж щитів низької напруги,шт,True
Д.2.3,8,Електротехнічні установки,ДСТУ Б Д.2.3-8:2012,1,Монтаж розподільних пристроїв,8-1-2,Монтаж автоматичних вимикачів,шт,True
Д.2.3,8,Електротехнічні установки,ДСТУ Б Д.2.3-8:2012,1,Монтаж розподільних пристроїв,8-1-3,Монтаж ПЗВ,шт,True
Д.2.3,8,Електротехнічні установки,ДСТУ Б Д.2.3-8:2012,2,Монтаж кабельних ліній,8-2-1,Прокладання силових кабелів,100 м,True
Д.2.3,8,Електротехнічні установки,ДСТУ Б Д.2.3-8:2012,2,Монтаж кабельних ліній,8-2-2,Закінчення та з'єднання кабелів,100 м,True
Д.2.3,9,Електричні печі,ДСТУ Б Д.2.3-9:2012,1,Монтаж електричних печей,9-1-1,Монтаж печей опору,шт,False
Д.2.3,9,Електричні печі,ДСТУ Б Д.2.3-9:2012,1,Монтаж електричних печей,9-1-2,Монтаж індукційних печей,шт,False
Д.2.3,9,Електричні печі,ДСТУ Б Д.2.3-9:2012,1,Монтаж електричних печей,9-1-3,Монтаж дугових печей,шт,False
Д.2.3,9,Електричні печі,ДСТУ Б Д.2.3-9:2012,1,Монтаж електричних печей,9-1-4,Монтаж сушильних електричних шаф,шт,False
Д.2.3,10,Устаткування зв'язку,ДСТУ Б Д.2.3-10:2012,1,Монтаж систем зв'язку,10-1-1,Монтаж СКС,компл,True
Д.2.3,10,Устаткування зв'язку,ДСТУ Б Д.2.3-10:2012,1,Монтаж систем зв'язку,10-1-2,Монтаж телефонії,компл,True
Д.2.3,10,Устаткування зв'язку,ДСТУ Б Д.2.3-10:2012,1,Монтаж систем зв'язку,10-1-3,Монтаж домофонів,компл,True
Д.2.3,10,Устаткування зв'язку,ДСТУ Б Д.2.3-10:2012,1,Монтаж систем зв'язку,10-1-4,Монтаж систем оповіщення,компл,True
Д.2.3,10,Устаткування зв'язку,ДСТУ Б Д.2.3-10:2012,1,Монтаж систем зв'язку,10-1-5,Монтаж антенно-фідерних пристроїв,компл,True
Д.2.3,10,Устаткування зв'язку,ДСТУ Б Д.2.3-10:2012,2,Кабельні мережі зв'язку,10-2-1,Прокладання кабелів зв'язку внутрішніх,100 м,True
Д.2.3,10,Устаткування зв'язку,ДСТУ Б Д.2.3-10:2012,2,Кабельні мережі зв'язку,10-2-2,Розробка кабельних закінчень,шт,True
Д.2.3,10,Устаткування зв'язку,ДСТУ Б Д.2.3-10:2012,2,Кабельні мережі зв'язку,10-2-3,Випробування ліній зв'язку,система,True
Д.2.3,11,"Прилади, засоби автоматизації та обчислювальної техніки",ДСТУ Б Д.2.3-11:2012,1,Монтаж приладів і АСК,11-1-1,Монтаж датчиків,шт,True
Д.2.3,11,"Прилади, засоби автоматизації та обчислювальної техніки",ДСТУ Б Д.2.3-11:2012,1,Монтаж приладів і АСК,11-1-2,Монтаж щитів автоматики,шт,True
Д.2.3,11,"Прилади, засоби автоматизації та обчислювальної техніки",ДСТУ Б Д.2.3-11:2012,1,Монтаж приладів і АСК,11-1-3,Монтаж контролерів,шт,True
Д.2.3,11,"Прилади, засоби автоматизації та обчислювальної техніки",ДСТУ Б Д.2.3-11:2012,1,Монтаж приладів і АСК,11-1-4,Монтаж датчиків температури і тиску,шт,True
Д.2.3,11,"Прилади, засоби автоматизації та обчислювальної техніки",ДСТУ Б Д.2.3-11:2012,1,Монтаж приладів і АСК,11-1-5,Монтаж витратомірів,шт,True
Д.2.3,11,"Прилади, засоби автоматизації та обчислювальної техніки",ДСТУ Б Д.2.3-11:2012,1,Монтаж приладів і АСК,11-1-6,Монтаж виконавчих механізмів,шт,True
Д.2.3,11,"Прилади, засоби автоматизації та обчислювальної техніки",ДСТУ Б Д.2.3-11:2012,2,Кабелі та підключення АСК,11-2-1,Прокладання кабелів КВП,100 м,True
Д.2.3,11,"Прилади, засоби автоматизації та обчислювальної техніки",ДСТУ Б Д.2.3-11:2012,2,Кабелі та підключення АСК,11-2-2,Підключення приладів,шт,True
Д.2.3,11,"Прилади, засоби автоматизації та обчислювальної техніки",ДСТУ Б Д.2.3-11:2012,2,Кабелі та підключення АСК,11-2-3,Налагодження контурів регулювання,контур,True
Д.2.3,12,Технологічні трубопроводи,ДСТУ Б Д.2.3-12:2012,1,Монтаж технологічних трубопроводів,12-1-1,Монтаж трубопроводів із вуглецевої сталі,100 м / т,False
Д.2.3,12,Технологічні трубопроводи,ДСТУ Б Д.2.3-12:2012,1,Монтаж технологічних трубопроводів,12-1-2,Монтаж трубопроводів із нержавіючої сталі,100 м / т,False
Д.2.3,12,Технологічні трубопроводи,ДСТУ Б Д.2.3-12:2012,1,Монтаж технологічних трубопроводів,12-1-3,Монтаж трубопроводів із полімерних матеріалів,100 м / т,False
Д.2.3,12,Технологічні трубопроводи,ДСТУ Б Д.2.3-12:2012,1,Монтаж технологічних трубопроводів,12-1-4,Установлення арматури технологічної,100 м / т,False
Д.2.3,12,Технологічні трубопроводи,ДСТУ Б Д.2.3-12:2012,2,Випробування технологічних трубопроводів,12-2-1,Гідравлічне випробування,100 м,False
Д.2.3,12,Технологічні трубопроводи,ДСТУ Б Д.2.3-12:2012,2,Випробування технологічних трубопроводів,12-2-2,Пневматичне випробування,100 м,False
Д.2.3,12,Технологічні трубопроводи,ДСТУ Б Д.2.3-12:2012,2,Випробування технологічних трубопроводів,12-2-3,Промивання і продування трубопроводів,100 м,False
Д.2.3,13,Устаткування атомних електричних станцій,ДСТУ Б Д.2.3-13:2012,1,Монтаж реакторного устаткування АЕС,13-1-1,Монтаж корпусного обладнання,шт / т,False
Д.2.3,13,Устаткування атомних електричних станцій,ДСТУ Б Д.2.3-13:2012,1,Монтаж реакторного устаткування АЕС,13-1-2,Монтаж трубопроводів першого контуру,шт / т,False
Д.2.3,13,Устаткування атомних електричних станцій,ДСТУ Б Д.2.3-13:2012,1,Монтаж реакторного устаткування АЕС,13-1-3,Монтаж систем безпеки,шт / т,False
Д.2.3,13,Устаткування атомних електричних станцій,ДСТУ Б Д.2.3-13:2012,1,Монтаж реакторного устаткування АЕС,13-1-4,Монтаж систем контролю реактора,компл,False
Д.2.3,14,Устаткування прокатних виробництв,ДСТУ Б Д.2.3-14:2012,1,Монтаж прокатного устаткування,14-1-1,Монтаж клітей прокатних станів,шт / т,False
Д.2.3,14,Устаткування прокатних виробництв,ДСТУ Б Д.2.3-14:2012,1,Монтаж прокатного устаткування,14-1-2,Монтаж рольгангів,шт / т,False
Д.2.3,14,Устаткування прокатних виробництв,ДСТУ Б Д.2.3-14:2012,1,Монтаж прокатного устаткування,14-1-3,Монтаж ножиць і пил,шт / т,False
Д.2.3,14,Устаткування прокатних виробництв,ДСТУ Б Д.2.3-14:2012,1,Монтаж прокатного устаткування,14-1-4,Монтаж моталок і розмотувачів,шт,False
Д.2.3,15,Устаткування для очищення газів,ДСТУ Б Д.2.3-15:2012,1,Монтаж газоочисного устаткування,15-1-1,Монтаж електрофільтрів,шт,False
Д.2.3,15,Устаткування для очищення газів,ДСТУ Б Д.2.3-15:2012,1,Монтаж газоочисного устаткування,15-1-2,Монтаж рукавних фільтрів,шт,False
Д.2.3,15,Устаткування для очищення газів,ДСТУ Б Д.2.3-15:2012,1,Монтаж газоочисного устаткування,15-1-3,Монтаж скруберів,шт,False
Д.2.3,15,Устаткування для очищення газів,ДСТУ Б Д.2.3-15:2012,1,Монтаж газоочисного устаткування,15-1-4,Монтаж циклонів,шт,False
Д.2.3,16,Устаткування підприємств чорної металургії,ДСТУ Б Д.2.3-16:2012,1,Монтаж устаткування чорної металургії,16-1-1,Монтаж доменного обладнання,шт / т,False
Д.2.3,16,Устаткування підприємств чорної металургії,ДСТУ Б Д.2.3-16:2012,1,Монтаж устаткування чорної металургії,16-1-2,Монтаж сталеплавильного обладнання,шт / т,False
Д.2.3,16,Устаткування підприємств чорної металургії,ДСТУ Б Д.2.3-16:2012,1,Монтаж устаткування чорної металургії,16-1-3,Монтаж розливних машин,шт / т,False
Д.2.3,16,Устаткування підприємств чорної металургії,ДСТУ Б Д.2.3-16:2012,1,Монтаж устаткування чорної металургії,16-1-4,Монтаж міксерів і ковшів,шт,False
Д.2.3,17,Устаткування підприємств кольорової металургії,ДСТУ Б Д.2.3-17:2012,1,Монтаж устаткування кольорової металургії,17-1-1,Монтаж печей кольорової металургії,шт / т,False
Д.2.3,17,Устаткування підприємств кольорової металургії,ДСТУ Б Д.2.3-17:2012,1,Монтаж устаткування кольорової металургії,17-1-2,Монтаж електролізерів,шт / т,False
Д.2.3,17,Устаткування підприємств кольорової металургії,ДСТУ Б Д.2.3-17:2012,1,Монтаж устаткування кольорової металургії,17-1-3,Монтаж ливарного обладнання,шт / т,False
Д.2.3,17,Устаткування підприємств кольорової металургії,ДСТУ Б Д.2.3-17:2012,1,Монтаж устаткування кольорової металургії,17-1-4,Монтаж систем газоочистки цехів,компл,False
Д.2.3,18,Устаткування підприємств хімічної та нафтопереробної промисловості,ДСТУ Б Д.2.3-18:2012,1,Монтаж хімічного устаткування,18-1-1,Монтаж реакторів і колон,шт / т,False
Д.2.3,18,Устаткування підприємств хімічної та нафтопереробної промисловості,ДСТУ Б Д.2.3-18:2012,1,Монтаж хімічного устаткування,18-1-2,Монтаж теплообмінників,шт / т,False
Д.2.3,18,Устаткування підприємств хімічної та нафтопереробної промисловості,ДСТУ Б Д.2.3-18:2012,1,Монтаж хімічного устаткування,18-1-3,Монтаж ємнісного обладнання,шт / т,False
Д.2.3,18,Устаткування підприємств хімічної та нафтопереробної промисловості,ДСТУ Б Д.2.3-18:2012,1,Монтаж хімічного устаткування,18-1-4,Монтаж насосів і компресорів хімічних,шт / т,False
Д.2.3,19,Устаткування підприємств вугільної та торф'яної промисловості,ДСТУ Б Д.2.3-19:2012,1,Монтаж гірничого устаткування,19-1-1,Монтаж комбайнів прохідницьких,шт,False
Д.2.3,19,Устаткування підприємств вугільної та торф'яної промисловості,ДСТУ Б Д.2.3-19:2012,1,Монтаж гірничого устаткування,19-1-2,Монтаж конвеєрів шахтних,шт,False
Д.2.3,19,Устаткування підприємств вугільної та торф'яної промисловості,ДСТУ Б Д.2.3-19:2012,1,Монтаж гірничого устаткування,19-1-3,Монтаж підйомних машин,шт,False
Д.2.3,19,Устаткування підприємств вугільної та торф'яної промисловості,ДСТУ Б Д.2.3-19:2012,1,Монтаж гірничого устаткування,19-1-4,Монтаж вентиляторів головного провітрювання,шт,False
Д.2.3,20,"Устаткування сигналізації, централізації та блокування на залізничному транспорті",ДСТУ Б Д.2.3-20:2012,1,Монтаж устаткування СЦБ,20-1-1,Монтаж світлофорів,компл / шт,False
Д.2.3,20,"Устаткування сигналізації, централізації та блокування на залізничному транспорті",ДСТУ Б Д.2.3-20:2012,1,Монтаж устаткування СЦБ,20-1-2,Монтаж стрілочних електроприводів,компл / шт,False
Д.2.3,20,"Устаткування сигналізації, централізації та блокування на залізничному транспорті",ДСТУ Б Д.2.3-20:2012,1,Монтаж устаткування СЦБ,20-1-3,Монтаж релейних шаф,компл / шт,False
Д.2.3,20,"Устаткування сигналізації, централізації та блокування на залізничному транспорті",ДСТУ Б Д.2.3-20:2012,1,Монтаж устаткування СЦБ,20-1-4,Монтаж кабельних мереж СЦБ,компл / шт,False
Д.2.3,21,Устаткування метрополітенів і тунелів,ДСТУ Б Д.2.3-21:2012,1,Монтаж устаткування метрополітену,21-1-1,Монтаж ескалаторів,компл,False
Д.2.3,21,Устаткування метрополітенів і тунелів,ДСТУ Б Д.2.3-21:2012,1,Монтаж устаткування метрополітену,21-1-2,Монтаж вентиляційного обладнання станцій,компл,False
Д.2.3,21,Устаткування метрополітенів і тунелів,ДСТУ Б Д.2.3-21:2012,1,Монтаж устаткування метрополітену,21-1-3,Монтаж водопостачання і водовідливу тунелів,компл,False
Д.2.3,21,Устаткування метрополітенів і тунелів,ДСТУ Б Д.2.3-21:2012,1,Монтаж устаткування метрополітену,21-1-4,Монтаж обладнання тягових підстанцій,компл,False
Д.2.3,22,Устаткування гідроелектростанцій і гідротехнічних споруд,ДСТУ Б Д.2.3-22:2012,1,Монтаж устаткування ГЕС,22-1-1,Монтаж гідротурбін,шт / т,False
Д.2.3,22,Устаткування гідроелектростанцій і гідротехнічних споруд,ДСТУ Б Д.2.3-22:2012,1,Монтаж устаткування ГЕС,22-1-2,Монтаж гідрогенераторів,шт / т,False
Д.2.3,22,Устаткування гідроелектростанцій і гідротехнічних споруд,ДСТУ Б Д.2.3-22:2012,1,Монтаж устаткування ГЕС,22-1-3,Монтаж затворного обладнання,шт / т,False
Д.2.3,22,Устаткування гідроелектростанцій і гідротехнічних споруд,ДСТУ Б Д.2.3-22:2012,1,Монтаж устаткування ГЕС,22-1-4,Монтаж систем регулювання турбін,компл,False
Д.2.3,23,Устаткування підприємств електротехнічної промисловості,ДСТУ Б Д.2.3-23:2012,1,Монтаж устаткування електротехнічної промисловості,23-1-1,Монтаж технологічних ліній виробництва кабелів,шт,False
Д.2.3,23,Устаткування підприємств електротехнічної промисловості,ДСТУ Б Д.2.3-23:2012,1,Монтаж устаткування електротехнічної промисловості,23-1-2,Монтаж устаткування виробництва електроапаратів,шт,False
Д.2.3,23,Устаткування підприємств електротехнічної промисловості,ДСТУ Б Д.2.3-23:2012,1,Монтаж устаткування електротехнічної промисловості,23-1-3,Монтаж випробувальних стендів,шт,False
Д.2.3,23,Устаткування підприємств електротехнічної промисловості,ДСТУ Б Д.2.3-23:2012,1,Монтаж устаткування електротехнічної промисловості,23-1-4,Монтаж намотувального обладнання,шт,False
Д.2.3,24,Устаткування підприємств промисловості будівельних матеріалів,ДСТУ Б Д.2.3-24:2012,1,Монтаж устаткування будіндустрії,24-1-1,Монтаж бетонозмішувачів,шт,False
Д.2.3,24,Устаткування підприємств промисловості будівельних матеріалів,ДСТУ Б Д.2.3-24:2012,1,Монтаж устаткування будіндустрії,24-1-2,Монтаж формувальних машин,шт,False
Д.2.3,24,Устаткування підприємств промисловості будівельних матеріалів,ДСТУ Б Д.2.3-24:2012,1,Монтаж устаткування будіндустрії,24-1-3,Монтаж ліній виробництва ЗБВ,шт,False
Д.2.3,24,Устаткування підприємств промисловості будівельних матеріалів,ДСТУ Б Д.2.3-24:2012,1,Монтаж устаткування будіндустрії,24-1-4,Монтаж дробильно-сортувальних комплексів,шт,False
Д.2.3,25,Устаткування підприємств целюлозно-паперової промисловості,ДСТУ Б Д.2.3-25:2012,1,Монтаж целюлозно-паперового устаткування,25-1-1,Монтаж папероробних машин,шт / т,False
Д.2.3,25,Устаткування підприємств целюлозно-паперової промисловості,ДСТУ Б Д.2.3-25:2012,1,Монтаж целюлозно-паперового устаткування,25-1-2,Монтаж варильних котлів,шт / т,False
Д.2.3,25,Устаткування підприємств целюлозно-паперової промисловості,ДСТУ Б Д.2.3-25:2012,1,Монтаж целюлозно-паперового устаткування,25-1-3,Монтаж розмелювального обладнання,шт / т,False
Д.2.3,25,Устаткування підприємств целюлозно-паперової промисловості,ДСТУ Б Д.2.3-25:2012,1,Монтаж целюлозно-паперового устаткування,25-1-4,Монтаж сушильних циліндрів,шт,False
Д.2.3,26,Устаткування підприємств текстильної промисловості,ДСТУ Б Д.2.3-26:2012,1,Монтаж текстильного устаткування,26-1-1,Монтаж прядильних машин,шт,False
Д.2.3,26,Устаткування підприємств текстильної промисловості,ДСТУ Б Д.2.3-26:2012,1,Монтаж текстильного устаткування,26-1-2,Монтаж ткацьких верстатів,шт,False
Д.2.3,26,Устаткування підприємств текстильної промисловості,ДСТУ Б Д.2.3-26:2012,1,Монтаж текстильного устаткування,26-1-3,Монтаж опоряджувального обладнання,шт,False
Д.2.3,26,Устаткування підприємств текстильної промисловості,ДСТУ Б Д.2.3-26:2012,1,Монтаж текстильного устаткування,26-1-4,Монтаж фарбувального обладнання,шт,False
Д.2.3,27,Устаткування підприємств поліграфічної промисловості,ДСТУ Б Д.2.3-27:2012,1,Монтаж поліграфічного устаткування,27-1-1,Монтаж друкарських машин,шт,False
Д.2.3,27,Устаткування підприємств поліграфічної промисловості,ДСТУ Б Д.2.3-27:2012,1,Монтаж поліграфічного устаткування,27-1-2,Монтаж різального обладнання,шт,False
Д.2.3,27,Устаткування підприємств поліграфічної промисловості,ДСТУ Б Д.2.3-27:2012,1,Монтаж поліграфічного устаткування,27-1-3,Монтаж палітурного обладнання,шт,False
Д.2.3,27,Устаткування підприємств поліграфічної промисловості,ДСТУ Б Д.2.3-27:2012,1,Монтаж поліграфічного устаткування,27-1-4,Монтаж фальцювальних машин,шт,False
Д.2.3,28,Устаткування підприємств харчової промисловості,ДСТУ Б Д.2.3-28:2012,1,Монтаж харчового устаткування,28-1-1,Монтаж технологічних ліній переробки,шт,False
Д.2.3,28,Устаткування підприємств харчової промисловості,ДСТУ Б Д.2.3-28:2012,1,Монтаж харчового устаткування,28-1-2,Монтаж холодильного обладнання харчового,шт,False
Д.2.3,28,Устаткування підприємств харчової промисловості,ДСТУ Б Д.2.3-28:2012,1,Монтаж харчового устаткування,28-1-3,Монтаж фасувального обладнання,шт,False
Д.2.3,28,Устаткування підприємств харчової промисловості,ДСТУ Б Д.2.3-28:2012,1,Монтаж харчового устаткування,28-1-4,Монтаж пекарського обладнання,шт,False
Д.2.3,29,Устаткування театрально-видовищних підприємств,ДСТУ Б Д.2.3-29:2012,1,Монтаж театрального устаткування,29-1-1,Монтаж сценічних механізмів,компл / шт,False
Д.2.3,29,Устаткування театрально-видовищних підприємств,ДСТУ Б Д.2.3-29:2012,1,Монтаж театрального устаткування,29-1-2,Монтаж освітлювального обладнання сцени,компл / шт,False
Д.2.3,29,Устаткування театрально-видовищних підприємств,ДСТУ Б Д.2.3-29:2012,1,Монтаж театрального устаткування,29-1-3,Монтаж звукового обладнання,компл / шт,False
Д.2.3,29,Устаткування театрально-видовищних підприємств,ДСТУ Б Д.2.3-29:2012,1,Монтаж театрального устаткування,29-1-4,Монтаж протипожежної завіси,шт,False
Д.2.3,30,Устаткування зерносховищ і підприємств з переробки зерна,ДСТУ Б Д.2.3-30:2012,1,Монтаж устаткування зерносховищ,30-1-1,Монтаж норій і транспортерів зерна,шт / т,False
Д.2.3,30,Устаткування зерносховищ і підприємств з переробки зерна,ДСТУ Б Д.2.3-30:2012,1,Монтаж устаткування зерносховищ,30-1-2,Монтаж зерноочисних машин,шт / т,False
Д.2.3,30,Устаткування зерносховищ і підприємств з переробки зерна,ДСТУ Б Д.2.3-30:2012,1,Монтаж устаткування зерносховищ,30-1-3,Монтаж сушарок зерна,шт / т,False
Д.2.3,30,Устаткування зерносховищ і підприємств з переробки зерна,ДСТУ Б Д.2.3-30:2012,1,Монтаж устаткування зерносховищ,30-1-4,Монтаж силосної арматури,шт / т,False
Д.2.3,31,Устаткування підприємств кінематографії,ДСТУ Б Д.2.3-31:2012,1,Монтаж кінотехнічного устаткування,31-1-1,Монтаж кінопроекторів,компл / шт,False
Д.2.3,31,Устаткування підприємств кінематографії,ДСТУ Б Д.2.3-31:2012,1,Монтаж кінотехнічного устаткування,31-1-2,Монтаж звуковідтворювального обладнання,компл / шт,False
Д.2.3,31,Устаткування підприємств кінематографії,ДСТУ Б Д.2.3-31:2012,1,Монтаж кінотехнічного устаткування,31-1-3,Монтаж екранів,компл / шт,False
Д.2.3,31,Устаткування підприємств кінематографії,ДСТУ Б Д.2.3-31:2012,1,Монтаж кінотехнічного устаткування,31-1-4,Монтаж затемнення залу,компл,False
Д.2.3,32,Устаткування підприємств електронної промисловості і промисловості засобів зв'язку,ДСТУ Б Д.2.3-32:2012,1,Монтаж устаткування електронної промисловості,32-1-1,Монтаж технологічних ліній виробництва електроніки,шт,False
Д.2.3,32,Устаткування підприємств електронної промисловості і промисловості засобів зв'язку,ДСТУ Б Д.2.3-32:2012,1,Монтаж устаткування електронної промисловості,32-1-2,Монтаж чистих кімнат і інженерних систем,шт,False
Д.2.3,32,Устаткування підприємств електронної промисловості і промисловості засобів зв'язку,ДСТУ Б Д.2.3-32:2012,1,Монтаж устаткування електронної промисловості,32-1-3,Монтаж випробувального обладнання,шт,False
Д.2.3,32,Устаткування підприємств електронної промисловості і промисловості засобів зв'язку,ДСТУ Б Д.2.3-32:2012,1,Монтаж устаткування електронної промисловості,32-1-4,Монтаж паяльного і складального обладнання,шт,False
Д.2.3,33,Устаткування підприємств легкої промисловості,ДСТУ Б Д.2.3-33:2012,1,Монтаж устаткування легкої промисловості,33-1-1,Монтаж швейного обладнання,шт,False
Д.2.3,33,Устаткування підприємств легкої промисловості,ДСТУ Б Д.2.3-33:2012,1,Монтаж устаткування легкої промисловості,33-1-2,Монтаж взуттєвого обладнання,шт,False
Д.2.3,33,Устаткування підприємств легкої промисловості,ДСТУ Б Д.2.3-33:2012,1,Монтаж устаткування легкої промисловості,33-1-3,Монтаж обладнання шкіряного виробництва,шт,False
Д.2.3,33,Устаткування підприємств легкої промисловості,ДСТУ Б Д.2.3-33:2012,1,Монтаж устаткування легкої промисловості,33-1-4,Монтаж розкрійного обладнання,шт,False
Д.2.3,34,Устаткування закладів охорони здоров'я і підприємств медичної промисловості,ДСТУ Б Д.2.3-34:2012,1,Монтаж медичного устаткування,34-1-1,Монтаж стерилізаторів,шт,False
Д.2.3,34,Устаткування закладів охорони здоров'я і підприємств медичної промисловості,ДСТУ Б Д.2.3-34:2012,1,Монтаж медичного устаткування,34-1-2,Монтаж рентгенівського обладнання,шт,False
Д.2.3,34,Устаткування закладів охорони здоров'я і підприємств медичної промисловості,ДСТУ Б Д.2.3-34:2012,1,Монтаж медичного устаткування,34-1-3,Монтаж лабораторного обладнання,шт,False
Д.2.3,34,Устаткування закладів охорони здоров'я і підприємств медичної промисловості,ДСТУ Б Д.2.3-34:2012,1,Монтаж медичного устаткування,34-1-4,Монтаж обладнання операційних,шт,False
Д.2.3,35,Устаткування сільськогосподарських виробництв,ДСТУ Б Д.2.3-35:2012,1,Монтаж сільськогосподарського устаткування,35-1-1,Монтаж доїльного обладнання,шт,False
Д.2.3,35,Устаткування сільськогосподарських виробництв,ДСТУ Б Д.2.3-35:2012,1,Монтаж сільськогосподарського устаткування,35-1-2,Монтаж кормоприготувальних агрегатів,шт,False
Д.2.3,35,Устаткування сільськогосподарських виробництв,ДСТУ Б Д.2.3-35:2012,1,Монтаж сільськогосподарського устаткування,35-1-3,Монтаж інкубаторів,шт,False
Д.2.3,35,Устаткування сільськогосподарських виробництв,ДСТУ Б Д.2.3-35:2012,1,Монтаж сільськогосподарського устаткування,35-1-4,Монтаж систем мікроклімату ферм,шт,False
Д.2.3,36,Устаткування підприємств побутового обслуговування і комунального господарства,ДСТУ Б Д.2.3-36:2012,1,Монтаж устаткування побутового обслуговування,36-1-1,Монтаж прального обладнання,шт,False
Д.2.3,36,Устаткування підприємств побутового обслуговування і комунального господарства,ДСТУ Б Д.2.3-36:2012,1,Монтаж устаткування побутового обслуговування,36-1-2,Монтаж хімчисток,шт,False
Д.2.3,36,Устаткування підприємств побутового обслуговування і комунального господарства,ДСТУ Б Д.2.3-36:2012,1,Монтаж устаткування побутового обслуговування,36-1-3,Монтаж обладнання лазень і душових,шт,False
Д.2.3,36,Устаткування підприємств побутового обслуговування і комунального господарства,ДСТУ Б Д.2.3-36:2012,1,Монтаж устаткування побутового обслуговування,36-1-4,Монтаж котельного обладнання комунального,шт,False
Д.2.3,37,Контроль якості зварних з'єднань,ДСТУ Б Д.2.3-37:2012,1,Контроль якості зварних з'єднань,37-1-1,Візуально-оптичний контроль,м / шт,False
Д.2.3,37,Контроль якості зварних з'єднань,ДСТУ Б Д.2.3-37:2012,1,Контроль якості зварних з'єднань,37-1-2,Ультразвуковий контроль зварних швів,м / шт,False
Д.2.3,37,Контроль якості зварних з'єднань,ДСТУ Б Д.2.3-37:2012,1,Контроль якості зварних з'єднань,37-1-3,Радіографічний контроль,м / шт,False
Д.2.3,37,Контроль якості зварних з'єднань,ДСТУ Б Д.2.3-37:2012,1,Контроль якості зварних з'єднань,37-1-4,Капілярний контроль,м / шт,False
Д.2.3,37,Контроль якості зварних з'єднань,ДСТУ Б Д.2.3-37:2012,1,Контроль якості зварних з'єднань,37-1-5,Магнітопорошковий контроль,м / шт,False
Д.2.3,38,Устаткування загального призначення,ДСТУ Б Д.2.3-38:2012,1,Монтаж устаткування загального призначення,38-1-1,Монтаж ємностей,шт,True
Д.2.3,38,Устаткування загального призначення,ДСТУ Б Д.2.3-38:2012,1,Монтаж устаткування загального призначення,38-1-2,Монтаж теплообмінників,шт,True
Д.2.3,38,Устаткування загального призначення,ДСТУ Б Д.2.3-38:2012,1,Монтаж устаткування загального призначення,38-1-3,Монтаж фільтрів,шт,True
Д.2.3,38,Устаткування загального призначення,ДСТУ Б Д.2.3-38:2012,1,Монтаж устаткування загального призначення,38-1-4,Монтаж насосних агрегатів загального призначення,шт,True
Д.2.3,38,Устаткування загального призначення,ДСТУ Б Д.2.3-38:2012,1,Монтаж устаткування загального призначення,38-1-5,Монтаж компресорів загального призначення,шт,True
Д.2.3,38,Устаткування загального призначення,ДСТУ Б Д.2.3-38:2012,2,Монтаж допоміжного обладнання,38-2-1,Монтаж вентиляційного обладнання загальнообмінного,шт,True
Д.2.3,38,Устаткування загального призначення,ДСТУ Б Д.2.3-38:2012,2,Монтаж допоміжного обладнання,38-2-2,Монтаж підйомно-транспортного обладнання цехів,шт,True
Д.2.3,39,Монтаж електроустаткування та підключення кабелів,ДСТУ Б Д.2.3-39:2012,1,Підключення електроустаткування,39-1-1,Підключення апаратів НКУ,шт,True
Д.2.3,39,Монтаж електроустаткування та підключення кабелів,ДСТУ Б Д.2.3-39:2012,1,Підключення електроустаткування,39-1-2,Підключення кабелів зовнішньої мережі,шт,True
Д.2.3,39,Монтаж електроустаткування та підключення кабелів,ДСТУ Б Д.2.3-39:2012,1,Підключення електроустаткування,39-1-3,Маркування та випробування,шт,True
Д.2.3,39,Монтаж електроустаткування та підключення кабелів,ДСТУ Б Д.2.3-39:2012,1,Підключення електроустаткування,39-1-4,Маркування і випробування кіл,система,True
Д.2.3,39,Монтаж електроустаткування та підключення кабелів,ДСТУ Б Д.2.3-39:2012,1,Підключення електроустаткування,39-1-5,Установлення клемних з'єднань,шт,True
Д.2.3,39,Монтаж електроустаткування та підключення кабелів,ДСТУ Б Д.2.3-39:2012,1,Підключення електроустаткування,39-1-6,Перевірка опору ізоляції,лінія,True
Д.2.4,1,Земляні роботи,ДСТУ Б Д.2.4-1:2012,1,Розробка ґрунту вручну при ремонті,1-1-1,Розробка ґрунту 1 групи,100 м3,True
Д.2.4,1,Земляні роботи,ДСТУ Б Д.2.4-1:2012,1,Розробка ґрунту вручну при ремонті,1-1-2,Розробка ґрунту 2 групи,100 м3,True
Д.2.4,1,Земляні роботи,ДСТУ Б Д.2.4-1:2012,1,Розробка ґрунту вручну при ремонті,1-1-3,Зворотне засипання,100 м3,True
Д.2.4,1,Земляні роботи,ДСТУ Б Д.2.4-1:2012,2,Планування та підсипання,1-2-1,Планування території,100 м2,True
Д.2.4,1,Земляні роботи,ДСТУ Б Д.2.4-1:2012,2,Планування та підсипання,1-2-2,Підсипання рослинного ґрунту,100 м2,True
Д.2.4,2,Фундаменти,ДСТУ Б Д.2.4-2:2012,1,Розбирання фундаментів,2-1-1,Розбирання бутових фундаментів,м3,True
Д.2.4,2,Фундаменти,ДСТУ Б Д.2.4-2:2012,1,Розбирання фундаментів,2-1-2,Розбирання бетонних фундаментів,м3,True
Д.2.4,2,Фундаменти,ДСТУ Б Д.2.4-2:2012,1,Розбирання фундаментів,2-1-3,Розбирання залізобетонних фундаментів,м3,True
Д.2.4,2,Фундаменти,ДСТУ Б Д.2.4-2:2012,2,Ремонт і посилення фундаментів,2-2-1,Підведення фундаментів,м3,True
Д.2.4,2,Фундаменти,ДСТУ Б Д.2.4-2:2012,2,Ремонт і посилення фундаментів,2-2-2,Ін'єктування тріщин,м3,True
Д.2.4,2,Фундаменти,ДСТУ Б Д.2.4-2:2012,2,Ремонт і посилення фундаментів,2-2-3,Гідроізоляція фундаментів,м3,True
Д.2.4,3,Стіни,ДСТУ Б Д.2.4-3:2012,1,Розбирання стін,3-1-1,Розбирання цегляних стін,м3,True
Д.2.4,3,Стіни,ДСТУ Б Д.2.4-3:2012,1,Розбирання стін,3-1-2,Розбирання стін із блоків,м3,True
Д.2.4,3,Стіни,ДСТУ Б Д.2.4-3:2012,2,Ремонт стін,3-2-1,Перемурування ділянок стін,м2,True
Д.2.4,3,Стіни,ДСТУ Б Д.2.4-3:2012,2,Ремонт стін,3-2-2,Зароблення тріщин,м2,True
Д.2.4,3,Стіни,ДСТУ Б Д.2.4-3:2012,2,Ремонт стін,3-2-3,Розшивання швів,м2,True
Д.2.4,4,Перекриття,ДСТУ Б Д.2.4-4:2012,1,Розбирання перекриттів,4-1-1,Розбирання дерев'яних перекриттів,100 м2,True
Д.2.4,4,Перекриття,ДСТУ Б Д.2.4-4:2012,1,Розбирання перекриттів,4-1-2,Розбирання залізобетонних перекриттів,100 м2,True
Д.2.4,4,Перекриття,ДСТУ Б Д.2.4-4:2012,2,Ремонт перекриттів,4-2-1,Посилення балок,100 м2,True
Д.2.4,4,Перекриття,ДСТУ Б Д.2.4-4:2012,2,Ремонт перекриттів,4-2-2,Заміна настилів,100 м2,True
Д.2.4,4,Перекриття,ДСТУ Б Д.2.4-4:2012,2,Ремонт перекриттів,4-2-3,Ремонт залізобетонних плит,100 м2,True
Д.2.4,5,Перегородки,ДСТУ Б Д.2.4-5:2012,1,Розбирання перегородок,5-1-1,Розбирання цегляних перегородок,100 м2,True
Д.2.4,5,Перегородки,ДСТУ Б Д.2.4-5:2012,1,Розбирання перегородок,5-1-2,Розбирання гіпсових перегородок,100 м2,True
Д.2.4,5,Перегородки,ДСТУ Б Д.2.4-5:2012,2,Улаштування перегородок при ремонті,5-2-1,Цегляні перегородки,100 м2,True
Д.2.4,5,Перегородки,ДСТУ Б Д.2.4-5:2012,2,Улаштування перегородок при ремонті,5-2-2,Гіпсокартонні перегородки,100 м2,True
Д.2.4,5,Перегородки,ДСТУ Б Д.2.4-5:2012,2,Улаштування перегородок при ремонті,5-2-3,Газобетонні перегородки,100 м2,True
Д.2.4,6,Прорізи,ДСТУ Б Д.2.4-6:2012,1,Розбирання заповнень прорізів,6-1-1,Демонтаж віконних блоків,100 м2,True
Д.2.4,6,Прорізи,ДСТУ Б Д.2.4-6:2012,1,Розбирання заповнень прорізів,6-1-2,Демонтаж дверних блоків,100 м2,True
Д.2.4,6,Прорізи,ДСТУ Б Д.2.4-6:2012,2,Установлення заповнень прорізів,6-2-1,Установлення віконних блоків ПВХ,100 м2,True
Д.2.4,6,Прорізи,ДСТУ Б Д.2.4-6:2012,2,Установлення заповнень прорізів,6-2-2,Установлення дверних блоків,100 м2,True
Д.2.4,6,Прорізи,ДСТУ Б Д.2.4-6:2012,2,Установлення заповнень прорізів,6-2-3,Улаштування укосів,100 м2,True
Д.2.4,7,Підлоги,ДСТУ Б Д.2.4-7:2012,1,Розбирання підлог,7-1-1,Розбирання дощатих підлог,100 м2,True
Д.2.4,7,Підлоги,ДСТУ Б Д.2.4-7:2012,1,Розбирання підлог,7-1-2,Розбирання плитки,100 м2,True
Д.2.4,7,Підлоги,ДСТУ Б Д.2.4-7:2012,1,Розбирання підлог,7-1-3,Розбирання стяжки,100 м2,True
Д.2.4,7,Підлоги,ДСТУ Б Д.2.4-7:2012,2,Улаштування підлог при ремонті,7-2-1,Стяжка,100 м2,True
Д.2.4,7,Підлоги,ДСТУ Б Д.2.4-7:2012,2,Улаштування підлог при ремонті,7-2-2,Керамічна плитка,100 м2,True
Д.2.4,7,Підлоги,ДСТУ Б Д.2.4-7:2012,2,Улаштування підлог при ремонті,7-2-3,Лінолеум,100 м2,True
Д.2.4,7,Підлоги,ДСТУ Б Д.2.4-7:2012,2,Улаштування підлог при ремонті,7-2-4,Ламінат,100 м2,True
Д.2.4,8,"Дахи, покрівлі",ДСТУ Б Д.2.4-8:2012,1,Розбирання покрівель,8-1-1,Розбирання рулонної покрівлі,100 м2,True
Д.2.4,8,"Дахи, покрівлі",ДСТУ Б Д.2.4-8:2012,1,Розбирання покрівель,8-1-2,Розбирання металевої покрівлі,100 м2,True
Д.2.4,8,"Дахи, покрівлі",ДСТУ Б Д.2.4-8:2012,1,Розбирання покрівель,8-1-3,Розбирання обрешітки,100 м2,True
Д.2.4,8,"Дахи, покрівлі",ДСТУ Б Д.2.4-8:2012,2,Ремонт покрівель,8-2-1,Ремонт рулонної покрівлі,100 м2,True
Д.2.4,8,"Дахи, покрівлі",ДСТУ Б Д.2.4-8:2012,2,Ремонт покрівель,8-2-2,Заміна покриття з металочерепиці,100 м2,True
Д.2.4,8,"Дахи, покрівлі",ДСТУ Б Д.2.4-8:2012,2,Ремонт покрівель,8-2-3,Ремонт примикань,100 м2,True
Д.2.4,9,"Сходи, ґанки",ДСТУ Б Д.2.4-9:2012,1,Ремонт сходів і ґанків,9-1-1,Ремонт ступенів,м2,True
Д.2.4,9,"Сходи, ґанки",ДСТУ Б Д.2.4-9:2012,1,Ремонт сходів і ґанків,9-1-2,Заміна огороджень,м2,True
Д.2.4,9,"Сходи, ґанки",ДСТУ Б Д.2.4-9:2012,1,Ремонт сходів і ґанків,9-1-3,Ремонт ґанків,м2,True
Д.2.4,9,"Сходи, ґанки",ДСТУ Б Д.2.4-9:2012,1,Ремонт сходів і ґанків,9-1-4,Ремонт ступенів бетонних,м2,True
Д.2.4,9,"Сходи, ґанки",ДСТУ Б Д.2.4-9:2012,1,Ремонт сходів і ґанків,9-1-5,Ремонт ступенів дерев'яних,м2,True
Д.2.4,9,"Сходи, ґанки",ДСТУ Б Д.2.4-9:2012,1,Ремонт сходів і ґанків,9-1-6,Заміна огороджень сходів,м,True
Д.2.4,9,"Сходи, ґанки",ДСТУ Б Д.2.4-9:2012,1,Ремонт сходів і ґанків,9-1-7,Улаштування пандусів при ремонті,м2,True
Д.2.4,10,Пічні роботи,ДСТУ Б Д.2.4-10:2012,1,Розбирання пічних конструкцій,10-1-1,Розбирання опалювальних печей,шт,False
Д.2.4,10,Пічні роботи,ДСТУ Б Д.2.4-10:2012,1,Розбирання пічних конструкцій,10-1-2,Розбирання кухонних вогнищ,шт,False
Д.2.4,10,Пічні роботи,ДСТУ Б Д.2.4-10:2012,1,Розбирання пічних конструкцій,10-1-3,Розбирання димових труб,шт,False
Д.2.4,10,Пічні роботи,ДСТУ Б Д.2.4-10:2012,2,Ремонт і мурування печей,10-2-1,Мурування опалювальних печей,шт,False
Д.2.4,10,Пічні роботи,ДСТУ Б Д.2.4-10:2012,2,Ремонт і мурування печей,10-2-2,Ремонт футеровок печей,шт,False
Д.2.4,10,Пічні роботи,ДСТУ Б Д.2.4-10:2012,2,Ремонт і мурування печей,10-2-3,Мурування димових труб при ремонті,шт,False
Д.2.4,10,Пічні роботи,ДСТУ Б Д.2.4-10:2012,2,Ремонт і мурування печей,10-2-4,Установлення металевих грубок,шт,False
Д.2.4,11,Штукатурні роботи,ДСТУ Б Д.2.4-11:2012,1,Відбивання штукатурки,11-1-1,Відбивання штукатурки зі стін,100 м2,True
Д.2.4,11,Штукатурні роботи,ДСТУ Б Д.2.4-11:2012,1,Відбивання штукатурки,11-1-2,Відбивання штукатурки зі стель,100 м2,True
Д.2.4,11,Штукатурні роботи,ДСТУ Б Д.2.4-11:2012,2,Штукатурне опорядження при ремонті,11-2-1,Покращене опорядження стін,100 м2,True
Д.2.4,11,Штукатурні роботи,ДСТУ Б Д.2.4-11:2012,2,Штукатурне опорядження при ремонті,11-2-2,Високоякісне опорядження,100 м2,True
Д.2.4,11,Штукатурні роботи,ДСТУ Б Д.2.4-11:2012,2,Штукатурне опорядження при ремонті,11-2-3,Опорядження укосів,100 м2,True
Д.2.4,12,Малярні роботи,ДСТУ Б Д.2.4-12:2012,1,Підготовка поверхонь,12-1-1,Очищення від старих фарбувань,100 м2,True
Д.2.4,12,Малярні роботи,ДСТУ Б Д.2.4-12:2012,1,Підготовка поверхонь,12-1-2,Шпаклювання суцільне,100 м2,True
Д.2.4,12,Малярні роботи,ДСТУ Б Д.2.4-12:2012,1,Підготовка поверхонь,12-1-3,Ґрунтування,100 м2,True
Д.2.4,12,Малярні роботи,ДСТУ Б Д.2.4-12:2012,2,Фарбування при ремонті,12-2-1,Фарбування стін водоемульсійне,100 м2,True
Д.2.4,12,Малярні роботи,ДСТУ Б Д.2.4-12:2012,2,Фарбування при ремонті,12-2-2,Фарбування стель,100 м2,True
Д.2.4,12,Малярні роботи,ДСТУ Б Д.2.4-12:2012,2,Фарбування при ремонті,12-2-3,Фарбування столярки,100 м2,True
Д.2.4,13,"Склярські, шпалерні та облицювальні роботи",ДСТУ Б Д.2.4-13:2012,1,Склярські роботи,13-1-1,Заміна скла,100 м2,True
Д.2.4,13,"Склярські, шпалерні та облицювальні роботи",ДСТУ Б Д.2.4-13:2012,1,Склярські роботи,13-1-2,Оскління вікон,100 м2,True
Д.2.4,13,"Склярські, шпалерні та облицювальні роботи",ДСТУ Б Д.2.4-13:2012,2,Шпалерні роботи,13-2-1,Зняття старих шпалер,100 м2,True
Д.2.4,13,"Склярські, шпалерні та облицювальні роботи",ДСТУ Б Д.2.4-13:2012,2,Шпалерні роботи,13-2-2,Обклеювання шпалерами,100 м2,True
Д.2.4,13,"Склярські, шпалерні та облицювальні роботи",ДСТУ Б Д.2.4-13:2012,3,Облицювальні роботи,13-3-1,Облицювання стін плиткою,100 м2,True
Д.2.4,13,"Склярські, шпалерні та облицювальні роботи",ДСТУ Б Д.2.4-13:2012,3,Облицювальні роботи,13-3-2,Заміна облицювання,100 м2,True
Д.2.4,14,Ліпні роботи,ДСТУ Б Д.2.4-14:2012,1,Ліпні роботи при ремонті,14-1-1,Зняття пошкоджених ліпних виробів,м2,False
Д.2.4,14,Ліпні роботи,ДСТУ Б Д.2.4-14:2012,1,Ліпні роботи при ремонті,14-1-2,Відновлення ліпних карнизів,м2,False
Д.2.4,14,Ліпні роботи,ДСТУ Б Д.2.4-14:2012,1,Ліпні роботи при ремонті,14-1-3,Відновлення розеток і капітелей,м2,False
Д.2.4,14,Ліпні роботи,ДСТУ Б Д.2.4-14:2012,1,Ліпні роботи при ремонті,14-1-4,Установлення нових ліпних деталей,м2,False
Д.2.4,15,Внутрішні санітарно-технічні роботи,ДСТУ Б Д.2.4-15:2012,1,Демонтаж сантехніки,15-1-1,Демонтаж умивальників,шт,True
Д.2.4,15,Внутрішні санітарно-технічні роботи,ДСТУ Б Д.2.4-15:2012,1,Демонтаж сантехніки,15-1-2,Демонтаж унітазів,шт,True
Д.2.4,15,Внутрішні санітарно-технічні роботи,ДСТУ Б Д.2.4-15:2012,1,Демонтаж сантехніки,15-1-3,Демонтаж ванн,шт,True
Д.2.4,15,Внутрішні санітарно-технічні роботи,ДСТУ Б Д.2.4-15:2012,2,Монтаж сантехніки при ремонті,15-2-1,Установлення умивальників,шт,True
Д.2.4,15,Внутрішні санітарно-технічні роботи,ДСТУ Б Д.2.4-15:2012,2,Монтаж сантехніки при ремонті,15-2-2,Установлення унітазів,шт,True
Д.2.4,15,Внутрішні санітарно-технічні роботи,ДСТУ Б Д.2.4-15:2012,2,Монтаж сантехніки при ремонті,15-2-3,Установлення змішувачів,шт,True
Д.2.4,15,Внутрішні санітарно-технічні роботи,ДСТУ Б Д.2.4-15:2012,3,Ремонт трубопроводів,15-3-1,Заміна трубопроводів водопроводу,100 м,True
Д.2.4,15,Внутрішні санітарно-технічні роботи,ДСТУ Б Д.2.4-15:2012,3,Ремонт трубопроводів,15-3-2,Заміна трубопроводів каналізації,100 м,True
Д.2.4,16,Зовнішні інженерні мережі,ДСТУ Б Д.2.4-16:2012,1,Ремонт зовнішніх мереж,16-1-1,Ремонт водопроводу,100 м,True
Д.2.4,16,Зовнішні інженерні мережі,ДСТУ Б Д.2.4-16:2012,1,Ремонт зовнішніх мереж,16-1-2,Ремонт каналізації,100 м,True
Д.2.4,16,Зовнішні інженерні мережі,ДСТУ Б Д.2.4-16:2012,1,Ремонт зовнішніх мереж,16-1-3,Заміна ділянок трубопроводів,100 м,True
Д.2.4,16,Зовнішні інженерні мережі,ДСТУ Б Д.2.4-16:2012,1,Ремонт зовнішніх мереж,16-1-4,Ремонт водопроводу зовнішнього,100 м,True
Д.2.4,16,Зовнішні інженерні мережі,ДСТУ Б Д.2.4-16:2012,1,Ремонт зовнішніх мереж,16-1-5,Ремонт каналізації зовнішньої,100 м,True
Д.2.4,16,Зовнішні інженерні мережі,ДСТУ Б Д.2.4-16:2012,1,Ремонт зовнішніх мереж,16-1-6,Ремонт колодязів,шт,True
Д.2.4,16,Зовнішні інженерні мережі,ДСТУ Б Д.2.4-16:2012,1,Ремонт зовнішніх мереж,16-1-7,Ремонт теплових мереж,100 м,True
Д.2.4,17,Електромонтажні роботи,ДСТУ Б Д.2.4-17:2012,1,Демонтаж електромереж,17-1-1,Демонтаж проводки,100 м,True
Д.2.4,17,Електромонтажні роботи,ДСТУ Б Д.2.4-17:2012,1,Демонтаж електромереж,17-1-2,Демонтаж світильників,100 м,True
Д.2.4,17,Електромонтажні роботи,ДСТУ Б Д.2.4-17:2012,1,Демонтаж електромереж,17-1-3,Демонтаж щитів,100 м,True
Д.2.4,17,Електромонтажні роботи,ДСТУ Б Д.2.4-17:2012,2,Монтаж електромереж при ремонті,17-2-1,Прокладання кабелів,100 м,True
Д.2.4,17,Електромонтажні роботи,ДСТУ Б Д.2.4-17:2012,2,Монтаж електромереж при ремонті,17-2-2,Установлення розеток і вимикачів,100 м,True
Д.2.4,17,Електромонтажні роботи,ДСТУ Б Д.2.4-17:2012,2,Монтаж електромереж при ремонті,17-2-3,Установлення світильників,100 м,True
Д.2.4,17,Електромонтажні роботи,ДСТУ Б Д.2.4-17:2012,2,Монтаж електромереж при ремонті,17-2-4,Установлення щитів,100 м,True
Д.2.4,18,Благоустрій,ДСТУ Б Д.2.4-18:2012,1,Ремонт елементів благоустрою,18-1-1,Ремонт покриттів тротуарів,100 м2,True
Д.2.4,18,Благоустрій,ДСТУ Б Д.2.4-18:2012,1,Ремонт елементів благоустрою,18-1-2,Ремонт огороджень,100 м2,True
Д.2.4,18,Благоустрій,ДСТУ Б Д.2.4-18:2012,1,Ремонт елементів благоустрою,18-1-3,Відновлення озеленення,100 м2,True
Д.2.4,18,Благоустрій,ДСТУ Б Д.2.4-18:2012,1,Ремонт елементів благоустрою,18-1-4,Ремонт проїздів,100 м2,True
Д.2.4,18,Благоустрій,ДСТУ Б Д.2.4-18:2012,1,Ремонт елементів благоустрою,18-1-5,Ремонт малих архітектурних форм,шт,True
Д.2.4,19,Ізоляційні роботи,ДСТУ Б Д.2.4-19:2012,1,Ремонт ізоляції,19-1-1,Ремонт гідроізоляції,100 м2,True
Д.2.4,19,Ізоляційні роботи,ДСТУ Б Д.2.4-19:2012,1,Ремонт ізоляції,19-1-2,Ремонт теплоізоляції стін,100 м2,True
Д.2.4,19,Ізоляційні роботи,ДСТУ Б Д.2.4-19:2012,1,Ремонт ізоляції,19-1-3,Ремонт теплоізоляції трубопроводів,100 м2,True
Д.2.4,19,Ізоляційні роботи,ДСТУ Б Д.2.4-19:2012,1,Ремонт ізоляції,19-1-4,Ремонт гідроізоляції фундаментів,100 м2,True
Д.2.4,19,Ізоляційні роботи,ДСТУ Б Д.2.4-19:2012,1,Ремонт ізоляції,19-1-5,Ремонт гідроізоляції покрівлі,100 м2,True
Д.2.4,19,Ізоляційні роботи,ДСТУ Б Д.2.4-19:2012,1,Ремонт ізоляції,19-1-6,Ремонт пароізоляції,100 м2,True
Д.2.4,20,Інші ремонтно-будівельні роботи,ДСТУ Б Д.2.4-20:2012,1,Інші ремонтні роботи,20-1-1,Прибирання будівельного сміття,компл,True
Д.2.4,20,Інші ремонтно-будівельні роботи,ДСТУ Б Д.2.4-20:2012,1,Інші ремонтні роботи,20-1-2,Тимчасові огородження,компл,True
Д.2.4,20,Інші ремонтно-будівельні роботи,ДСТУ Б Д.2.4-20:2012,1,Інші ремонтні роботи,20-1-3,Інші роботи,компл,True
Д.2.4,20,Інші ремонтно-будівельні роботи,ДСТУ Б Д.2.4-20:2012,1,Інші ремонтні роботи,20-1-4,Улаштування тимчасових риштувань при ремонті,100 м2,True
Д.2.4,20,Інші ремонтно-будівельні роботи,ДСТУ Б Д.2.4-20:2012,1,Інші ремонтні роботи,20-1-5,Перевезення сміття,т,True
Д.2.4,20,Інші ремонтно-будівельні роботи,ДСТУ Б Д.2.4-20:2012,1,Інші ремонтні роботи,20-1-6,Інші непередбачені ремонтні роботи,компл,True
