kompleks,zbirnyk,nazva_zbirnyka,dstu,grupa,nazva_grupy,shifr,nazva_normy,odynytsya,priorytet_prytulok,trud_lyud_god,seredniy_rozryad,mashynisty_lyud_god,kilkist_mashyn,kilkist_materialiv,vartist_trudu_uah,vartist_mashyn_uah,vartist_materialiv_uah,priami_vytraty_uah
Д.2.2,1,Земляні роботи,ДСТУ Б Д.2.2-1:2012,1,Розробка ґрунту екскаваторами у відвал,1-1-1,"Розробка ґрунту 1 групи екскаватором з ковшем до 0,25 м3 у відвал",1000 м3,True,13.824,3.0,21.824,2,2,3713.92,21390.8,11315.52,36420.24
Д.2.2,1,Земляні роботи,ДСТУ Б Д.2.2-1:2012,1,Розробка ґрунту екскаваторами у відвал,1-1-2,"Розробка ґрунту 2 групи екскаватором з ковшем до 0,25 м3 у відвал",1000 м3,True,12.081,3.0,20.081,2,2,3356.6,19692.7,10412.08,33461.38
Д.2.2,1,Земляні роботи,ДСТУ Б Д.2.2-1:2012,1,Розробка ґрунту екскаваторами у відвал,1-1-3,"Розробка ґрунту 3 групи екскаватором з ковшем до 0,25 м3 у відвал",1000 м3,True,12.492,3.0,20.492,2,2,3440.86,20065.9,10624.99,34131.75
Д.2.2,1,Земляні роботи,ДСТУ Б Д.2.2-1:2012,1,Розробка ґрунту екскаваторами у відвал,1-1-4,"Розробка ґрунту 1 групи екскаватором з ковшем до 0,4 м3 у відвал",1000 м3,True,12.443,3.0,20.443,2,2,3430.82,20021.1,10599.95,34051.87
Д.2.2,1,Земляні роботи,ДСТУ Б Д.2.2-1:2012,1,Розробка ґрунту екскаваторами у відвал,1-1-5,"Розробка ґрунту 2 групи екскаватором з ковшем до 0,4 м3 у відвал",1000 м3,True,11.459,3.0,19.459,2,2,3229.09,19056.3,10089.41,32374.8
Д.2.2,1,Земляні роботи,ДСТУ Б Д.2.2-1:2012,1,Розробка ґрунту екскаваторами у відвал,1-1-6,"Розробка ґрунту 3 групи екскаватором з ковшем до 0,4 м3 у відвал",1000 м3,True,14.705,3.0,22.705,2,2,3894.52,22261.5,11772.4,37928.42
Д.2.2,1,Земляні роботи,ДСТУ Б Д.2.2-1:2012,1,Розробка ґрунту екскаваторами у відвал,1-1-7,"Розробка ґрунту 1 групи екскаватором з ковшем до 0,65 м3 у відвал",1000 м3,True,15.794,3.0,23.794,2,2,4117.77,23271.0,12337.5,39726.27
Д.2.2,1,Земляні роботи,ДСТУ Б Д.2.2-1:2012,1,Розробка ґрунту екскаваторами у відвал,1-1-8,"Розробка ґрунту 2 групи екскаватором з ковшем до 0,65 м3 у відвал",1000 м3,True,10.744,3.0,18.744,2,2,3082.52,18331.3,9718.54,31132.36
Д.2.2,1,Земляні роботи,ДСТУ Б Д.2.2-1:2012,1,Розробка ґрунту екскаваторами у відвал,1-1-9,"Розробка ґрунту 3 групи екскаватором з ковшем до 0,65 м3 у відвал",1000 м3,True,10.103,3.0,18.103,2,2,2951.12,17729.1,9386.66,30066.88
Д.2.2,1,Земляні роботи,ДСТУ Б Д.2.2-1:2012,1,Розробка ґрунту екскаваторами у відвал,1-1-10,"Розробка ґрунту 1 групи екскаватором з ковшем до 1,0 м3 у відвал",1000 м3,True,14.229,3.0,22.229,2,2,3796.94,21739.0,11526.54,37062.48
Д.2.2,1,Земляні роботи,ДСТУ Б Д.2.2-1:2012,1,Розробка ґрунту екскаваторами у відвал,1-1-11,"Розробка ґрунту 2 групи екскаватором з ковшем до 1,0 м3 у відвал",1000 м3,True,13.177,3.0,21.177,2,2,3581.28,20769.9,10980.02,35331.2
Д.2.2,1,Земляні роботи,ДСТУ Б Д.2.2-1:2012,1,Розробка ґрунту екскаваторами у відвал,1-1-12,"Розробка ґрунту 3 групи екскаватором з ковшем до 1,0 м3 у відвал",1000 м3,True,13.3,3.0,21.3,2,2,3606.5,20872.8,11043.45,35522.75
Д.2.2,1,Земляні роботи,ДСТУ Б Д.2.2-1:2012,2,Розробка ґрунту екскаваторами з навантаженням у транспорт,1-2-1,"Розробка ґрунту 1 групи з навантаженням, ківш до 0,4 м3",1000 м3,True,10.782,3.0,18.782,2,2,3090.31,18402.7,9738.03,31231.04
Д.2.2,1,Земляні роботи,ДСТУ Б Д.2.2-1:2012,2,Розробка ґрунту екскаваторами з навантаженням у транспорт,1-2-2,"Розробка ґрунту 2 групи з навантаженням, ківш до 0,4 м3",1000 м3,True,12.045,3.0,20.045,2,2,3349.23,19650.0,10393.19,33392.42
Д.2.2,1,Земляні роботи,ДСТУ Б Д.2.2-1:2012,2,Розробка ґрунту екскаваторами з навантаженням у транспорт,1-2-3,"Розробка ґрунту 3 групи з навантаженням, ківш до 0,4 м3",1000 м3,True,12.753,3.0,20.753,2,2,3494.36,20363.1,10760.4,34617.86
Д.2.2,1,Земляні роботи,ДСТУ Б Д.2.2-1:2012,2,Розробка ґрунту екскаваторами з навантаженням у транспорт,1-2-4,"Розробка ґрунту 1 групи з навантаженням, ківш до 0,65 м3",1000 м3,True,10.034,3.0,18.034,2,2,2936.97,17641.6,9350.08,29928.65
Д.2.2,1,Земляні роботи,ДСТУ Б Д.2.2-1:2012,2,Розробка ґрунту екскаваторами з навантаженням у транспорт,1-2-5,"Розробка ґрунту 2 групи з навантаженням, ківш до 0,65 м3",1000 м3,True,11.719,3.0,19.719,2,2,3282.39,19285.8,10224.22,32792.41
Д.2.2,1,Земляні роботи,ДСТУ Б Д.2.2-1:2012,2,Розробка ґрунту екскаваторами з навантаженням у транспорт,1-2-6,"Розробка ґрунту 3 групи з навантаженням, ківш до 0,65 м3",1000 м3,True,13.6,3.0,21.6,2,2,3668.0,21132.0,11199.6,35999.6
Д.2.2,1,Земляні роботи,ДСТУ Б Д.2.2-1:2012,2,Розробка ґрунту екскаваторами з навантаженням у транспорт,1-2-7,"Розробка ґрунту 1 групи з навантаженням, ківш до 1,0 м3",1000 м3,True,13.808,3.0,21.808,2,2,3710.64,21359.1,11307.56,36377.3
Д.2.2,1,Земляні роботи,ДСТУ Б Д.2.2-1:2012,2,Розробка ґрунту екскаваторами з навантаженням у транспорт,1-2-8,"Розробка ґрунту 2 групи з навантаженням, ківш до 1,0 м3",1000 м3,True,11.051,3.0,19.051,2,2,3145.45,18676.5,9877.71,31699.66
Д.2.2,1,Земляні роботи,ДСТУ Б Д.2.2-1:2012,3,Розробка і переміщення ґрунту бульдозерами,1-3-1,Розробка і переміщення ґрунту 1 групи бульдозером на відстань до 10 м,1000 м3,True,10.129,3.0,18.129,1,2,2956.45,15409.65,9400.08,27766.18
Д.2.2,1,Земляні роботи,ДСТУ Б Д.2.2-1:2012,3,Розробка і переміщення ґрунту бульдозерами,1-3-2,Розробка і переміщення ґрунту 2 групи бульдозером на відстань до 10 м,1000 м3,True,15.205,3.0,23.205,1,2,3997.02,19724.25,12031.65,35752.92
Д.2.2,1,Земляні роботи,ДСТУ Б Д.2.2-1:2012,3,Розробка і переміщення ґрунту бульдозерами,1-3-3,Розробка і переміщення ґрунту 1 групи бульдозером на відстань до 20 м,1000 м3,True,15.59,3.0,23.59,1,2,4075.95,20051.5,12231.65,36359.1
Д.2.2,1,Земляні роботи,ДСТУ Б Д.2.2-1:2012,3,Розробка і переміщення ґрунту бульдозерами,1-3-4,Розробка і переміщення ґрунту 2 групи бульдозером на відстань до 20 м,1000 м3,True,15.313,3.0,23.313,1,2,4019.16,19816.05,12087.76,35922.97
Д.2.2,1,Земляні роботи,ДСТУ Б Д.2.2-1:2012,3,Розробка і переміщення ґрунту бульдозерами,1-3-5,Розробка і переміщення ґрунту 1 групи бульдозером на відстань до 40 м,1000 м3,True,14.969,3.0,22.969,1,2,3948.64,19523.65,11909.62,35381.91
Д.2.2,1,Земляні роботи,ДСТУ Б Д.2.2-1:2012,3,Розробка і переміщення ґрунту бульдозерами,1-3-6,Розробка і переміщення ґрунту 2 групи бульдозером на відстань до 40 м,1000 м3,True,13.943,3.0,21.943,1,2,3738.32,18651.55,11377.7,33767.57
Д.2.2,1,Земляні роботи,ДСТУ Б Д.2.2-1:2012,3,Розробка і переміщення ґрунту бульдозерами,1-3-7,Планування площ бульдозером,1000 м2,True,15.045,3.0,6.017,1,2,2091.14,5114.45,3119.56,10325.15
Д.2.2,1,Земляні роботи,ДСТУ Б Д.2.2-1:2012,3,Розробка і переміщення ґрунту бульдозерами,1-3-8,Зачищення дна котловану бульдозером,1000 м2,True,15.674,3.0,6.253,1,2,2176.86,5315.05,3242.15,10734.06
Д.2.2,1,Земляні роботи,ДСТУ Б Д.2.2-1:2012,4,Розробка ґрунту вручну,1-4-1,"Розробка ґрунту 1 групи вручну в котлованах глибиною до 1,5 м",100 м3,True,128.492,2.5,0.0,0,1,12206.74,0,0,12206.74
Д.2.2,1,Земляні роботи,ДСТУ Б Д.2.2-1:2012,4,Розробка ґрунту вручну,1-4-2,"Розробка ґрунту 2 групи вручну в котлованах глибиною до 1,5 м",100 м3,True,92.569,2.5,0.0,0,1,8794.06,0,0,8794.06
Д.2.2,1,Земляні роботи,ДСТУ Б Д.2.2-1:2012,4,Розробка ґрунту вручну,1-4-3,"Розробка ґрунту 3 групи вручну в котлованах глибиною до 1,5 м",100 м3,True,110.956,2.5,0.0,0,1,10540.82,0,0,10540.82
Д.2.2,1,Земляні роботи,ДСТУ Б Д.2.2-1:2012,4,Розробка ґрунту вручну,1-4-4,"Розробка ґрунту 1 групи вручну в котлованах глибиною понад 1,5 м",100 м3,True,122.238,2.5,0.0,0,1,11612.61,0,0,11612.61
Д.2.2,1,Земляні роботи,ДСТУ Б Д.2.2-1:2012,4,Розробка ґрунту вручну,1-4-5,"Розробка ґрунту 2 групи вручну в котлованах глибиною понад 1,5 м",100 м3,True,92.223,2.5,0.0,0,1,8761.18,0,0,8761.18
Д.2.2,1,Земляні роботи,ДСТУ Б Д.2.2-1:2012,4,Розробка ґрунту вручну,1-4-6,Розробка ґрунту 1 групи вручну в траншеях шириною до 1 м,100 м3,True,117.253,2.5,0.0,0,1,11139.03,0,0,11139.03
Д.2.2,1,Земляні роботи,ДСТУ Б Д.2.2-1:2012,4,Розробка ґрунту вручну,1-4-7,Розробка ґрунту 2 групи вручну в траншеях шириною до 1 м,100 м3,True,93.498,2.5,0.0,0,1,8882.31,0,0,8882.31
Д.2.2,1,Земляні роботи,ДСТУ Б Д.2.2-1:2012,4,Розробка ґрунту вручну,1-4-8,Розробка ґрунту 3 групи вручну в траншеях шириною до 1 м,100 м3,True,106.317,2.5,0.0,0,1,10100.11,0,0,10100.11
Д.2.2,1,Земляні роботи,ДСТУ Б Д.2.2-1:2012,4,Розробка ґрунту вручну,1-4-9,Зачищення дна і укосів котлованів і траншей вручну,100 м2,True,45.967,2.5,0.0,0,1,4366.86,0,0,4366.86
Д.2.2,1,Земляні роботи,ДСТУ Б Д.2.2-1:2012,4,Розробка ґрунту вручну,1-4-10,Кріплення стінок траншей інвентарними щитами,100 м2,True,38.363,2.8,0.5,1,2,3699.49,300.0,259.25,4258.74
Д.2.2,1,Земляні роботи,ДСТУ Б Д.2.2-1:2012,5,Зворотне засипання і ущільнення,1-5-1,Засипання пазух котлованів ґрунтом з ущільненням вручну шарами до 20 см,100 м3,True,104.204,2.5,0.0,0,1,9899.38,0,0,9899.38
Д.2.2,1,Земляні роботи,ДСТУ Б Д.2.2-1:2012,5,Зворотне засипання і ущільнення,1-5-2,Засипання пазух котлованів бульдозером з ущільненням,100 м3,True,110.574,3.0,1.209,1,2,10637.52,1027.47,626.49,12291.48
Д.2.2,1,Земляні роботи,ДСТУ Б Д.2.2-1:2012,5,Зворотне засипання і ущільнення,1-5-3,Ущільнення ґрунту пневмотрамбівками,100 м3,True,103.972,2.8,0.5,1,2,9932.34,300.0,259.25,10491.59
Д.2.2,1,Земляні роботи,ДСТУ Б Д.2.2-1:2012,5,Зворотне засипання і ущільнення,1-5-4,Ущільнення ґрунту віброплитами,100 м3,True,126.258,2.8,0.5,1,2,12049.51,300.0,259.25,12608.76
Д.2.2,1,Земляні роботи,ДСТУ Б Д.2.2-1:2012,5,Зворотне засипання і ущільнення,1-5-5,Ущільнення ґрунту катками,1000 м3,True,14.225,2.8,22.225,1,2,3796.12,13335.0,11523.52,28654.64
Д.2.2,1,Земляні роботи,ДСТУ Б Д.2.2-1:2012,5,Зворотне засипання і ущільнення,1-5-6,Підсипання піщаної подушки під фундаменти з ущільненням,100 м3,True,98.123,2.8,0.5,1,2,9376.69,300.0,259.25,9935.94
Д.2.2,1,Земляні роботи,ДСТУ Б Д.2.2-1:2012,6,Навантаження і перевезення ґрунту,1-6-1,Навантаження ґрунту екскаватором у автосамоскиди,1000 м3,True,13.669,3.0,21.669,2,2,3682.15,21211.0,11236.18,36129.33
Д.2.2,1,Земляні роботи,ДСТУ Б Д.2.2-1:2012,6,Навантаження і перевезення ґрунту,1-6-2,Перевезення ґрунту автосамоскидами на відстань до 1 км,1000 м3,True,12.893,3.2,0.0,0,1,1224.84,0,150.0,1374.84
Д.2.2,1,Земляні роботи,ДСТУ Б Д.2.2-1:2012,6,Навантаження і перевезення ґрунту,1-6-3,Додавати на кожний наступний 1 км перевезення до 10 км,1000 м3,True,14.786,3.2,0.0,0,1,1404.67,0,150.0,1554.67
Д.2.2,1,Земляні роботи,ДСТУ Б Д.2.2-1:2012,6,Навантаження і перевезення ґрунту,1-6-4,Додавати на кожний наступний 1 км перевезення понад 10 км,1000 м3,True,12.877,3.2,0.0,0,1,1223.32,0,150.0,1373.32
Д.2.2,1,Земляні роботи,ДСТУ Б Д.2.2-1:2012,6,Навантаження і перевезення ґрунту,1-6-5,Перевезення будівельного сміття автосамоскидами до 1 км,1000 м3,True,15.216,3.2,0.0,0,1,1445.52,0,150.0,1595.52
Д.2.2,1,Земляні роботи,ДСТУ Б Д.2.2-1:2012,7,Водовідлив і підготовка території,1-7-1,Водовідлив з котлованів насосами продуктивністю до 50 м3/год,100 маш.-год,True,26.278,2.8,0.5,1,2,2551.41,300.0,259.25,3110.66
Д.2.2,1,Земляні роботи,ДСТУ Б Д.2.2-1:2012,7,Водовідлив і підготовка території,1-7-2,Зрізання рослинного шару бульдозером з переміщенням до 20 м,1000 м2,True,22.596,3.0,8.848,1,2,3119.9,7520.8,4587.8,15228.5
Д.2.2,1,Земляні роботи,ДСТУ Б Д.2.2-1:2012,7,Водовідлив і підготовка території,1-7-3,Корчування пнів діаметром до 30 см,шт,True,3.044,3.2,0.0,0,1,289.18,0,150.0,439.18
Д.2.2,1,Земляні роботи,ДСТУ Б Д.2.2-1:2012,7,Водовідлив і підготовка території,1-7-4,Влаштування тимчасових землевозних доріг,100 м,True,31.906,3.2,0.0,0,1,3031.07,0,150.0,3181.07
Д.2.2,5,Пальові роботи. Опускні колодязі. Закріплення ґрунтів,ДСТУ Б Д.2.2-5:2012,1,Занурення паль,5-1-1,Занурення залізобетонних паль молотами,м3,True,6.869,3.5,0.6,2,2,718.55,426.66,3272.0,4417.21
Д.2.2,5,Пальові роботи. Опускні колодязі. Закріплення ґрунтів,ДСТУ Б Д.2.2-5:2012,1,Занурення паль,5-1-2,Занурення залізобетонних паль віброзанурювачами,м3,True,6.596,3.5,0.6,2,2,692.62,426.66,3272.0,4391.28
Д.2.2,5,Пальові роботи. Опускні колодязі. Закріплення ґрунтів,ДСТУ Б Д.2.2-5:2012,1,Занурення паль,5-1-3,Улаштування буронабивних паль,м3,True,9.39,3.8,2.0,1,1,1112.05,4400.0,15000.0,20512.05
Д.2.2,5,Пальові роботи. Опускні колодязі. Закріплення ґрунтів,ДСТУ Б Д.2.2-5:2012,2,Ростверки та оголовки,5-2-1,Зрізання голів паль,шт,True,9.729,3.8,2.0,1,1,1144.25,4400.0,15000.0,20544.25
Д.2.2,5,Пальові роботи. Опускні колодязі. Закріплення ґрунтів,ДСТУ Б Д.2.2-5:2012,2,Ростверки та оголовки,5-2-2,Улаштування монолітних ростверків,м3,True,7.204,3.5,0.6,2,2,750.38,426.66,3272.0,4449.04
Д.2.2,6,Бетонні та залізобетонні конструкції монолітні,ДСТУ Б Д.2.2-6:2012,1,Фундаменти бетонні,6-1-1,Улаштування стрічкових фундаментів бетонних шириною до 1 м,100 м3,True,658.024,3.5,60.0,2,2,69112.28,42685.32,327200.0,438997.6
Д.2.2,6,Бетонні та залізобетонні конструкції монолітні,ДСТУ Б Д.2.2-6:2012,1,Фундаменти бетонні,6-1-2,Улаштування стрічкових фундаментів бетонних шириною понад 1 м,100 м3,True,670.871,3.5,60.0,2,2,70332.74,42685.32,327200.0,440218.06
Д.2.2,6,Бетонні та залізобетонні конструкції монолітні,ДСТУ Б Д.2.2-6:2012,1,Фундаменти бетонні,6-1-3,Улаштування стовпчастих фундаментів бетонних об'ємом до 3 м3,100 м3,True,846.942,3.5,60.0,2,2,87059.49,42685.32,327200.0,456944.81
Д.2.2,6,Бетонні та залізобетонні конструкції монолітні,ДСТУ Б Д.2.2-6:2012,1,Фундаменти бетонні,6-1-4,Улаштування стовпчастих фундаментів бетонних об'ємом понад 3 м3,100 м3,True,724.632,3.5,60.0,2,2,75440.04,42685.32,327200.0,445325.36
Д.2.2,6,Бетонні та залізобетонні конструкції монолітні,ДСТУ Б Д.2.2-6:2012,1,Фундаменти бетонні,6-1-5,Улаштування фундаментних плит бетонних товщиною до 300 мм,100 м3,True,763.451,3.5,60.0,2,2,79127.85,42685.32,327200.0,449013.17
Д.2.2,6,Бетонні та залізобетонні конструкції монолітні,ДСТУ Б Д.2.2-6:2012,1,Фундаменти бетонні,6-1-6,Улаштування фундаментних плит бетонних товщиною понад 300 мм,100 м3,True,791.588,3.5,60.0,2,2,81800.86,42685.32,327200.0,451686.18
Д.2.2,6,Бетонні та залізобетонні конструкції монолітні,ДСТУ Б Д.2.2-6:2012,1,Фундаменти бетонні,6-1-7,Улаштування бетонної підготовки під фундаменти,100 м3,True,833.24,3.5,60.0,2,2,85757.8,42685.32,327200.0,455643.12
Д.2.2,6,Бетонні та залізобетонні конструкції монолітні,ДСТУ Б Д.2.2-6:2012,2,Фундаменти залізобетонні,6-2-1,Улаштування стрічкових фундаментів залізобетонних,100 м3,True,696.034,3.5,60.0,2,2,72723.23,42685.32,327200.0,442608.55
Д.2.2,6,Бетонні та залізобетонні конструкції монолітні,ДСТУ Б Д.2.2-6:2012,2,Фундаменти залізобетонні,6-2-2,Улаштування стовпчастих фундаментів залізобетонних,100 м3,True,752.762,3.5,60.0,2,2,78112.39,42685.32,327200.0,447997.71
Д.2.2,6,Бетонні та залізобетонні конструкції монолітні,ДСТУ Б Д.2.2-6:2012,2,Фундаменти залізобетонні,6-2-3,Улаштування фундаментних плит залізобетонних товщиною до 300 мм,100 м3,True,759.508,3.5,60.0,2,2,78753.26,42685.32,327200.0,448638.58
Д.2.2,6,Бетонні та залізобетонні конструкції монолітні,ДСТУ Б Д.2.2-6:2012,2,Фундаменти залізобетонні,6-2-4,Улаштування фундаментних плит залізобетонних товщиною 300–500 мм,100 м3,True,770.52,3.5,60.0,2,2,79799.4,42685.32,327200.0,449684.72
Д.2.2,6,Бетонні та залізобетонні конструкції монолітні,ДСТУ Б Д.2.2-6:2012,2,Фундаменти залізобетонні,6-2-5,Улаштування фундаментних плит залізобетонних товщиною понад 500 мм,100 м3,True,752.984,3.5,60.0,2,2,78133.48,42685.32,327200.0,448018.8
Д.2.2,6,Бетонні та залізобетонні конструкції монолітні,ДСТУ Б Д.2.2-6:2012,2,Фундаменти залізобетонні,6-2-6,Улаштування ростверків залізобетонних стрічкових,100 м3,True,764.116,3.5,60.0,2,2,79191.02,42685.32,327200.0,449076.34
Д.2.2,6,Бетонні та залізобетонні конструкції монолітні,ДСТУ Б Д.2.2-6:2012,2,Фундаменти залізобетонні,6-2-7,Улаштування ростверків залізобетонних окремо розташованих,100 м3,True,696.822,3.5,60.0,2,2,72798.09,42685.32,327200.0,442683.41
Д.2.2,6,Бетонні та залізобетонні конструкції монолітні,ДСТУ Б Д.2.2-6:2012,3,Стіни і перегородки монолітні,6-3-1,Улаштування стін підвалів залізобетонних товщиною до 200 мм,100 м3,True,768.484,3.5,60.0,2,2,79605.98,42685.32,327200.0,449491.3
Д.2.2,6,Бетонні та залізобетонні конструкції монолітні,ДСТУ Б Д.2.2-6:2012,3,Стіни і перегородки монолітні,6-3-2,Улаштування стін підвалів залізобетонних товщиною 200–400 мм,100 м3,True,720.598,3.5,60.0,2,2,75056.81,42685.32,327200.0,444942.13
Д.2.2,6,Бетонні та залізобетонні конструкції монолітні,ДСТУ Б Д.2.2-6:2012,3,Стіни і перегородки монолітні,6-3-3,Улаштування стін підвалів залізобетонних товщиною понад 400 мм,100 м3,True,761.322,3.5,60.0,2,2,78925.59,42685.32,327200.0,448810.91
Д.2.2,6,Бетонні та залізобетонні конструкції монолітні,ДСТУ Б Д.2.2-6:2012,3,Стіни і перегородки монолітні,6-3-4,Улаштування стін надземної частини залізобетонних,100 м3,True,675.89,3.5,60.0,2,2,70809.55,42685.32,327200.0,440694.87
Д.2.2,6,Бетонні та залізобетонні конструкції монолітні,ДСТУ Б Д.2.2-6:2012,3,Стіни і перегородки монолітні,6-3-5,Улаштування діафрагм жорсткості,100 м3,True,115.512,3.2,0.0,0,1,10973.64,0,150.0,11123.64
Д.2.2,6,Бетонні та залізобетонні конструкції монолітні,ДСТУ Б Д.2.2-6:2012,3,Стіни і перегородки монолітні,6-3-6,Улаштування перегородок залізобетонних,100 м3,True,650.017,3.5,60.0,2,2,68351.62,42685.32,327200.0,438236.94
Д.2.2,6,Бетонні та залізобетонні конструкції монолітні,ДСТУ Б Д.2.2-6:2012,4,Колони,6-4-1,"Улаштування колон прямокутних перерізом до 0,15 м2",100 м3,True,398.445,3.2,29.844,0,1,41135.12,0,150.0,41285.12
Д.2.2,6,Бетонні та залізобетонні конструкції монолітні,ДСТУ Б Д.2.2-6:2012,4,Колони,6-4-2,"Улаштування колон прямокутних перерізом 0,15–0,3 м2",100 м3,True,355.261,3.2,25.526,0,1,36557.66,0,150.0,36707.66
Д.2.2,6,Бетонні та залізобетонні конструкції монолітні,ДСТУ Б Д.2.2-6:2012,4,Колони,6-4-3,"Улаштування колон прямокутних перерізом понад 0,3 м2",100 м3,True,437.806,3.2,33.781,0,1,45307.48,0,150.0,45457.48
Д.2.2,6,Бетонні та залізобетонні конструкції монолітні,ДСТУ Б Д.2.2-6:2012,4,Колони,6-4-4,Улаштування колон круглих діаметром до 400 мм,100 м3,True,400.251,3.2,30.025,0,1,41326.6,0,150.0,41476.6
Д.2.2,6,Бетонні та залізобетонні конструкції монолітні,ДСТУ Б Д.2.2-6:2012,4,Колони,6-4-5,Улаштування колон круглих діаметром понад 400 мм,100 м3,True,442.54,3.2,34.254,0,1,45809.24,0,150.0,45959.24
Д.2.2,6,Бетонні та залізобетонні конструкції монолітні,ДСТУ Б Д.2.2-6:2012,5,"Перекриття, покриття, балки",6-5-1,Улаштування перекриттів безбалкових товщиною до 160 мм,100 м3,True,410.785,3.2,31.078,0,1,42443.16,0,150.0,42593.16
Д.2.2,6,Бетонні та залізобетонні конструкції монолітні,ДСТУ Б Д.2.2-6:2012,5,"Перекриття, покриття, балки",6-5-2,Улаштування перекриттів безбалкових товщиною 160–200 мм,100 м3,True,394.13,3.2,29.413,0,1,40677.78,0,150.0,40827.78
Д.2.2,6,Бетонні та залізобетонні конструкції монолітні,ДСТУ Б Д.2.2-6:2012,5,"Перекриття, покриття, балки",6-5-3,Улаштування перекриттів безбалкових товщиною понад 200 мм,100 м3,True,421.445,3.2,32.145,0,1,43573.22,0,150.0,43723.22
Д.2.2,6,Бетонні та залізобетонні конструкції монолітні,ДСТУ Б Д.2.2-6:2012,5,"Перекриття, покриття, балки",6-5-4,Улаштування перекриттів ребристих,100 м3,True,374.73,3.2,27.473,0,1,38621.38,0,150.0,38771.38
Д.2.2,6,Бетонні та залізобетонні конструкції монолітні,ДСТУ Б Д.2.2-6:2012,5,"Перекриття, покриття, балки",6-5-5,Улаштування балок і ригелів висотою до 400 мм,100 м3,True,94.289,3.2,0.0,0,1,8957.45,0,150.0,9107.45
Д.2.2,6,Бетонні та залізобетонні конструкції монолітні,ДСТУ Б Д.2.2-6:2012,5,"Перекриття, покриття, балки",6-5-6,Улаштування балок і ригелів висотою понад 400 мм,100 м3,True,107.505,3.2,0.0,0,1,10212.98,0,150.0,10362.98
Д.2.2,6,Бетонні та залізобетонні конструкції монолітні,ДСТУ Б Д.2.2-6:2012,5,"Перекриття, покриття, балки",6-5-7,Улаштування поясів і обв'язок залізобетонних,100 м3,True,796.997,3.5,60.0,2,2,82314.71,42685.32,327200.0,452200.03
Д.2.2,6,Бетонні та залізобетонні конструкції монолітні,ДСТУ Б Д.2.2-6:2012,6,Арматурні роботи (окремо),6-6-1,Установлення арматури окремих стержнів у фундаментах,т,True,18.655,4.0,0.4,1,2,1816.23,560.0,33000.0,35376.23
Д.2.2,6,Бетонні та залізобетонні конструкції монолітні,ДСТУ Б Д.2.2-6:2012,6,Арматурні роботи (окремо),6-6-2,Установлення арматури окремих стержнів у стінах,т,True,20.123,4.0,0.4,1,2,1955.69,560.0,33000.0,35515.69
Д.2.2,6,Бетонні та залізобетонні конструкції монолітні,ДСТУ Б Д.2.2-6:2012,6,Арматурні роботи (окремо),6-6-3,Установлення арматури окремих стержнів у колонах,т,True,18.298,4.0,0.4,1,2,1782.31,560.0,33000.0,35342.31
Д.2.2,6,Бетонні та залізобетонні конструкції монолітні,ДСТУ Б Д.2.2-6:2012,6,Арматурні роботи (окремо),6-6-4,Установлення арматури окремих стержнів у перекриттях,т,True,20.135,4.0,0.4,1,2,1956.83,560.0,33000.0,35516.83
Д.2.2,6,Бетонні та залізобетонні конструкції монолітні,ДСТУ Б Д.2.2-6:2012,6,Арматурні роботи (окремо),6-6-5,Установлення арматурних сіток плоских,т,True,18.693,4.0,0.4,1,2,1819.84,560.0,33000.0,35379.84
Д.2.2,6,Бетонні та залізобетонні конструкції монолітні,ДСТУ Б Д.2.2-6:2012,6,Арматурні роботи (окремо),6-6-6,Установлення арматурних каркасів просторових,т,True,19.628,4.0,0.4,1,2,1908.66,560.0,33000.0,35468.66
Д.2.2,6,Бетонні та залізобетонні конструкції монолітні,ДСТУ Б Д.2.2-6:2012,6,Арматурні роботи (окремо),6-6-7,Зварювання арматурних стиків,т,True,21.247,4.0,0.4,1,2,2062.47,560.0,33000.0,35622.47
Д.2.2,6,Бетонні та залізобетонні конструкції монолітні,ДСТУ Б Д.2.2-6:2012,7,Опалубні роботи (окремо),6-7-1,Установлення і розбирання опалубки фундаментів щитової,100 м2,True,38.776,3.8,0.0,0,3,3683.72,0,71.75,3755.47
Д.2.2,6,Бетонні та залізобетонні конструкції монолітні,ДСТУ Б Д.2.2-6:2012,7,Опалубні роботи (окремо),6-7-2,Установлення і розбирання опалубки стін щитової,100 м2,True,41.094,3.8,0.0,0,3,3903.93,0,71.75,3975.68
Д.2.2,6,Бетонні та залізобетонні конструкції монолітні,ДСТУ Б Д.2.2-6:2012,7,Опалубні роботи (окремо),6-7-3,Установлення і розбирання опалубки колон,100 м2,True,36.249,3.8,0.0,0,3,3443.66,0,71.75,3515.41
Д.2.2,6,Бетонні та залізобетонні конструкції монолітні,ДСТУ Б Д.2.2-6:2012,7,Опалубні роботи (окремо),6-7-4,Установлення і розбирання опалубки перекриттів на телескопічних стійках,100 м2,True,44.57,3.8,0.0,0,3,4234.15,0,71.75,4305.9
Д.2.2,6,Бетонні та залізобетонні конструкції монолітні,ДСТУ Б Д.2.2-6:2012,7,Опалубні роботи (окремо),6-7-5,Установлення і розбирання опалубки балок і ригелів,100 м2,True,39.622,3.8,0.0,0,3,3764.09,0,71.75,3835.84
Д.2.2,6,Бетонні та залізобетонні конструкції монолітні,ДСТУ Б Д.2.2-6:2012,7,Опалубні роботи (окремо),6-7-6,Установлення і розбирання опалубки сходів,100 м2,True,37.386,3.8,0.0,0,3,3551.67,0,71.75,3623.42
Д.2.2,6,Бетонні та залізобетонні конструкції монолітні,ДСТУ Б Д.2.2-6:2012,8,"Сходи, площадки, крильця, дрібні конструкції",6-8-1,Улаштування сходових маршів залізобетонних,100 м3,True,842.373,3.5,60.0,2,2,86625.43,42685.32,327200.0,456510.75
Д.2.2,6,Бетонні та залізобетонні конструкції монолітні,ДСТУ Б Д.2.2-6:2012,8,"Сходи, площадки, крильця, дрібні конструкції",6-8-2,Улаштування сходових площадок,100 м3,True,352.072,3.2,25.207,0,1,36219.61,0,150.0,36369.61
Д.2.2,6,Бетонні та залізобетонні конструкції монолітні,ДСТУ Б Д.2.2-6:2012,8,"Сходи, площадки, крильця, дрібні конструкції",6-8-3,Улаштування крилець і пандусів,100 м3,True,108.136,3.2,0.0,0,1,10272.92,0,150.0,10422.92
Д.2.2,6,Бетонні та залізобетонні конструкції монолітні,ДСТУ Б Д.2.2-6:2012,8,"Сходи, площадки, крильця, дрібні конструкції",6-8-4,Улаштування бетонних підлоги/вимощень товщиною до 100 мм,100 м3,True,759.563,3.5,60.0,2,2,78758.49,42685.32,327200.0,448643.81
Д.2.2,6,Бетонні та залізобетонні конструкції монолітні,ДСТУ Б Д.2.2-6:2012,8,"Сходи, площадки, крильця, дрібні конструкції",6-8-5,Улаштування закладних деталей у бетоні,т,True,17.167,3.5,0.6,2,2,1696.87,426.66,3272.0,5395.53
Д.2.2,7,Бетонні та залізобетонні конструкції збірні,ДСТУ Б Д.2.2-7:2012,1,Фундаментні блоки і подушки,7-1-1,"Укладання блоків ФБС масою до 0,5 т",100 шт,True,209.885,3.8,52.471,1,2,25710.89,78706.82,189900.0,294317.71
Д.2.2,7,Бетонні та залізобетонні конструкції збірні,ДСТУ Б Д.2.2-7:2012,1,Фундаментні блоки і подушки,7-1-2,"Укладання блоків ФБС масою до 1,0 т",100 шт,True,205.546,3.8,51.387,1,2,25179.44,77079.94,189900.0,292159.38
Д.2.2,7,Бетонні та залізобетонні конструкції збірні,ДСТУ Б Д.2.2-7:2012,1,Фундаментні блоки і подушки,7-1-3,"Укладання блоків ФБС масою до 1,5 т",100 шт,True,180.007,3.8,45.002,1,2,22050.89,67502.79,189900.0,279453.68
Д.2.2,7,Бетонні та залізобетонні конструкції збірні,ДСТУ Б Д.2.2-7:2012,1,Фундаментні блоки і подушки,7-1-4,"Укладання блоків ФБС масою понад 1,5 т",100 шт,True,195.006,3.8,48.752,1,2,23888.29,73127.28,189900.0,286915.57
Д.2.2,7,Бетонні та залізобетонні конструкції збірні,ДСТУ Б Д.2.2-7:2012,1,Фундаментні блоки і подушки,7-1-5,Укладання подушок фундаментних ФЛ,100 шт,True,80.54,3.5,0.6,2,2,7717.3,426.66,3272.0,11415.96
Д.2.2,7,Бетонні та залізобетонні конструкції збірні,ДСТУ Б Д.2.2-7:2012,1,Фундаментні блоки і подушки,7-1-6,Замонолічування вертикальних стиків блоків,100 м,True,29.367,3.5,0.6,2,2,2855.87,426.66,3272.0,6554.53
Д.2.2,7,Бетонні та залізобетонні конструкції збірні,ДСТУ Б Д.2.2-7:2012,2,Колони і ригелі збірні,7-2-1,Установлення колон у стакани фундаментів масою до 2 т,шт,True,7.645,4.0,1.2,1,2,858.27,1800.0,9350.0,12008.27
Д.2.2,7,Бетонні та залізобетонні конструкції збірні,ДСТУ Б Д.2.2-7:2012,2,Колони і ригелі збірні,7-2-2,Установлення колон масою до 4 т,шт,True,7.752,4.0,1.2,1,2,868.44,1800.0,9350.0,12018.44
Д.2.2,7,Бетонні та залізобетонні конструкції збірні,ДСТУ Б Д.2.2-7:2012,2,Колони і ригелі збірні,7-2-3,Укладання ригелів масою до 3 т,шт,True,6.571,4.0,1.2,1,2,756.25,1800.0,9350.0,11906.25
Д.2.2,7,Бетонні та залізобетонні конструкції збірні,ДСТУ Б Д.2.2-7:2012,2,Колони і ригелі збірні,7-2-4,Укладання ригелів масою до 5 т,шт,True,7.009,4.0,1.2,1,2,797.86,1800.0,9350.0,11947.86
Д.2.2,7,Бетонні та залізобетонні конструкції збірні,ДСТУ Б Д.2.2-7:2012,3,Плити перекриттів і покриттів,7-3-1,Укладання плит перекриттів багатопустотних площею до 5 м2,100 м2,True,90.758,4.0,14.114,1,3,10174.55,22582.0,153000.0,185756.55
Д.2.2,7,Бетонні та залізобетонні конструкції збірні,ДСТУ Б Д.2.2-7:2012,3,Плити перекриттів і покриттів,7-3-2,Укладання плит перекриттів багатопустотних площею до 10 м2,100 м2,True,101.024,4.0,15.654,1,3,11319.22,25045.76,153000.0,189364.98
Д.2.2,7,Бетонні та залізобетонні конструкції збірні,ДСТУ Б Д.2.2-7:2012,3,Плити перекриттів і покриттів,7-3-3,Укладання плит покриттів ребристих,100 м2,True,106.204,4.0,16.431,1,3,11896.79,26289.05,153000.0,191185.84
Д.2.2,7,Бетонні та залізобетонні конструкції збірні,ДСТУ Б Д.2.2-7:2012,3,Плити перекриттів і покриттів,7-3-4,Замонолічування стиків і швів плит,100 м,True,23.926,3.5,0.6,2,2,2338.97,426.66,3272.0,6037.63
Д.2.2,7,Бетонні та залізобетонні конструкції збірні,ДСТУ Б Д.2.2-7:2012,3,Плити перекриттів і покриттів,7-3-5,Укладання перемичок збірних,100 шт,True,193.581,3.8,48.395,1,2,23713.65,72592.76,189900.0,286206.41
Д.2.2,7,Бетонні та залізобетонні конструкції збірні,ДСТУ Б Д.2.2-7:2012,4,Стінові панелі та перегородки збірні,7-4-1,Установлення панелей стінових зовнішніх одношарових,100 м2,True,99.091,4.0,15.364,1,3,11103.68,24581.95,153000.0,188685.63
Д.2.2,7,Бетонні та залізобетонні конструкції збірні,ДСТУ Б Д.2.2-7:2012,4,Стінові панелі та перегородки збірні,7-4-2,Установлення панелей стінових зовнішніх тришарових,100 м2,True,98.066,4.0,15.21,1,3,10989.37,24335.87,153000.0,188325.24
Д.2.2,7,Бетонні та залізобетонні конструкції збірні,ДСТУ Б Д.2.2-7:2012,4,Стінові панелі та перегородки збірні,7-4-3,Установлення панелей внутрішніх стін,100 м2,True,97.382,4.0,15.107,1,3,10913.06,24171.57,153000.0,188084.63
Д.2.2,7,Бетонні та залізобетонні конструкції збірні,ДСТУ Б Д.2.2-7:2012,4,Стінові панелі та перегородки збірні,7-4-4,Установлення збірних перегородок,100 м2,True,93.416,4.0,14.512,1,3,10470.84,23219.85,153000.0,186690.69
Д.2.2,7,Бетонні та залізобетонні конструкції збірні,ДСТУ Б Д.2.2-7:2012,5,Сходи збірні,7-5-1,Установлення сходових маршів масою до 1 т,шт,True,7.364,4.0,1.2,1,2,831.58,1800.0,9350.0,11981.58
Д.2.2,7,Бетонні та залізобетонні конструкції збірні,ДСТУ Б Д.2.2-7:2012,5,Сходи збірні,7-5-2,Установлення сходових маршів масою понад 1 т,шт,True,7.582,4.0,1.2,1,2,852.29,1800.0,9350.0,12002.29
Д.2.2,7,Бетонні та залізобетонні конструкції збірні,ДСТУ Б Д.2.2-7:2012,5,Сходи збірні,7-5-3,Установлення сходових площадок,шт,True,7.321,4.0,1.2,1,2,827.5,1800.0,9350.0,11977.5
Д.2.2,7,Бетонні та залізобетонні конструкції збірні,ДСТУ Б Д.2.2-7:2012,5,Сходи збірні,7-5-4,Установлення огороджень сходів металевих,м,True,95.867,4.0,14.88,1,3,10744.17,23808.07,153000.0,187552.24
Д.2.2,7,Бетонні та залізобетонні конструкції збірні,ДСТУ Б Д.2.2-7:2012,6,Об'ємні елементи,7-6-1,Установлення санітарно-технічних кабін,шт,True,7.971,4.0,1.2,1,2,889.25,1800.0,9350.0,12039.25
Д.2.2,7,Бетонні та залізобетонні конструкції збірні,ДСТУ Б Д.2.2-7:2012,6,Об'ємні елементи,7-6-2,Установлення вентиляційних блоків,шт,True,6.164,4.0,1.2,1,2,717.58,1800.0,9350.0,11867.58
Д.2.2,7,Бетонні та залізобетонні конструкції збірні,ДСТУ Б Д.2.2-7:2012,6,Об'ємні елементи,7-6-3,Установлення елементів ліфтових шахт,шт,True,7.048,4.0,1.2,1,2,801.56,1800.0,9350.0,11951.56
Д.2.2,8,Конструкції з цегли та блоків,ДСТУ Б Д.2.2-8:2016,1,Конструкції з бутового каменю,8-1-1,Улаштування фундаментів із бутового каменю під лопату,м3,True,6.141,3.3,0.15,1,2,599.89,135.0,1781.0,2515.89
Д.2.2,8,Конструкції з цегли та блоків,ДСТУ Б Д.2.2-8:2016,1,Конструкції з бутового каменю,8-1-2,Улаштування фундаментів із бутового каменю під скобу,м3,True,6.469,3.3,0.15,1,2,631.06,135.0,1781.0,2547.06
Д.2.2,8,Конструкції з цегли та блоків,ДСТУ Б Д.2.2-8:2016,1,Конструкції з бутового каменю,8-1-3,Мурування стін підвалів із бутового каменю під лопату,м3,True,6.055,3.3,0.15,1,2,591.73,135.0,1781.0,2507.73
Д.2.2,8,Конструкції з цегли та блоків,ДСТУ Б Д.2.2-8:2016,1,Конструкції з бутового каменю,8-1-4,Мурування стін підвалів із бутового каменю під скобу,м3,True,6.113,3.3,0.15,1,2,597.24,135.0,1781.0,2513.24
Д.2.2,8,Конструкції з цегли та блоків,ДСТУ Б Д.2.2-8:2016,1,Конструкції з бутового каменю,8-1-5,Мурування стін із бутового каменю з облицюванням цеглою,м3,True,6.626,3.3,0.15,1,2,645.97,135.0,1781.0,2561.97
Д.2.2,8,Конструкції з цегли та блоків,ДСТУ Б Д.2.2-8:2016,2,Основи під фундаменти,8-2-1,Улаштування піщаної основи під фундаменти з ущільненням,м3,True,9.969,2.8,0.5,1,2,1002.05,300.0,259.25,1561.3
Д.2.2,8,Конструкції з цегли та блоків,ДСТУ Б Д.2.2-8:2016,2,Основи під фундаменти,8-2-2,Улаштування щебеневої основи під фундаменти з ущільненням,м3,True,10.63,2.8,0.5,1,2,1064.85,300.0,259.25,1624.1
Д.2.2,8,Конструкції з цегли та блоків,ДСТУ Б Д.2.2-8:2016,2,Основи під фундаменти,8-2-3,Улаштування бетонної підготовки товщиною 100 мм,м3,True,4.933,3.5,0.15,1,3,485.13,135.0,5353.92,5974.05
Д.2.2,8,Конструкції з цегли та блоків,ДСТУ Б Д.2.2-8:2016,3,Гідроізоляція фундаментів і стін,8-3-1,Горизонтальна ізоляція цементним розчином 1:2 товщиною 20 мм,100 м2,True,59.358,3.5,0.15,1,2,5655.51,135.0,66480.0,72270.51
Д.2.2,8,Конструкції з цегли та блоків,ДСТУ Б Д.2.2-8:2016,3,Гідроізоляція фундаментів і стін,8-3-2,Горизонтальна ізоляція рулонними матеріалами в 1 шар,100 м2,True,56.427,3.5,0.15,1,2,5377.06,135.0,66480.0,71992.06
Д.2.2,8,Конструкції з цегли та блоків,ДСТУ Б Д.2.2-8:2016,3,Гідроізоляція фундаментів і стін,8-3-3,Горизонтальна ізоляція рулонними матеріалами в 2 шари,100 м2,True,58.605,3.5,0.15,1,2,5583.97,135.0,66480.0,72198.97
Д.2.2,8,Конструкції з цегли та блоків,ДСТУ Б Д.2.2-8:2016,3,Гідроізоляція фундаментів і стін,8-3-4,Бокова обмазувальна ізоляція бітумною мастикою в 2 шари,100 м2,True,62.594,3.5,0.15,1,2,5962.93,135.0,66480.0,72577.93
Д.2.2,8,Конструкції з цегли та блоків,ДСТУ Б Д.2.2-8:2016,3,Гідроізоляція фундаментів і стін,8-3-5,Бокова обклеювальна ізоляція рулонними матеріалами в 1 шар,100 м2,True,43.608,3.6,0.15,1,3,4159.26,135.0,3393.5,7687.76
Д.2.2,8,Конструкції з цегли та блоків,ДСТУ Б Д.2.2-8:2016,3,Гідроізоляція фундаментів і стін,8-3-6,Бокова обклеювальна ізоляція рулонними матеріалами в 2 шари,100 м2,True,47.245,3.6,0.15,1,3,4504.77,135.0,3393.5,8033.27
Д.2.2,8,Конструкції з цегли та блоків,ДСТУ Б Д.2.2-8:2016,3,Гідроізоляція фундаментів і стін,8-3-7,Обмазувальна ізоляція полімерцементними складами,100 м2,True,57.023,3.5,0.15,1,2,5433.69,135.0,66480.0,72048.69
Д.2.2,8,Конструкції з цегли та блоків,ДСТУ Б Д.2.2-8:2016,3,Гідроізоляція фундаментів і стін,8-3-8,Вирівнювання бутових поверхонь розчином під ізоляцію,100 м2,True,58.139,3.3,0.15,1,2,5539.7,135.0,1781.0,7455.7
Д.2.2,8,Конструкції з цегли та блоків,ДСТУ Б Д.2.2-8:2016,5,Мурування стін із цегли,8-5-1,"Мурування зовнішніх простих стін із цегли керамічної, висота поверху до 4 м",м3,True,5.438,3.5,0.15,1,3,533.11,135.0,5429.76,6097.87
Д.2.2,8,Конструкції з цегли та блоків,ДСТУ Б Д.2.2-8:2016,5,Мурування стін із цегли,8-5-2,"Мурування зовнішніх стін середньої складності із цегли керамічної, висота поверху до 4 м",м3,True,4.992,3.5,0.15,1,3,490.74,135.0,5362.92,5988.66
Д.2.2,8,Конструкції з цегли та блоків,ДСТУ Б Д.2.2-8:2016,5,Мурування стін із цегли,8-5-3,"Мурування зовнішніх складних стін із цегли керамічної, висота поверху до 4 м",м3,True,5.195,3.5,0.15,1,3,510.03,135.0,5393.28,6038.31
Д.2.2,8,Конструкції з цегли та блоків,ДСТУ Б Д.2.2-8:2016,5,Мурування стін із цегли,8-5-4,"Мурування внутрішніх стін із цегли керамічної, висота поверху до 4 м",м3,True,4.987,3.5,0.15,1,3,490.26,135.0,5362.08,5987.34
Д.2.2,8,Конструкції з цегли та блоків,ДСТУ Б Д.2.2-8:2016,5,Мурування стін із цегли,8-5-5,"Мурування зовнішніх простих стін із цегли силікатної, висота поверху до 4 м",м3,True,5.025,3.5,0.15,1,3,493.88,135.0,4534.0,5162.88
Д.2.2,8,Конструкції з цегли та блоків,ДСТУ Б Д.2.2-8:2016,5,Мурування стін із цегли,8-5-6,"Мурування внутрішніх стін із цегли силікатної, висота поверху до 4 м",м3,True,5.265,3.5,0.15,1,3,516.67,135.0,4534.0,5185.67
Д.2.2,8,Конструкції з цегли та блоків,ДСТУ Б Д.2.2-8:2016,5,Мурування стін із цегли,8-5-7,"Мурування зовнішніх простих стін із цегли керамічної, висота поверху понад 4 м",м3,True,5.447,3.5,0.15,1,3,533.97,135.0,5430.96,6099.93
Д.2.2,8,Конструкції з цегли та блоків,ДСТУ Б Д.2.2-8:2016,5,Мурування стін із цегли,8-5-8,Мурування внутрішніх стін при висоті поверху понад 4 м,м3,True,5.326,3.5,0.15,1,3,522.47,135.0,5412.84,6070.31
Д.2.2,8,Конструкції з цегли та блоків,ДСТУ Б Д.2.2-8:2016,5,Мурування стін із цегли,8-5-9,Мурування стін із цегли з облицюванням лицьовою цеглою одночасно,м3,True,4.821,3.5,0.15,1,3,474.49,135.0,5337.24,5946.73
Д.2.2,8,Конструкції з цегли та блоків,ДСТУ Б Д.2.2-8:2016,5,Мурування стін із цегли,8-5-10,Мурування стін криволінійних у плані із цегли,м3,True,4.833,3.5,0.15,1,3,475.63,135.0,5339.04,5949.67
Д.2.2,8,Конструкції з цегли та блоків,ДСТУ Б Д.2.2-8:2016,6,Мурування перегородок із цегли,8-6-1,Мурування перегородок товщиною 1/2 цегли неармованих,100 м2,True,62.215,3.5,0.15,1,2,5926.93,135.0,66480.0,72541.93
Д.2.2,8,Конструкції з цегли та блоків,ДСТУ Б Д.2.2-8:2016,6,Мурування перегородок із цегли,8-6-2,Мурування перегородок товщиною 1/2 цегли армованих,100 м2,True,57.409,3.5,0.15,1,2,5470.35,135.0,66480.0,72085.35
Д.2.2,8,Конструкції з цегли та блоків,ДСТУ Б Д.2.2-8:2016,6,Мурування перегородок із цегли,8-6-3,Мурування перегородок товщиною 1 цеглу неармованих,100 м2,True,62.928,3.5,0.15,1,2,5994.66,135.0,66480.0,72609.66
Д.2.2,8,Конструкції з цегли та блоків,ДСТУ Б Д.2.2-8:2016,6,Мурування перегородок із цегли,8-6-4,Мурування перегородок товщиною 1 цеглу армованих,100 м2,True,63.123,3.5,0.15,1,2,6013.18,135.0,66480.0,72628.18
Д.2.2,8,Конструкції з цегли та блоків,ДСТУ Б Д.2.2-8:2016,6,Мурування перегородок із цегли,8-6-5,Мурування перегородок криволінійних товщиною 1/2 цегли,100 м2,True,61.082,3.5,0.15,1,2,5819.29,135.0,66480.0,72434.29
Д.2.2,8,Конструкції з цегли та блоків,ДСТУ Б Д.2.2-8:2016,7,Окремі конструкції з цегли,8-7-1,Мурування стовпів прямокутних із цегли,м3,True,5.357,3.5,0.15,1,3,525.41,135.0,5417.52,6077.93
Д.2.2,8,Конструкції з цегли та блоків,ДСТУ Б Д.2.2-8:2016,7,Окремі конструкції з цегли,8-7-2,Мурування стовпів з ускладненнями,м3,True,5.036,3.5,0.15,1,3,494.92,135.0,5369.4,5999.32
Д.2.2,8,Конструкції з цегли та блоків,ДСТУ Б Д.2.2-8:2016,7,Окремі конструкції з цегли,8-7-3,Мурування карнизів і архітектурних деталей,м3,True,5.333,3.5,0.15,1,3,523.13,135.0,5413.92,6072.05
Д.2.2,8,Конструкції з цегли та блоків,ДСТУ Б Д.2.2-8:2016,7,Окремі конструкції з цегли,8-7-4,Мурування каналів вентиляційних і димових у стінах,м3,True,4.9,3.5,0.15,1,3,482.0,135.0,5349.0,5966.0
Д.2.2,8,Конструкції з цегли та блоків,ДСТУ Б Д.2.2-8:2016,7,Окремі конструкції з цегли,8-7-5,Мурування перемичок рядових із цегли,м3,True,5.576,3.5,0.15,1,3,546.22,135.0,5450.52,6131.74
Д.2.2,8,Конструкції з цегли та блоків,ДСТУ Б Д.2.2-8:2016,7,Окремі конструкції з цегли,8-7-6,Мурування перемичок клинчастих і аркових,м3,True,5.549,3.5,0.15,1,3,543.66,135.0,5446.32,6124.98
Д.2.2,8,Конструкції з цегли та блоків,ДСТУ Б Д.2.2-8:2016,10,Розшивання швів,8-10-1,Розшивання швів зовнішніх стін,100 м2,True,62.016,3.5,0.15,1,2,5908.02,135.0,66480.0,72523.02
Д.2.2,8,Конструкції з цегли та блоків,ДСТУ Б Д.2.2-8:2016,10,Розшивання швів,8-10-2,Розшивання швів внутрішніх стін,100 м2,True,59.065,3.5,0.15,1,2,5627.68,135.0,66480.0,72242.68
Д.2.2,8,Конструкції з цегли та блоків,ДСТУ Б Д.2.2-8:2016,10,Розшивання швів,8-10-3,Зменшення витрат при муруванні під штукатурку (виключити розшивання),100 м2,True,58.992,3.5,0.15,1,2,5620.74,135.0,66480.0,72235.74
Д.2.2,8,Конструкції з цегли та блоків,ДСТУ Б Д.2.2-8:2016,11,Армування мурування,8-11-1,"Армування мурування стін, перемичок, простінків сітками/стержнями",т,True,17.685,3.5,0.6,2,2,1746.07,426.66,3272.0,5444.73
Д.2.2,8,Конструкції з цегли та блоків,ДСТУ Б Д.2.2-8:2016,11,Армування мурування,8-11-2,Установлення металевих зв'язків і ґрат,т,True,14.578,3.5,0.15,1,3,1401.41,135.0,5346.84,6883.25
Д.2.2,8,Конструкції з цегли та блоків,ДСТУ Б Д.2.2-8:2016,11,Армування мурування,8-11-3,Улаштування армопоясів із сітки в муруванні,т,True,16.518,3.5,0.15,1,3,1585.71,135.0,5390.16,7110.87
Д.2.2,8,Конструкції з цегли та блоків,ДСТУ Б Д.2.2-8:2016,12,Мурування з каменів керамічних/силікатних,8-12-1,Мурування зовнішніх простих стін із каменів керамічних,м3,True,5.161,3.5,0.15,1,3,506.79,135.0,5388.12,6029.91
Д.2.2,8,Конструкції з цегли та блоків,ДСТУ Б Д.2.2-8:2016,12,Мурування з каменів керамічних/силікатних,8-12-2,Мурування зовнішніх стін середньої складності із каменів,м3,True,5.293,3.5,0.15,1,3,519.34,135.0,5408.04,6062.38
Д.2.2,8,Конструкції з цегли та блоків,ДСТУ Б Д.2.2-8:2016,12,Мурування з каменів керамічних/силікатних,8-12-3,Мурування внутрішніх стін із каменів керамічних,м3,True,4.96,3.5,0.15,1,3,487.7,135.0,5358.0,5980.7
Д.2.2,8,Конструкції з цегли та блоків,ДСТУ Б Д.2.2-8:2016,12,Мурування з каменів керамічних/силікатних,8-12-4,Мурування зовнішніх стін із каменів силікатних,м3,True,5.121,3.5,0.15,1,3,503.0,135.0,4534.0,5172.0
Д.2.2,8,Конструкції з цегли та блоків,ДСТУ Б Д.2.2-8:2016,20,Мурування з каменів легкобетонних,8-20-1,Мурування зовнішніх стін із легкобетонних каменів,м3,True,4.89,3.5,0.15,1,3,481.05,135.0,5347.56,5963.61
Д.2.2,8,Конструкції з цегли та блоків,ДСТУ Б Д.2.2-8:2016,20,Мурування з каменів легкобетонних,8-20-2,Мурування внутрішніх стін із легкобетонних каменів,м3,True,5.398,3.5,0.15,1,3,529.31,135.0,5423.64,6087.95
Д.2.2,8,Конструкції з цегли та блоків,ДСТУ Б Д.2.2-8:2016,20,Мурування з каменів легкобетонних,8-20-3,Заповнення каркасів і фахверків легкобетонними каменями,м3,True,5.069,3.5,0.15,1,3,498.06,135.0,5374.32,6007.38
Д.2.2,8,Конструкції з цегли та блоків,ДСТУ Б Д.2.2-8:2016,20,Мурування з каменів легкобетонних,8-20-4,Засипання порожнин у каменях легким бетоном/засипкою,м3,True,8.926,2.8,0.5,1,2,902.97,300.0,259.25,1462.22
Д.2.2,8,Конструкції з цегли та блоків,ДСТУ Б Д.2.2-8:2016,21,Мурування з керамзитобетонних і пазогребеневих блоків,8-21-1,Мурування стін із керамзитобетонних блоків у каркасних будівлях,м3,True,5.136,3.5,0.15,1,3,504.42,135.0,5384.52,6023.94
Д.2.2,8,Конструкції з цегли та блоків,ДСТУ Б Д.2.2-8:2016,21,Мурування з керамзитобетонних і пазогребеневих блоків,8-21-2,Мурування стін із бетонних пазогребеневих блоків,м3,True,5.599,3.5,0.15,1,3,548.4,135.0,5453.88,6137.28
Д.2.2,8,Конструкції з цегли та блоків,ДСТУ Б Д.2.2-8:2016,21,Мурування з керамзитобетонних і пазогребеневих блоків,8-21-3,Мурування стін із керамзитобетонних блоків з облицюванням цеглою,м3,True,5.221,3.5,0.15,1,3,512.5,135.0,5397.12,6044.62
Д.2.2,8,Конструкції з цегли та блоків,ДСТУ Б Д.2.2-8:2016,22,Мурування з газобетонних блоків,8-22-1,"Мурування зовнішніх стін із газобетонних блоків на клею, товщина 300 мм",м3,True,3.871,3.6,0.15,1,3,384.25,135.0,3393.5,3912.75
Д.2.2,8,Конструкції з цегли та блоків,ДСТУ Б Д.2.2-8:2016,22,Мурування з газобетонних блоків,8-22-2,"Мурування зовнішніх стін із газобетонних блоків на клею, товщина 375–400 мм",м3,True,4.501,3.6,0.15,1,3,444.1,135.0,3393.5,3972.6
Д.2.2,8,Конструкції з цегли та блоків,ДСТУ Б Д.2.2-8:2016,22,Мурування з газобетонних блоків,8-22-3,Мурування внутрішніх стін із газобетонних блоків на клею,м3,True,4.091,3.6,0.15,1,3,405.15,135.0,3393.5,3933.65
Д.2.2,8,Конструкції з цегли та блоків,ДСТУ Б Д.2.2-8:2016,22,Мурування з газобетонних блоків,8-22-4,Улаштування перемичок із U-блоків газобетонних з армуванням і бетонуванням,м3,True,7.451,3.5,0.6,2,2,773.84,426.66,3272.0,4472.5
Д.2.2,8,Конструкції з цегли та блоків,ДСТУ Б Д.2.2-8:2016,22,Мурування з газобетонних блоків,8-22-5,Улаштування монолітного армопоясу по газобетонних стінах,м3,True,4.638,3.6,0.15,1,3,457.11,135.0,3393.5,3985.61
Д.2.2,8,Конструкції з цегли та блоків,ДСТУ Б Д.2.2-8:2016,24,Перегородки з плит,8-24-1,Улаштування перегородок із гіпсових плит у 1 шар,100 м2,True,192.33,3.4,0.15,1,2,18287.85,135.0,31100,49522.85
Д.2.2,8,Конструкції з цегли та блоків,ДСТУ Б Д.2.2-8:2016,24,Перегородки з плит,8-24-2,Улаштування перегородок із гіпсових плит у 2 шари,100 м2,True,187.041,3.4,0.15,1,2,17785.4,135.0,31100,49020.4
Д.2.2,8,Конструкції з цегли та блоків,ДСТУ Б Д.2.2-8:2016,24,Перегородки з плит,8-24-3,Улаштування перегородок із легкобетонних плит,100 м2,True,213.742,3.4,0.15,1,2,20321.99,135.0,31100,51556.99
Д.2.2,8,Конструкції з цегли та блоків,ДСТУ Б Д.2.2-8:2016,24,Перегородки з плит,8-24-4,Улаштування перегородок вологостійких гіпсових у санвузлах,100 м2,True,206.489,3.4,0.15,1,2,19632.96,135.0,31100,50867.96
Д.2.2,8,Конструкції з цегли та блоків,ДСТУ Б Д.2.2-8:2016,25,Перегородки з газобетонних блоків,8-25-1,Улаштування перегородок товщиною 100 мм на клею,100 м2,True,49.553,3.6,0.15,1,3,4724.03,135.0,3393.5,8252.53
Д.2.2,8,Конструкції з цегли та блоків,ДСТУ Б Д.2.2-8:2016,25,Перегородки з газобетонних блоків,8-25-2,Улаштування перегородок товщиною 150 мм на клею,100 м2,True,41.839,3.6,0.15,1,3,3991.2,135.0,3393.5,7519.7
Д.2.2,8,Конструкції з цегли та блоків,ДСТУ Б Д.2.2-8:2016,25,Перегородки з газобетонних блоків,8-25-3,Улаштування перегородок товщиною 200 мм на клею,100 м2,True,40.835,3.6,0.15,1,3,3895.83,135.0,3393.5,7424.33
Д.2.2,8,Конструкції з цегли та блоків,ДСТУ Б Д.2.2-8:2016,26,Перегородки зі скляних блоків,8-26-1,Улаштування перегородок із скляних блоків,100 м2,True,64.31,3.5,0.15,1,2,6125.95,135.0,66480.0,72740.95
Д.2.2,8,Конструкції з цегли та блоків,ДСТУ Б Д.2.2-8:2016,26,Перегородки зі скляних блоків,8-26-2,Заповнення прорізів скляними блоками,100 м2,True,56.619,3.5,0.15,1,2,5395.31,135.0,66480.0,72010.31
Д.2.2,8,Конструкції з цегли та блоків,ДСТУ Б Д.2.2-8:2016,27,Підвіконні плити,8-27-1,"Укладання підвіконних плит залізобетонних шириною до 0,3 м",100 м,True,61.065,3.5,0.15,1,2,5817.68,135.0,66480.0,72432.68
Д.2.2,8,Конструкції з цегли та блоків,ДСТУ Б Д.2.2-8:2016,27,Підвіконні плити,8-27-2,"Укладання підвіконних плит шириною понад 0,3 м",100 м,True,56.03,3.5,0.15,1,2,5339.35,135.0,66480.0,71954.35
Д.2.2,8,Конструкції з цегли та блоків,ДСТУ Б Д.2.2-8:2016,27,Підвіконні плити,8-27-3,Установлення підвіконників з ПВХ/МДФ,100 м,True,63.708,3.5,0.15,1,2,6068.76,135.0,66480.0,72683.76
Д.2.2,8,Конструкції з цегли та блоків,ДСТУ Б Д.2.2-8:2016,28,Ґанки,8-28-1,Улаштування ґанків із цегли з сходами,м2,True,4.942,3.5,0.15,1,3,485.99,135.0,5355.36,5976.35
Д.2.2,8,Конструкції з цегли та блоків,ДСТУ Б Д.2.2-8:2016,28,Ґанки,8-28-2,Улаштування ґанків із бетонних елементів,м2,True,5.456,3.5,0.15,1,3,534.82,135.0,5432.4,6102.22
Д.2.2,8,Конструкції з цегли та блоків,ДСТУ Б Д.2.2-8:2016,28,Ґанки,8-28-3,Улаштування пандусів для маломобільних груп,м2,True,5.265,3.5,0.15,1,3,516.67,135.0,5403.72,6055.39
Д.2.2,8,Конструкції з цегли та блоків,ДСТУ Б Д.2.2-8:2016,36,Зовнішні інвентарні риштування,8-36-1,Установлення і розбирання трубчастих риштувань для мурування висотою до 16 м,100 м2,True,48.715,3.2,0.15,1,1,4644.43,135.0,2500,7279.43
Д.2.2,8,Конструкції з цегли та блоків,ДСТУ Б Д.2.2-8:2016,36,Зовнішні інвентарні риштування,8-36-2,Установлення і розбирання трубчастих риштувань для опорядження висотою до 16 м,100 м2,True,39.162,3.2,0.15,1,1,3736.89,135.0,2500,6371.89
Д.2.2,8,Конструкції з цегли та блоків,ДСТУ Б Д.2.2-8:2016,36,Зовнішні інвентарні риштування,8-36-3,Додавати на кожні наступні 4 м висоти риштувань,100 м2,True,44.436,3.2,0.15,1,1,4237.92,135.0,2500,6872.92
Д.2.2,8,Конструкції з цегли та блоків,ДСТУ Б Д.2.2-8:2016,36,Зовнішні інвентарні риштування,8-36-4,Установлення і розбирання підвісних риштувань,100 м2,True,46.639,3.2,0.15,1,1,4447.2,135.0,2500,7082.2
Д.2.2,8,Конструкції з цегли та блоків,ДСТУ Б Д.2.2-8:2016,37,Внутрішні інвентарні риштування,8-37-1,Установлення і розбирання внутрішніх риштувань висотою до 4 м,100 м2,True,36.932,3.2,0.15,1,1,3525.04,135.0,2500,6160.04
Д.2.2,8,Конструкції з цегли та блоків,ДСТУ Б Д.2.2-8:2016,37,Внутрішні інвентарні риштування,8-37-2,Додавати на кожні наступні 4 м висоти приміщення,100 м2,True,62.643,3.5,0.15,1,2,5967.59,135.0,66480.0,72582.59
Д.2.2,9,Металеві конструкції,ДСТУ Б Д.2.2-9:2012,1,Колони і стійки,9-1-1,Установлення колон суцільного перерізу масою до 1 т,т,True,15.606,4.2,1.0,2,3,1592.57,652.76,47450.0,49695.33
Д.2.2,9,Металеві конструкції,ДСТУ Б Д.2.2-9:2012,1,Колони і стійки,9-1-2,Установлення колон масою до 3 т,т,True,14.684,4.2,1.0,2,3,1504.98,652.76,47450.0,49607.74
Д.2.2,9,Металеві конструкції,ДСТУ Б Д.2.2-9:2012,1,Колони і стійки,9-1-3,Установлення колон наскрізного перерізу,т,True,17.468,4.2,1.0,2,3,1769.46,652.76,47450.0,49872.22
Д.2.2,9,Металеві конструкції,ДСТУ Б Д.2.2-9:2012,1,Колони і стійки,9-1-4,Установлення стійок і фахверків,т,True,15.656,3.2,0.0,0,1,1487.32,0,150.0,1637.32
Д.2.2,9,Металеві конструкції,ДСТУ Б Д.2.2-9:2012,2,"Балки, ригелі, ферми",9-2-1,Укладання балок і ригелів масою до 1 т,т,True,14.945,4.2,1.0,2,3,1529.78,652.76,47450.0,49632.54
Д.2.2,9,Металеві конструкції,ДСТУ Б Д.2.2-9:2012,2,"Балки, ригелі, ферми",9-2-2,Укладання балок масою до 3 т,т,True,16.554,4.2,1.0,2,3,1682.63,652.76,47450.0,49785.39
Д.2.2,9,Металеві конструкції,ДСТУ Б Д.2.2-9:2012,2,"Балки, ригелі, ферми",9-2-3,Установлення ферм покриття прольотом до 18 м,т,True,16.926,4.2,1.0,2,3,1717.97,652.76,47450.0,49820.73
Д.2.2,9,Металеві конструкції,ДСТУ Б Д.2.2-9:2012,2,"Балки, ригелі, ферми",9-2-4,Установлення прогонів покриття,т,True,14.938,3.2,0.0,0,1,1419.11,0,150.0,1569.11
Д.2.2,9,Металеві конструкції,ДСТУ Б Д.2.2-9:2012,3,"Зв'язки, огородження, драбини",9-3-1,Установлення зв'язків вертикальних і горизонтальних,т,True,16.802,3.2,0.0,0,1,1596.19,0,150.0,1746.19
Д.2.2,9,Металеві конструкції,ДСТУ Б Д.2.2-9:2012,3,"Зв'язки, огородження, драбини",9-3-2,Установлення огороджень покрівлі,т,True,14.431,3.6,0.2,1,2,1392.94,10.0,228.0,1630.94
Д.2.2,9,Металеві конструкції,ДСТУ Б Д.2.2-9:2012,3,"Зв'язки, огородження, драбини",9-3-3,Установлення драбин пожежних і технічних,т,True,15.912,3.2,0.0,0,1,1511.64,0,150.0,1661.64
Д.2.2,9,Металеві конструкції,ДСТУ Б Д.2.2-9:2012,3,"Зв'язки, огородження, драбини",9-3-4,Установлення козирків і навісів металевих,т,True,16.465,4.2,1.0,2,3,1674.17,652.76,47450.0,49776.93
Д.2.2,9,Металеві конструкції,ДСТУ Б Д.2.2-9:2012,4,Огороджувальні конструкції з профлиста,9-4-1,Улаштування стін із профнастилу по металевому каркасу,100 м2,True,44.298,4.2,1.0,2,3,4318.31,652.76,47450.0,52421.07
Д.2.2,9,Металеві конструкції,ДСТУ Б Д.2.2-9:2012,4,Огороджувальні конструкції з профлиста,9-4-2,Улаштування покриттів із профнастилу,100 м2,True,45.221,4.2,1.0,2,3,4405.99,652.76,47450.0,52508.75
Д.2.2,9,Металеві конструкції,ДСТУ Б Д.2.2-9:2012,4,Огороджувальні конструкції з профлиста,9-4-3,Улаштування огороджень майданчиків із сітки/ґрат,100 м2,True,45.735,3.2,0.0,0,1,4344.82,0,150.0,4494.82
Д.2.2,9,Металеві конструкції,ДСТУ Б Д.2.2-9:2012,5,Зварювання і захист,9-5-1,Зварювання монтажних стиків,т,True,15.951,4.2,1.0,2,3,1625.35,652.76,47450.0,49728.11
Д.2.2,9,Металеві конструкції,ДСТУ Б Д.2.2-9:2012,5,Зварювання і захист,9-5-2,Установлення болтів високоміцних,100 шт,True,43.752,3.2,0.0,0,1,4156.44,0,150.0,4306.44
Д.2.2,9,Металеві конструкції,ДСТУ Б Д.2.2-9:2012,5,Зварювання і захист,9-5-3,Установлення анкерних болтів у готові гнізда,100 шт,True,53.078,3.2,0.0,0,1,5042.41,0,150.0,5192.41
Д.2.2,9,Металеві конструкції,ДСТУ Б Д.2.2-9:2012,5,Зварювання і захист,9-5-4,Ґрунтування і фарбування конструкцій за 2 рази,100 м2,True,71.158,3.4,0.0,0,3,6760.01,0,7415,14175.01
Д.2.2,10,Дерев'яні конструкції,ДСТУ Б Д.2.2-10:2012,1,Кроквяна система,10-1-1,Улаштування мауерлатів з антисептуванням,м3,True,8.459,3.6,0.0,0,3,803.61,0,13595.0,14398.61
Д.2.2,10,Дерев'яні конструкції,ДСТУ Б Д.2.2-10:2012,1,Кроквяна система,10-1-2,Улаштування кроквяних ніг із дощок/брусів,м3,True,8.659,3.6,0.0,0,3,822.61,0,13595.0,14417.61
Д.2.2,10,Дерев'яні конструкції,ДСТУ Б Д.2.2-10:2012,1,Кроквяна система,10-1-3,"Улаштування стійок, підкосів, прогонів",м3,True,8.752,3.6,0.0,0,3,831.44,0,13595.0,14426.44
Д.2.2,10,Дерев'яні конструкції,ДСТУ Б Д.2.2-10:2012,1,Кроквяна система,10-1-4,Улаштування кобилок і карнизних елементів,м3,True,8.68,3.6,0.0,0,3,824.6,0,13595.0,14419.6
Д.2.2,10,Дерев'яні конструкції,ДСТУ Б Д.2.2-10:2012,1,Кроквяна система,10-1-5,Вогнебіозахист дерев'яних конструкцій,100 м2,True,49.361,3.6,0.0,0,3,4689.3,0,13595.0,18284.3
Д.2.2,10,Дерев'яні конструкції,ДСТУ Б Д.2.2-10:2012,2,"Настили, обрешітка, балки",10-2-1,Улаштування балок перекриттів дерев'яних,м3,True,8.033,3.6,0.0,0,3,763.13,0,13595.0,14358.13
Д.2.2,10,Дерев'яні конструкції,ДСТУ Б Д.2.2-10:2012,2,"Настили, обрешітка, балки",10-2-2,Улаштування настилів по балках суцільних,100 м2,True,36.178,3.6,0.0,0,3,3436.91,0,13595.0,17031.91
Д.2.2,10,Дерев'яні конструкції,ДСТУ Б Д.2.2-10:2012,2,"Настили, обрешітка, балки",10-2-3,Улаштування обрешітки під металочерепицю з кроком,100 м2,True,43.292,3.6,0.0,0,3,4112.74,0,13595.0,17707.74
Д.2.2,10,Дерев'яні конструкції,ДСТУ Б Д.2.2-10:2012,2,"Настили, обрешітка, балки",10-2-4,Улаштування суцільної обрешітки з ОСБ/дощок,100 м2,True,49.253,3.6,0.0,0,3,4679.03,0,13595.0,18274.03
Д.2.2,10,Дерев'яні конструкції,ДСТУ Б Д.2.2-10:2012,2,"Настили, обрешітка, балки",10-2-5,Підшивка карнизів софітами/дошкою,100 м2,True,49.149,3.6,0.0,0,3,4669.15,0,13595.0,18264.15
Д.2.2,10,Дерев'яні конструкції,ДСТУ Б Д.2.2-10:2012,3,Заповнення прорізів,10-3-1,Установлення віконних блоків ПВХ площею до 2 м2,100 м2,True,57.135,3.5,0.15,1,2,5444.32,135.0,66480.0,72059.32
Д.2.2,10,Дерев'яні конструкції,ДСТУ Б Д.2.2-10:2012,3,Заповнення прорізів,10-3-2,Установлення віконних блоків ПВХ площею понад 2 м2,100 м2,True,58.811,3.5,0.15,1,2,5603.55,135.0,66480.0,72218.55
Д.2.2,10,Дерев'яні конструкції,ДСТУ Б Д.2.2-10:2012,3,Заповнення прорізів,10-3-3,Установлення дверних блоків внутрішніх дерев'яних,100 м2,True,61.985,3.5,0.15,1,2,5905.07,135.0,66480.0,72520.07
Д.2.2,10,Дерев'яні конструкції,ДСТУ Б Д.2.2-10:2012,3,Заповнення прорізів,10-3-4,Установлення дверних блоків зовнішніх металевих,100 м2,True,56.878,3.5,0.15,1,2,5419.91,135.0,66480.0,72034.91
Д.2.2,10,Дерев'яні конструкції,ДСТУ Б Д.2.2-10:2012,3,Заповнення прорізів,10-3-5,Установлення дверей протипожежних EI30,шт,True,3.061,3.8,0.0,0,3,290.8,0,2641.0,2931.8
Д.2.2,10,Дерев'яні конструкції,ДСТУ Б Д.2.2-10:2012,3,Заповнення прорізів,10-3-6,Установлення підвіконних дощок ПВХ,100 м,True,251.385,3.8,0.0,0,3,23881.58,0,264100,287981.58
Д.2.2,10,Дерев'яні конструкції,ДСТУ Б Д.2.2-10:2012,3,Заповнення прорізів,10-3-7,Улаштування відливів віконних,100 м,True,246.576,3.8,0.0,0,3,23424.72,0,264100,287524.72
Д.2.2,10,Дерев'яні конструкції,ДСТУ Б Д.2.2-10:2012,4,Каркасні перегородки та обшивки,10-4-1,Улаштування каркасних перегородок з обшивкою ГКЛ в 1 шар,100 м2,True,59.205,3.5,0.15,1,2,5640.97,135.0,66480.0,72255.97
Д.2.2,10,Дерев'яні конструкції,ДСТУ Б Д.2.2-10:2012,4,Каркасні перегородки та обшивки,10-4-2,Улаштування каркасних перегородок з обшивкою ГКЛ у 2 шари,100 м2,True,64.173,3.5,0.15,1,2,6112.94,135.0,66480.0,72727.94
Д.2.2,10,Дерев'яні конструкції,ДСТУ Б Д.2.2-10:2012,4,Каркасні перегородки та обшивки,10-4-3,Обшивка стін вагонкою/дошкою,100 м2,True,44.928,3.6,0.0,0,3,4268.16,0,13595.0,17863.16
Д.2.2,10,Дерев'яні конструкції,ДСТУ Б Д.2.2-10:2012,4,Каркасні перегородки та обшивки,10-4-4,Улаштування підшивки стель дошкою/панелями,100 м2,True,47.368,3.6,0.0,0,3,4499.96,0,13595.0,18094.96
Д.2.2,11,Підлоги,ДСТУ Б Д.2.2-11:2012,1,Підготовка основ,11-1-1,Улаштування підстилаючого шару з бетону товщиною 80 мм,100 м2,True,94.527,3.3,0.0,0,2,8980.07,0,13000.0,21980.07
Д.2.2,11,Підлоги,ДСТУ Б Д.2.2-11:2012,1,Підготовка основ,11-1-2,Улаштування підстилаючого шару з бетону товщиною 100 мм,100 м2,True,99.534,3.3,0.0,0,2,9455.73,0,13000.0,22455.73
Д.2.2,11,Підлоги,ДСТУ Б Д.2.2-11:2012,1,Підготовка основ,11-1-3,Улаштування стяжки цементної товщиною 40 мм,100 м2,True,101.132,3.3,0.0,0,2,9607.54,0,13000.0,22607.54
Д.2.2,11,Підлоги,ДСТУ Б Д.2.2-11:2012,1,Підготовка основ,11-1-4,Улаштування стяжки цементної товщиною 50 мм,100 м2,True,108.81,3.3,0.0,0,2,10336.95,0,13000.0,23336.95
Д.2.2,11,Підлоги,ДСТУ Б Д.2.2-11:2012,1,Підготовка основ,11-1-5,Улаштування стяжки цементної товщиною 70 мм,100 м2,True,105.391,3.3,0.0,0,2,10012.15,0,13000.0,23012.15
Д.2.2,11,Підлоги,ДСТУ Б Д.2.2-11:2012,1,Підготовка основ,11-1-6,Улаштування стяжки самовирівнювальної товщиною до 10 мм,100 м2,True,97.454,3.3,0.0,0,2,9258.13,0,13000.0,22258.13
Д.2.2,11,Підлоги,ДСТУ Б Д.2.2-11:2012,1,Підготовка основ,11-1-7,Улаштування стяжки самовирівнювальної товщиною до 20 мм,100 м2,True,100.743,3.3,0.0,0,2,9570.58,0,13000.0,22570.58
Д.2.2,11,Підлоги,ДСТУ Б Д.2.2-11:2012,1,Підготовка основ,11-1-8,Гідроізоляція підлоги обмазувальна в 2 шари,100 м2,True,134.986,3.8,0.0,0,3,12823.67,0,53350,66173.67
Д.2.2,11,Підлоги,ДСТУ Б Д.2.2-11:2012,1,Підготовка основ,11-1-9,Гідроізоляція підлоги рулонна в 1 шар,100 м2,True,131.013,3.8,0.0,0,3,12446.24,0,53350,65796.24
Д.2.2,11,Підлоги,ДСТУ Б Д.2.2-11:2012,1,Підготовка основ,11-1-10,Тепло-/звукоізоляція підлоги плитним утеплювачем,100 м2,True,154.079,3.8,0.0,0,3,14637.51,0,53350,67987.51
Д.2.2,11,Підлоги,ДСТУ Б Д.2.2-11:2012,2,Підлоги з керамічної плитки та керамограніту,11-2-1,Улаштування підлог із керамічної плитки 300×300 по готовій стяжці,100 м2,True,133.286,3.8,0.0,0,3,12662.17,0,53350,66012.17
Д.2.2,11,Підлоги,ДСТУ Б Д.2.2-11:2012,2,Підлоги з керамічної плитки та керамограніту,11-2-2,Улаштування підлог із керамічної плитки 600×600,100 м2,True,133.654,3.8,0.0,0,3,12697.13,0,53350,66047.13
Д.2.2,11,Підлоги,ДСТУ Б Д.2.2-11:2012,2,Підлоги з керамічної плитки та керамограніту,11-2-3,Улаштування підлог із керамограніту,100 м2,True,142.101,3.8,0.0,0,3,13499.59,0,53350,66849.59
Д.2.2,11,Підлоги,ДСТУ Б Д.2.2-11:2012,2,Підлоги з керамічної плитки та керамограніту,11-2-4,Улаштування підлог із плитки по діагоналі,100 м2,True,134.803,3.8,0.0,0,3,12806.28,0,53350,66156.28
Д.2.2,11,Підлоги,ДСТУ Б Д.2.2-11:2012,2,Підлоги з керамічної плитки та керамограніту,11-2-5,Улаштування підлог у мокрих приміщеннях із гідроізоляцією,100 м2,True,142.939,3.8,0.0,0,3,13579.2,0,53350,66929.2
Д.2.2,11,Підлоги,ДСТУ Б Д.2.2-11:2012,2,Підлоги з керамічної плитки та керамограніту,11-2-6,Улаштування плінтусів із керамічної плитки,100 м,True,130.99,3.8,0.0,0,3,12444.05,0,53350,65794.05
Д.2.2,11,Підлоги,ДСТУ Б Д.2.2-11:2012,2,Підлоги з керамічної плитки та керамограніту,11-2-7,Улаштування бордюрів і декоративних елементів,100 м,True,149.483,3.8,0.0,0,3,14200.89,0,53350,67550.89
Д.2.2,11,Підлоги,ДСТУ Б Д.2.2-11:2012,3,Підлоги з лінолеуму та ПВХ,11-3-1,Улаштування підлог із лінолеуму на клейовій основі,100 м2,True,55.63,3.4,0.0,0,3,5284.85,0,52850,58134.85
Д.2.2,11,Підлоги,ДСТУ Б Д.2.2-11:2012,3,Підлоги з лінолеуму та ПВХ,11-3-2,Улаштування підлог із комерційного ПВХ-покриття,100 м2,True,64.085,3.4,0.0,0,3,6088.07,0,52850,58938.07
Д.2.2,11,Підлоги,ДСТУ Б Д.2.2-11:2012,3,Підлоги з лінолеуму та ПВХ,11-3-3,Улаштування підлог із ПВХ-плитки,100 м2,True,56.312,3.4,0.0,0,3,5349.64,0,52850,58199.64
Д.2.2,11,Підлоги,ДСТУ Б Д.2.2-11:2012,3,Підлоги з лінолеуму та ПВХ,11-3-4,Улаштування плінтусів полівінілхлоридних,100 м,True,132.331,3.8,0.0,0,3,12571.44,0,53350,65921.44
Д.2.2,11,Підлоги,ДСТУ Б Д.2.2-11:2012,3,Підлоги з лінолеуму та ПВХ,11-3-5,Зварювання швів лінолеуму шнуром,100 м,True,55.386,3.4,0.0,0,3,5261.67,0,52850,58111.67
Д.2.2,11,Підлоги,ДСТУ Б Д.2.2-11:2012,4,"Підлоги дерев'яні, ламінат, паркет",11-4-1,Улаштування підлог дощатих по лагах,100 м2,True,78.175,3.7,0.0,0,3,7426.62,0,77725,85151.62
Д.2.2,11,Підлоги,ДСТУ Б Д.2.2-11:2012,4,"Підлоги дерев'яні, ламінат, паркет",11-4-2,Улаштування підлог із ламінату по підкладці,100 м2,True,83.677,3.7,0.0,0,3,7949.32,0,77725,85674.32
Д.2.2,11,Підлоги,ДСТУ Б Д.2.2-11:2012,4,"Підлоги дерев'яні, ламінат, паркет",11-4-3,Улаштування підлог паркетних штучних,100 м2,True,76.588,3.7,0.0,0,3,7275.86,0,77725,85000.86
Д.2.2,11,Підлоги,ДСТУ Б Д.2.2-11:2012,4,"Підлоги дерев'яні, ламінат, паркет",11-4-4,Улаштування підлог із інженерної дошки,100 м2,True,151.578,3.8,0.0,0,3,14399.91,0,53350,67749.91
Д.2.2,11,Підлоги,ДСТУ Б Д.2.2-11:2012,5,"Підлоги бетонні, мозаїчні, гумові",11-5-1,Улаштування підлог бетонних з залізненням,100 м2,True,95.599,3.3,0.0,0,2,9081.91,0,13000.0,22081.91
Д.2.2,11,Підлоги,ДСТУ Б Д.2.2-11:2012,5,"Підлоги бетонні, мозаїчні, гумові",11-5-2,Улаштування підлог мозаїчних,100 м2,True,152.824,3.8,0.0,0,3,14518.28,0,53350,67868.28
Д.2.2,11,Підлоги,ДСТУ Б Д.2.2-11:2012,5,"Підлоги бетонні, мозаїчні, гумові",11-5-3,Улаштування підлог із гумової плитки / покриття,100 м2,True,144.239,3.8,0.0,0,3,13702.7,0,53350,67052.7
Д.2.2,12,Покрівлі,ДСТУ Б Д.2.2-12:2012,1,Підготовка основи під покрівлю,12-1-1,Улаштування пароізоляції рулонної,100 м2,True,96.62,3.6,0.2,1,2,9200.9,10.0,22800,32010.9
Д.2.2,12,Покрівлі,ДСТУ Б Д.2.2-12:2012,1,Підготовка основи під покрівлю,12-1-2,Улаштування утеплювача з плит мінеральної вати товщиною до 150 мм,100 м2,True,92.323,3.6,0.2,1,2,8792.68,10.0,22800,31602.68
Д.2.2,12,Покрівлі,ДСТУ Б Д.2.2-12:2012,1,Підготовка основи під покрівлю,12-1-3,Улаштування утеплювача товщиною 150–250 мм,100 м2,True,93.342,3.6,0.2,1,2,8889.49,10.0,22800,31699.49
Д.2.2,12,Покрівлі,ДСТУ Б Д.2.2-12:2012,1,Підготовка основи під покрівлю,12-1-4,Улаштування стяжки цементної під покрівлю товщиною 40 мм,100 м2,True,105.897,3.3,0.0,0,2,10060.22,0,13000.0,23060.22
Д.2.2,12,Покрівлі,ДСТУ Б Д.2.2-12:2012,1,Підготовка основи під покрівлю,12-1-5,Улаштування обрешітки під металочерепицю,100 м2,True,110.395,3.7,0.0,0,3,10487.52,0,41050.0,51537.52
Д.2.2,12,Покрівлі,ДСТУ Б Д.2.2-12:2012,1,Підготовка основи під покрівлю,12-1-6,Улаштування суцільного настилу / ОСБ під покрівлю,100 м2,True,86.385,3.6,0.2,1,2,8228.58,10.0,22800,31038.58
Д.2.2,12,Покрівлі,ДСТУ Б Д.2.2-12:2012,2,Покрівлі рулонні,12-2-1,Улаштування покрівлі з наплавлюваних матеріалів у 1 шар,100 м2,True,94.006,3.6,0.2,1,2,8952.57,10.0,22800,31762.57
Д.2.2,12,Покрівлі,ДСТУ Б Д.2.2-12:2012,2,Покрівлі рулонні,12-2-2,Улаштування покрівлі з наплавлюваних матеріалів у 2 шари,100 м2,True,89.357,3.6,0.2,1,2,8510.91,10.0,22800,31320.91
Д.2.2,12,Покрівлі,ДСТУ Б Д.2.2-12:2012,2,Покрівлі рулонні,12-2-3,Улаштування примикань рулонної покрівлі до стін,100 м,True,98.914,3.6,0.2,1,2,9418.83,10.0,22800,32228.83
Д.2.2,12,Покрівлі,ДСТУ Б Д.2.2-12:2012,2,Покрівлі рулонні,12-2-4,Улаштування покрівлі з ПВХ-мембрани,100 м2,True,93.363,3.6,0.2,1,2,8891.49,10.0,22800,31701.49
Д.2.2,12,Покрівлі,ДСТУ Б Д.2.2-12:2012,3,Покрівлі з металочерепиці та профнастилу,12-3-1,Улаштування покрівлі з металочерепиці,100 м2,True,114.224,3.7,0.0,0,3,10851.28,0,41050.0,51901.28
Д.2.2,12,Покрівлі,ДСТУ Б Д.2.2-12:2012,3,Покрівлі з металочерепиці та профнастилу,12-3-2,Улаштування покрівлі з профнастилу,100 м2,True,123.751,3.7,0.0,0,3,11756.35,0,41050.0,52806.35
Д.2.2,12,Покрівлі,ДСТУ Б Д.2.2-12:2012,3,Покрівлі з металочерепиці та профнастилу,12-3-3,Улаштування покрівлі з фальцевої сталі,100 м2,True,111.248,3.7,0.0,0,3,10568.56,0,41050.0,51618.56
Д.2.2,12,Покрівлі,ДСТУ Б Д.2.2-12:2012,3,Покрівлі з металочерепиці та профнастилу,12-3-4,Улаштування єндов і примикань металевої покрівлі,100 м,True,85.009,3.6,0.2,1,2,8097.86,10.0,22800,30907.86
Д.2.2,12,Покрівлі,ДСТУ Б Д.2.2-12:2012,4,Водостічна система,12-4-1,Улаштування ринв підвісних,100 м,True,70.531,3.5,0.0,0,2,6700.45,0,22900,29600.45
Д.2.2,12,Покрівлі,ДСТУ Б Д.2.2-12:2012,4,Водостічна система,12-4-2,Улаштування водостічних труб,100 м,True,89.024,3.6,0.2,1,2,8479.28,10.0,22800,31289.28
Д.2.2,12,Покрівлі,ДСТУ Б Д.2.2-12:2012,4,Водостічна система,12-4-3,Улаштування карнизних і торцевих планок,100 м,True,77.618,3.5,0.0,0,2,7373.71,0,22900,30273.71
Д.2.2,12,Покрівлі,ДСТУ Б Д.2.2-12:2012,4,Водостічна система,12-4-4,Улаштування снігозатримувачів,100 м,True,98.384,3.6,0.2,1,2,9368.48,10.0,22800,32178.48
Д.2.2,12,Покрівлі,ДСТУ Б Д.2.2-12:2012,4,Водостічна система,12-4-5,Улаштування водостічних воронок внутрішніх,шт,True,1.349,3.6,0.2,1,2,150.16,10.0,228.0,388.16
Д.2.2,15,Оздоблювальні роботи,ДСТУ Б Д.2.2-15:2012,1,Штукатурні роботи внутрішні,15-1-1,Покращене штукатурне опорядження стін цементно-вапняним розчином по цеглі,100 м2,True,55.922,3.5,0.15,1,2,5329.09,135.0,66480.0,71944.09
Д.2.2,15,Оздоблювальні роботи,ДСТУ Б Д.2.2-15:2012,1,Штукатурні роботи внутрішні,15-1-2,Покращене штукатурне опорядження стін по бетону,100 м2,True,160.297,3.6,0.0,0,3,15228.22,0,12050,27278.22
Д.2.2,15,Оздоблювальні роботи,ДСТУ Б Д.2.2-15:2012,1,Штукатурні роботи внутрішні,15-1-3,Покращене штукатурне опорядження стін по газобетону,100 м2,True,45.267,3.6,0.15,1,3,4316.87,135.0,3393.5,7845.37
Д.2.2,15,Оздоблювальні роботи,ДСТУ Б Д.2.2-15:2012,1,Штукатурні роботи внутрішні,15-1-4,Високоякісне штукатурне опорядження стін,100 м2,True,171.906,3.6,0.0,0,3,16331.07,0,12050,28381.07
Д.2.2,15,Оздоблювальні роботи,ДСТУ Б Д.2.2-15:2012,1,Штукатурні роботи внутрішні,15-1-5,Штукатурне опорядження стель покращене,100 м2,True,139.07,3.7,0.0,0,2,13211.65,0,47250,60461.65
Д.2.2,15,Оздоблювальні роботи,ДСТУ Б Д.2.2-15:2012,1,Штукатурні роботи внутрішні,15-1-6,Штукатурне опорядження стель високоякісне,100 м2,True,124.904,3.7,0.0,0,2,11865.88,0,47250,59115.88
Д.2.2,15,Оздоблювальні роботи,ДСТУ Б Д.2.2-15:2012,1,Штукатурні роботи внутрішні,15-1-7,Штукатурне опорядження укосів віконних і дверних,100 м,True,257.55,3.8,0.0,0,3,24467.25,0,264100,288567.25
Д.2.2,15,Оздоблювальні роботи,ДСТУ Б Д.2.2-15:2012,1,Штукатурні роботи внутрішні,15-1-8,Тонкошарова штукатурка гіпсова по стінах,100 м2,True,178.264,3.6,0.0,0,3,16935.08,0,12050,28985.08
Д.2.2,15,Оздоблювальні роботи,ДСТУ Б Д.2.2-15:2012,1,Штукатурні роботи внутрішні,15-1-9,Машинне нанесення штукатурки гіпсової,100 м2,True,153.351,3.6,0.0,0,3,14568.34,0,12050,26618.34
Д.2.2,15,Оздоблювальні роботи,ДСТУ Б Д.2.2-15:2012,2,Штукатурні роботи зовнішні / фасад,15-2-1,Штукатурне опорядження фасадів цементним розчином,100 м2,True,165.742,3.6,0.0,0,3,15745.49,0,12050,27795.49
Д.2.2,15,Оздоблювальні роботи,ДСТУ Б Д.2.2-15:2012,2,Штукатурні роботи зовнішні / фасад,15-2-2,Декоративне штукатурне опорядження фасадів «короїд/баранець»,100 м2,True,162.118,3.6,0.0,0,3,15401.21,0,12050,27451.21
Д.2.2,15,Оздоблювальні роботи,ДСТУ Б Д.2.2-15:2012,2,Штукатурні роботи зовнішні / фасад,15-2-3,Опорядження цоколів декоративною штукатуркою/плиткою (підготовка),100 м2,True,148.877,3.8,0.0,0,3,14143.32,0,53350,67493.32
Д.2.2,15,Оздоблювальні роботи,ДСТУ Б Д.2.2-15:2012,3,Облицювальні роботи,15-3-1,Облицювання стін керамічною плиткою по цеглі/бетону,100 м2,True,57.592,3.5,0.15,1,2,5487.74,135.0,66480.0,72102.74
Д.2.2,15,Оздоблювальні роботи,ДСТУ Б Д.2.2-15:2012,3,Облицювальні роботи,15-3-2,Облицювання стін керамічною плиткою по штукатурці,100 м2,True,162.52,3.9,0.0,0,3,15439.4,0,50300,65739.4
Д.2.2,15,Оздоблювальні роботи,ДСТУ Б Д.2.2-15:2012,3,Облицювальні роботи,15-3-3,Облицювання стін керамогранітом,100 м2,True,181.517,3.9,0.0,0,3,17244.11,0,50300,67544.11
Д.2.2,15,Оздоблювальні роботи,ДСТУ Б Д.2.2-15:2012,3,Облицювальні роботи,15-3-4,Облицювання стін у санвузлах на всю висоту,100 м2,True,184.987,3.9,0.0,0,3,17573.76,0,50300,67873.76
Д.2.2,15,Оздоблювальні роботи,ДСТУ Б Д.2.2-15:2012,3,Облицювальні роботи,15-3-5,Облицювання колон і пілястр,100 м2,True,170.942,3.9,0.0,0,3,16239.49,0,50300,66539.49
Д.2.2,15,Оздоблювальні роботи,ДСТУ Б Д.2.2-15:2012,3,Облицювальні роботи,15-3-6,Улаштування плиточних панно і фризів,100 м2,True,155.623,3.6,0.0,0,3,14784.18,0,12050,26834.18
Д.2.2,15,Оздоблювальні роботи,ДСТУ Б Д.2.2-15:2012,4,Малярні роботи,15-4-1,Фарбування стін водоемульсійними складами покращене,100 м2,True,75.14,3.4,0.0,0,3,7138.3,0,7415,14553.3
Д.2.2,15,Оздоблювальні роботи,ДСТУ Б Д.2.2-15:2012,4,Малярні роботи,15-4-2,Фарбування стін водоемульсійними складами високоякісне,100 м2,True,73.971,3.4,0.0,0,3,7027.25,0,7415,14442.25
Д.2.2,15,Оздоблювальні роботи,ДСТУ Б Д.2.2-15:2012,4,Малярні роботи,15-4-3,Фарбування стель водоемульсійними складами покращене,100 м2,True,77.623,3.4,0.0,0,3,7374.19,0,7415,14789.19
Д.2.2,15,Оздоблювальні роботи,ДСТУ Б Д.2.2-15:2012,4,Малярні роботи,15-4-4,Фарбування стель водоемульсійними складами високоякісне,100 м2,True,75.441,3.4,0.0,0,3,7166.9,0,7415,14581.9
Д.2.2,15,Оздоблювальні роботи,ДСТУ Б Д.2.2-15:2012,4,Малярні роботи,15-4-5,Фарбування столярних виробів олійними/акриловими складами,100 м2,True,84.85,3.4,0.0,0,3,8060.75,0,7415,15475.75
Д.2.2,15,Оздоблювальні роботи,ДСТУ Б Д.2.2-15:2012,4,Малярні роботи,15-4-6,"Фарбування металевих поверхонь (огородження, решітки)",100 м2,True,82.332,3.4,0.0,0,3,7821.54,0,7415,15236.54
Д.2.2,15,Оздоблювальні роботи,ДСТУ Б Д.2.2-15:2012,4,Малярні роботи,15-4-7,Фарбування фасадів силікатними/силіконовими складами,100 м2,True,73.938,3.4,0.0,0,3,7024.11,0,7415,14439.11
Д.2.2,15,Оздоблювальні роботи,ДСТУ Б Д.2.2-15:2012,4,Малярні роботи,15-4-8,Ґрунтування поверхонь під фарбування,100 м2,True,77.937,3.4,0.0,0,3,7404.01,0,7415,14819.01
Д.2.2,15,Оздоблювальні роботи,ДСТУ Б Д.2.2-15:2012,4,Малярні роботи,15-4-9,Шпаклювання суцільне під високоякісне фарбування,100 м2,True,74.501,3.4,0.0,0,3,7077.6,0,7415,14492.6
Д.2.2,15,Оздоблювальні роботи,ДСТУ Б Д.2.2-15:2012,5,Шпалерні та склярські роботи,15-5-1,Обклеювання стін шпалерами паперовими простими,100 м2,True,65.476,3.5,0.0,0,2,6220.22,0,21000,27220.22
Д.2.2,15,Оздоблювальні роботи,ДСТУ Б Д.2.2-15:2012,5,Шпалерні та склярські роботи,15-5-2,Обклеювання стін шпалерами покращеними (вініл/флізелін),100 м2,True,70.903,3.5,0.0,0,2,6735.79,0,21000,27735.79
Д.2.2,15,Оздоблювальні роботи,ДСТУ Б Д.2.2-15:2012,5,Шпалерні та склярські роботи,15-5-3,Обклеювання стель шпалерами,100 м2,True,65.159,3.5,0.0,0,2,6190.11,0,21000,27190.11
Д.2.2,15,Оздоблювальні роботи,ДСТУ Б Д.2.2-15:2012,5,Шпалерні та склярські роботи,15-5-4,Оскління віконних переплетень склом 4 мм,100 м2,True,255.597,3.8,0.0,0,3,24281.72,0,264100,288381.72
Д.2.2,15,Оздоблювальні роботи,ДСТУ Б Д.2.2-15:2012,5,Шпалерні та склярські роботи,15-5-5,Оскління дверних полотен і вітражів,100 м2,True,252.66,3.8,0.0,0,3,24002.7,0,264100,288102.7
Д.2.2,15,Оздоблювальні роботи,ДСТУ Б Д.2.2-15:2012,6,Підшивні та підвісні стелі,15-6-1,Улаштування стель із гіпсокартону по металевому каркасу в 1 рівень,100 м2,True,162.866,3.5,0.0,0,3,15472.27,0,37700,53172.27
Д.2.2,15,Оздоблювальні роботи,ДСТУ Б Д.2.2-15:2012,6,Підшивні та підвісні стелі,15-6-2,Улаштування стель із гіпсокартону в 2 рівні,100 м2,True,166.247,3.5,0.0,0,3,15793.47,0,37700,53493.47
Д.2.2,15,Оздоблювальні роботи,ДСТУ Б Д.2.2-15:2012,6,Підшивні та підвісні стелі,15-6-3,Улаштування підвісних стель типу Армстронг,100 м2,True,132.97,3.7,0.0,0,2,12632.15,0,47250,59882.15
Д.2.2,15,Оздоблювальні роботи,ДСТУ Б Д.2.2-15:2012,6,Підшивні та підвісні стелі,15-6-4,Улаштування натяжних стель тканинних/ПВХ,100 м2,True,131.0,3.7,0.0,0,2,12445.0,0,47250,59695.0
Д.2.2,15,Оздоблювальні роботи,ДСТУ Б Д.2.2-15:2012,6,Підшивні та підвісні стелі,15-6-5,Обшивка стін гіпсокартоном по каркасу,100 м2,True,182.009,3.5,0.0,0,3,17290.85,0,37700,54990.85
Д.2.2,16,Трубопроводи внутрішні,ДСТУ Б Д.2.2-16:2012,1,Сталеві трубопроводи,16-1-1,Прокладання труб сталевих водогазопровідних діаметром 15 мм,100 м,True,177.471,3.8,0.0,0,3,16859.74,0,56600,73459.74
Д.2.2,16,Трубопроводи внутрішні,ДСТУ Б Д.2.2-16:2012,1,Сталеві трубопроводи,16-1-2,Прокладання труб сталевих діаметром 20 мм,100 м,True,188.708,3.8,0.0,0,3,17927.26,0,56600,74527.26
Д.2.2,16,Трубопроводи внутрішні,ДСТУ Б Д.2.2-16:2012,1,Сталеві трубопроводи,16-1-3,Прокладання труб сталевих діаметром 25 мм,100 м,True,189.899,3.8,0.0,0,3,18040.4,0,56600,74640.4
Д.2.2,16,Трубопроводи внутрішні,ДСТУ Б Д.2.2-16:2012,1,Сталеві трубопроводи,16-1-4,Прокладання труб сталевих діаметром 32 мм,100 м,True,170.122,3.8,0.0,0,3,16161.59,0,56600,72761.59
Д.2.2,16,Трубопроводи внутрішні,ДСТУ Б Д.2.2-16:2012,1,Сталеві трубопроводи,16-1-5,Прокладання труб сталевих діаметром 40 мм,100 м,True,177.429,3.8,0.0,0,3,16855.76,0,56600,73455.76
Д.2.2,16,Трубопроводи внутрішні,ДСТУ Б Д.2.2-16:2012,1,Сталеві трубопроводи,16-1-6,Прокладання труб сталевих діаметром 50 мм,100 м,True,188.154,3.8,0.0,0,3,17874.63,0,56600,74474.63
Д.2.2,16,Трубопроводи внутрішні,ДСТУ Б Д.2.2-16:2012,1,Сталеві трубопроводи,16-1-7,Прокладання труб сталевих діаметром 80–100 мм,100 м,True,189.825,3.8,0.0,0,3,18033.38,0,56600,74633.38
Д.2.2,16,Трубопроводи внутрішні,ДСТУ Б Д.2.2-16:2012,2,Полімерні трубопроводи,16-2-1,Прокладання труб ППР діаметром 20 мм,100 м,True,188.849,3.8,0.0,0,3,17940.65,0,56600,74540.65
Д.2.2,16,Трубопроводи внутрішні,ДСТУ Б Д.2.2-16:2012,2,Полімерні трубопроводи,16-2-2,Прокладання труб ППР діаметром 25 мм,100 м,True,185.587,3.8,0.0,0,3,17630.76,0,56600,74230.76
Д.2.2,16,Трубопроводи внутрішні,ДСТУ Б Д.2.2-16:2012,2,Полімерні трубопроводи,16-2-3,Прокладання труб ППР діаметром 32 мм,100 м,True,188.711,3.8,0.0,0,3,17927.55,0,56600,74527.55
Д.2.2,16,Трубопроводи внутрішні,ДСТУ Б Д.2.2-16:2012,2,Полімерні трубопроводи,16-2-4,Прокладання труб ППР діаметром 40–50 мм,100 м,True,186.184,3.8,0.0,0,3,17687.48,0,56600,74287.48
Д.2.2,16,Трубопроводи внутрішні,ДСТУ Б Д.2.2-16:2012,2,Полімерні трубопроводи,16-2-5,Прокладання труб PEX/металопластикових 16–20 мм,100 м,True,161.011,3.8,0.0,0,3,15296.05,0,56600,71896.05
Д.2.2,16,Трубопроводи внутрішні,ДСТУ Б Д.2.2-16:2012,2,Полімерні трубопроводи,16-2-6,Прокладання труб ПЕ зварних діаметром до 63 мм,100 м,True,177.824,3.8,0.0,0,3,16893.28,0,56600,73493.28
Д.2.2,16,Трубопроводи внутрішні,ДСТУ Б Д.2.2-16:2012,3,"Арматура, компенсатори, випробування",16-3-1,Установлення кранів кульових діаметром до 25 мм,шт,True,2.089,3.8,0.0,0,3,198.45,0,566.0,764.45
Д.2.2,16,Трубопроводи внутрішні,ДСТУ Б Д.2.2-16:2012,3,"Арматура, компенсатори, випробування",16-3-2,Установлення кранів/вентилів діаметром до 50 мм,шт,True,2.404,3.8,0.0,0,3,228.38,0,566.0,794.38
Д.2.2,16,Трубопроводи внутрішні,ДСТУ Б Д.2.2-16:2012,3,"Арматура, компенсатори, випробування",16-3-3,Установлення зворотних клапанів і фільтрів,шт,True,2.035,3.8,0.0,0,3,193.33,0,566.0,759.33
Д.2.2,16,Трубопроводи внутрішні,ДСТУ Б Д.2.2-16:2012,3,"Арматура, компенсатори, випробування",16-3-4,Установлення компенсаторів сильфонних,шт,True,2.32,3.8,0.0,0,3,220.4,0,566.0,786.4
Д.2.2,16,Трубопроводи внутрішні,ДСТУ Б Д.2.2-16:2012,3,"Арматура, компенсатори, випробування",16-3-5,Гідравлічне випробування трубопроводів,100 м,True,178.389,3.8,0.0,0,3,16946.96,0,56600,73546.96
Д.2.2,16,Трубопроводи внутрішні,ДСТУ Б Д.2.2-16:2012,3,"Арматура, компенсатори, випробування",16-3-6,Промивання і дезінфекція трубопроводів,100 м,True,169.158,3.8,0.0,0,3,16070.01,0,56600,72670.01
Д.2.2,17,Водопровід і каналізація – внутрішнє обладнання,ДСТУ Б Д.2.2-17:2012,1,Санітарні прилади,17-1-1,Установлення умивальників з тумбою або на кронштейнах,шт,True,4.132,4.0,0.0,0,3,392.54,0,4230.0,4622.54
Д.2.2,17,Водопровід і каналізація – внутрішнє обладнання,ДСТУ Б Д.2.2-17:2012,1,Санітарні прилади,17-1-2,Установлення мийок кухонних,шт,True,2.362,3.8,0.0,0,3,224.39,0,566.0,790.39
Д.2.2,17,Водопровід і каналізація – внутрішнє обладнання,ДСТУ Б Д.2.2-17:2012,1,Санітарні прилади,17-1-3,Установлення унітазів з бачком компакт,шт,True,4.042,4.0,0.0,0,3,383.99,0,4230.0,4613.99
Д.2.2,17,Водопровід і каналізація – внутрішнє обладнання,ДСТУ Б Д.2.2-17:2012,1,Санітарні прилади,17-1-4,Установлення унітазів підвісних із інсталяцією,шт,True,4.082,4.0,0.0,0,3,387.79,0,4230.0,4617.79
Д.2.2,17,Водопровід і каналізація – внутрішнє обладнання,ДСТУ Б Д.2.2-17:2012,1,Санітарні прилади,17-1-5,Установлення ванн сталевих/акрилових,шт,True,4.145,4.0,0.0,0,3,393.77,0,4230.0,4623.77
Д.2.2,17,Водопровід і каналізація – внутрішнє обладнання,ДСТУ Б Д.2.2-17:2012,1,Санітарні прилади,17-1-6,Установлення душових піддонів,шт,True,4.267,4.0,0.0,0,3,405.37,0,4230.0,4635.37
Д.2.2,17,Водопровід і каналізація – внутрішнє обладнання,ДСТУ Б Д.2.2-17:2012,1,Санітарні прилади,17-1-7,Установлення душових систем / стійок,шт,True,2.122,3.8,0.0,0,3,201.59,0,566.0,767.59
Д.2.2,17,Водопровід і каналізація – внутрішнє обладнання,ДСТУ Б Д.2.2-17:2012,1,Санітарні прилади,17-1-8,Установлення змішувачів умивальника,шт,True,3.771,4.0,0.0,0,3,358.25,0,4230.0,4588.25
Д.2.2,17,Водопровід і каналізація – внутрішнє обладнання,ДСТУ Б Д.2.2-17:2012,1,Санітарні прилади,17-1-9,Установлення змішувачів ванни/душу,шт,True,3.717,4.0,0.0,0,3,353.12,0,4230.0,4583.12
Д.2.2,17,Водопровід і каналізація – внутрішнє обладнання,ДСТУ Б Д.2.2-17:2012,1,Санітарні прилади,17-1-10,Установлення пісуарів,шт,True,4.086,4.0,0.0,0,3,388.17,0,4230.0,4618.17
Д.2.2,17,Водопровід і каналізація – внутрішнє обладнання,ДСТУ Б Д.2.2-17:2012,1,Санітарні прилади,17-1-11,Установлення трапів підлогових,шт,True,1.605,3.8,0.0,0,3,152.47,0,533.5,685.97
Д.2.2,17,Водопровід і каналізація – внутрішнє обладнання,ДСТУ Б Д.2.2-17:2012,1,Санітарні прилади,17-1-12,Установлення сушарок для рушників водяних,шт,True,2.452,3.8,0.0,0,3,232.94,0,566.0,798.94
Д.2.2,17,Водопровід і каналізація – внутрішнє обладнання,ДСТУ Б Д.2.2-17:2012,2,Каналізаційні трубопроводи внутрішні,17-2-1,Прокладання труб каналізаційних ПВХ діаметром 50 мм,100 м,True,170.71,3.8,0.0,0,3,16217.45,0,56600,72817.45
Д.2.2,17,Водопровід і каналізація – внутрішнє обладнання,ДСТУ Б Д.2.2-17:2012,2,Каналізаційні трубопроводи внутрішні,17-2-2,Прокладання труб каналізаційних ПВХ діаметром 110 мм,100 м,True,181.18,3.8,0.0,0,3,17212.1,0,56600,73812.1
Д.2.2,17,Водопровід і каналізація – внутрішнє обладнання,ДСТУ Б Д.2.2-17:2012,2,Каналізаційні трубопроводи внутрішні,17-2-3,Прокладання труб каналізаційних чавунних діаметром 50 мм,100 м,True,180.872,3.8,0.0,0,3,17182.84,0,56600,73782.84
Д.2.2,17,Водопровід і каналізація – внутрішнє обладнання,ДСТУ Б Д.2.2-17:2012,2,Каналізаційні трубопроводи внутрішні,17-2-4,Прокладання труб каналізаційних чавунних діаметром 100 мм,100 м,True,188.451,3.8,0.0,0,3,17902.85,0,56600,74502.85
Д.2.2,17,Водопровід і каналізація – внутрішнє обладнання,ДСТУ Б Д.2.2-17:2012,2,Каналізаційні трубопроводи внутрішні,17-2-5,Улаштування стояків каналізаційних діаметром 110 мм,100 м,True,171.897,3.8,0.0,0,3,16330.21,0,56600,72930.21
Д.2.2,17,Водопровід і каналізація – внутрішнє обладнання,ДСТУ Б Д.2.2-17:2012,2,Каналізаційні трубопроводи внутрішні,17-2-6,Улаштування випусків каналізації з будівлі,шт,True,2.428,3.8,0.0,0,3,230.66,0,566.0,796.66
Д.2.2,17,Водопровід і каналізація – внутрішнє обладнання,ДСТУ Б Д.2.2-17:2012,2,Каналізаційні трубопроводи внутрішні,17-2-7,Установлення ревізій і прочисток,шт,True,2.362,3.8,0.0,0,3,224.39,0,566.0,790.39
Д.2.2,17,Водопровід і каналізація – внутрішнє обладнання,ДСТУ Б Д.2.2-17:2012,3,Водопровід внутрішній і обладнання,17-3-1,Прокладання труб водопроводу ППР діаметром 20 мм,100 м,True,183.232,3.8,0.0,0,3,17407.04,0,56600,74007.04
Д.2.2,17,Водопровід і каналізація – внутрішнє обладнання,ДСТУ Б Д.2.2-17:2012,3,Водопровід внутрішній і обладнання,17-3-2,Прокладання труб водопроводу ППР діаметром 25 мм,100 м,True,174.332,3.8,0.0,0,3,16561.54,0,56600,73161.54
Д.2.2,17,Водопровід і каналізація – внутрішнє обладнання,ДСТУ Б Д.2.2-17:2012,3,Водопровід внутрішній і обладнання,17-3-3,Прокладання труб водопроводу ППР діаметром 32 мм,100 м,True,171.067,3.8,0.0,0,3,16251.37,0,56600,72851.37
Д.2.2,17,Водопровід і каналізація – внутрішнє обладнання,ДСТУ Б Д.2.2-17:2012,3,Водопровід внутрішній і обладнання,17-3-4,Прокладання труб водопроводу металопластикових діаметром 16–20 мм,100 м,True,175.885,3.8,0.0,0,3,16709.08,0,56600,73309.08
Д.2.2,17,Водопровід і каналізація – внутрішнє обладнання,ДСТУ Б Д.2.2-17:2012,3,Водопровід внутрішній і обладнання,17-3-5,Улаштування стояків холодного і гарячого водопостачання,100 м,True,199.255,3.8,0.0,0,3,18929.22,0,56600,75529.22
Д.2.2,17,Водопровід і каналізація – внутрішнє обладнання,ДСТУ Б Д.2.2-17:2012,3,Водопровід внутрішній і обладнання,17-3-6,Установлення водолічильників з обв'язкою,шт,True,2.406,3.8,0.0,0,3,228.57,0,566.0,794.57
Д.2.2,17,Водопровід і каналізація – внутрішнє обладнання,ДСТУ Б Д.2.2-17:2012,3,Водопровід внутрішній і обладнання,17-3-7,Установлення насосів підвищення тиску з обв'язкою,шт,True,4.336,4.0,0.0,0,3,411.92,0,4230.0,4641.92
Д.2.2,17,Водопровід і каналізація – внутрішнє обладнання,ДСТУ Б Д.2.2-17:2012,3,Водопровід внутрішній і обладнання,17-3-8,Установлення водонагрівачів ємнісних до 100 л,шт,True,2.077,3.8,0.0,0,3,197.31,0,566.0,763.31
Д.2.2,17,Водопровід і каналізація – внутрішнє обладнання,ДСТУ Б Д.2.2-17:2012,3,Водопровід внутрішній і обладнання,17-3-9,Установлення фільтрів грубого/тонкого очищення,шт,True,2.132,3.8,0.0,0,3,202.54,0,566.0,768.54
Д.2.2,17,Водопровід і каналізація – внутрішнє обладнання,ДСТУ Б Д.2.2-17:2012,3,Водопровід внутрішній і обладнання,17-3-10,Гідравлічне випробування системи водопроводу,система,True,2.138,3.8,0.0,0,3,203.11,0,566.0,769.11
Д.2.2,18,Опалення – внутрішнє обладнання,ДСТУ Б Д.2.2-18:2012,1,Опалювальні прилади,18-1-1,Установлення радіаторів секційних алюмінієвих/біметалевих,кВт,True,3.744,4.0,0.0,0,3,355.68,0,4230.0,4585.68
Д.2.2,18,Опалення – внутрішнє обладнання,ДСТУ Б Д.2.2-18:2012,1,Опалювальні прилади,18-1-2,Установлення радіаторів панельних сталевих,шт,True,4.123,4.0,0.0,0,3,391.69,0,4230.0,4621.69
Д.2.2,18,Опалення – внутрішнє обладнання,ДСТУ Б Д.2.2-18:2012,1,Опалювальні прилади,18-1-3,Установлення конвекторів,шт,True,4.362,4.0,0.0,0,3,414.39,0,4230.0,4644.39
Д.2.2,18,Опалення – внутрішнє обладнання,ДСТУ Б Д.2.2-18:2012,1,Опалювальні прилади,18-1-4,Установлення термостатичних клапанів на приладах,шт,True,2.495,3.8,0.0,0,3,237.03,0,566.0,803.03
Д.2.2,18,Опалення – внутрішнє обладнання,ДСТУ Б Д.2.2-18:2012,1,Опалювальні прилади,18-1-5,Установлення рушникосушарок,шт,True,3.726,4.0,0.0,0,3,353.97,0,4230.0,4583.97
Д.2.2,18,Опалення – внутрішнє обладнання,ДСТУ Б Д.2.2-18:2012,2,Котельне / тепловий пункт,18-2-1,Установлення котлів опалювальних настінних газових/електричних,шт,True,3.573,4.0,0.0,0,3,339.44,0,4230.0,4569.44
Д.2.2,18,Опалення – внутрішнє обладнання,ДСТУ Б Д.2.2-18:2012,2,Котельне / тепловий пункт,18-2-2,Установлення котлів підлогових,шт,True,1.718,3.8,0.0,0,3,163.21,0,533.5,696.71
Д.2.2,18,Опалення – внутрішнє обладнання,ДСТУ Б Д.2.2-18:2012,2,Котельне / тепловий пункт,18-2-3,Установлення розширювальних баків,шт,True,2.39,3.8,0.0,0,3,227.05,0,566.0,793.05
Д.2.2,18,Опалення – внутрішнє обладнання,ДСТУ Б Д.2.2-18:2012,2,Котельне / тепловий пункт,18-2-4,Установлення циркуляційних насосів,шт,True,3.545,4.0,0.0,0,3,336.77,0,4230.0,4566.77
Д.2.2,18,Опалення – внутрішнє обладнання,ДСТУ Б Д.2.2-18:2012,2,Котельне / тепловий пункт,18-2-5,Установлення розподільчих колекторів,шт,True,2.291,3.8,0.0,0,3,217.64,0,566.0,783.64
Д.2.2,18,Опалення – внутрішнє обладнання,ДСТУ Б Д.2.2-18:2012,2,Котельне / тепловий пункт,18-2-6,Улаштування індивідуального теплового пункту (ІТП) малого,компл,True,2.476,3.8,0.0,0,3,235.22,0,566.0,801.22
Д.2.2,18,Опалення – внутрішнє обладнання,ДСТУ Б Д.2.2-18:2012,3,Трубопроводи опалення,18-3-1,Прокладання трубопроводів опалення сталевих діаметром до 25 мм,100 м,True,173.259,3.8,0.0,0,3,16459.6,0,56600,73059.6
Д.2.2,18,Опалення – внутрішнє обладнання,ДСТУ Б Д.2.2-18:2012,3,Трубопроводи опалення,18-3-2,Прокладання трубопроводів опалення ППР/PEX діаметром 16–20 мм,100 м,True,161.241,3.8,0.0,0,3,15317.9,0,56600,71917.9
Д.2.2,18,Опалення – внутрішнє обладнання,ДСТУ Б Д.2.2-18:2012,3,Трубопроводи опалення,18-3-3,Прокладання трубопроводів опалення ППР діаметром 25–32 мм,100 м,True,199.988,3.8,0.0,0,3,18998.86,0,56600,75598.86
Д.2.2,18,Опалення – внутрішнє обладнання,ДСТУ Б Д.2.2-18:2012,3,Трубопроводи опалення,18-3-4,Улаштування системи «тепла підлога» з труби PEX,100 м2,True,148.696,3.8,0.0,0,3,14126.12,0,53350,67476.12
Д.2.2,18,Опалення – внутрішнє обладнання,ДСТУ Б Д.2.2-18:2012,3,Трубопроводи опалення,18-3-5,Гідравлічне випробування системи опалення,система,True,2.381,3.8,0.0,0,3,226.19,0,566.0,792.19
Д.2.2,18,Опалення – внутрішнє обладнання,ДСТУ Б Д.2.2-18:2012,3,Трубопроводи опалення,18-3-6,Промивання системи опалення,система,True,2.261,3.8,0.0,0,3,214.8,0,566.0,780.8
Д.2.2,20,Вентиляція та кондиціонування повітря,ДСТУ Б Д.2.2-20:2012,1,Повітроводи,20-1-1,"Улаштування повітроводів з оцинкованої сталі товщиною до 0,5 мм класу Н",100 м2,True,222.042,3.9,0.0,0,2,21093.99,0,41400,62493.99
Д.2.2,20,Вентиляція та кондиціонування повітря,ДСТУ Б Д.2.2-20:2012,1,Повітроводи,20-1-2,"Улаштування повітроводів товщиною до 0,7 мм",100 м2,True,230.311,3.9,0.0,0,2,21879.55,0,41400,63279.55
Д.2.2,20,Вентиляція та кондиціонування повітря,ДСТУ Б Д.2.2-20:2012,1,Повітроводи,20-1-3,Улаштування повітроводів гнучких ізольованих,100 м,True,255.405,3.9,0.0,0,2,24263.47,0,41400,65663.47
Д.2.2,20,Вентиляція та кондиціонування повітря,ДСТУ Б Д.2.2-20:2012,1,Повітроводи,20-1-4,Улаштування фасонних частин повітроводів,100 м2,True,259.859,3.9,0.0,0,2,24686.6,0,41400,66086.6
Д.2.2,20,Вентиляція та кондиціонування повітря,ДСТУ Б Д.2.2-20:2012,1,Повітроводи,20-1-5,Теплоізоляція повітроводів рулонними матеріалами,100 м2,True,229.75,3.9,0.0,0,2,21826.25,0,41400,63226.25
Д.2.2,20,Вентиляція та кондиціонування повітря,ДСТУ Б Д.2.2-20:2012,2,Вентиляційне обладнання,20-2-1,Установлення вентиляторів осьових,шт,True,8.496,4.1,0.0,0,2,807.12,0,20500.0,21307.12
Д.2.2,20,Вентиляція та кондиціонування повітря,ДСТУ Б Д.2.2-20:2012,2,Вентиляційне обладнання,20-2-2,Установлення вентиляторів радіальних,шт,True,8.713,4.1,0.0,0,2,827.73,0,20500.0,21327.73
Д.2.2,20,Вентиляція та кондиціонування повітря,ДСТУ Б Д.2.2-20:2012,2,Вентиляційне обладнання,20-2-3,Установлення припливно-витяжних установок до 2000 м3/год,шт,True,9.431,4.1,0.0,0,2,895.94,0,20500.0,21395.94
Д.2.2,20,Вентиляція та кондиціонування повітря,ДСТУ Б Д.2.2-20:2012,2,Вентиляційне обладнання,20-2-4,Установлення припливно-витяжних установок понад 2000 м3/год,шт,True,8.913,4.1,0.0,0,2,846.74,0,20500.0,21346.74
Д.2.2,20,Вентиляція та кондиціонування повітря,ДСТУ Б Д.2.2-20:2012,2,Вентиляційне обладнання,20-2-5,Установлення решіток і дифузорів,шт,True,3.008,3.9,0.0,0,2,285.76,0,414.0,699.76
Д.2.2,20,Вентиляція та кондиціонування повітря,ДСТУ Б Д.2.2-20:2012,2,Вентиляційне обладнання,20-2-6,Установлення вогнезатримуючих клапанів,шт,True,3.26,3.9,0.0,0,2,309.7,0,414.0,723.7
Д.2.2,20,Вентиляція та кондиціонування повітря,ДСТУ Б Д.2.2-20:2012,2,Вентиляційне обладнання,20-2-7,Установлення шумоглушників,шт,True,3.099,3.9,0.0,0,2,294.41,0,414.0,708.41
Д.2.2,20,Вентиляція та кондиціонування повітря,ДСТУ Б Д.2.2-20:2012,3,Кондиціонування,20-3-1,Установлення спліт-систем побутових (внутрішній + зовнішній блоки),шт,True,6.487,3.3,0.15,1,2,632.76,135.0,1781.0,2548.76
Д.2.2,20,Вентиляція та кондиціонування повітря,ДСТУ Б Д.2.2-20:2012,3,Кондиціонування,20-3-2,Установлення мультиспліт-систем,шт,True,9.45,4.1,0.0,0,2,897.75,0,20500.0,21397.75
Д.2.2,20,Вентиляція та кондиціонування повітря,ДСТУ Б Д.2.2-20:2012,3,Кондиціонування,20-3-3,Установлення канальних кондиціонерів,шт,True,8.537,4.1,0.0,0,2,811.02,0,20500.0,21311.02
Д.2.2,21,Електроосвітлення будинків,ДСТУ Б Д.2.2-21:2012,1,Прокладання кабелів і проводів,21-1-1,Прокладання кабелів у штробах з подальшим заробленням,100 м,True,127.198,3.7,0.0,0,3,12083.81,0,10165,22248.81
Д.2.2,21,Електроосвітлення будинків,ДСТУ Б Д.2.2-21:2012,1,Прокладання кабелів і проводів,21-1-2,Прокладання кабелів у гофрованих трубах у підготовці підлоги,100 м,True,134.789,3.8,0.0,0,3,12804.95,0,53350,66154.95
Д.2.2,21,Електроосвітлення будинків,ДСТУ Б Д.2.2-21:2012,1,Прокладання кабелів і проводів,21-1-3,Прокладання кабелів у коробах по стінах,100 м,True,121.753,3.7,0.0,0,3,11566.53,0,10165,21731.53
Д.2.2,21,Електроосвітлення будинків,ДСТУ Б Д.2.2-21:2012,1,Прокладання кабелів і проводів,21-1-4,Прокладання кабелів у лотках горизонтальних,100 м,True,129.677,3.7,0.0,0,3,12319.31,0,10165,22484.31
Д.2.2,21,Електроосвітлення будинків,ДСТУ Б Д.2.2-21:2012,1,Прокладання кабелів і проводів,21-1-5,Прокладання кабелів відкрито по конструкціях на скобах,100 м,True,116.546,3.7,0.0,0,3,11071.87,0,10165,21236.87
Д.2.2,21,Електроосвітлення будинків,ДСТУ Б Д.2.2-21:2012,1,Прокладання кабелів і проводів,21-1-6,Прокладання кабелів у землі в траншеї (ввід),100 м,True,28.311,2.8,0.5,1,2,2744.55,300.0,259.25,3303.8
Д.2.2,21,Електроосвітлення будинків,ДСТУ Б Д.2.2-21:2012,1,Прокладання кабелів і проводів,21-1-7,Прокладання проводів у трубах ПВХ по стелях/стінах,100 м,True,170.108,3.8,0.0,0,3,16160.26,0,56600,72760.26
Д.2.2,21,Електроосвітлення будинків,ДСТУ Б Д.2.2-21:2012,1,Прокладання кабелів і проводів,21-1-8,Протягування додаткових кабелів у раніше прокладених трубах,100 м,True,165.331,3.8,0.0,0,3,15706.44,0,56600,72306.44
Д.2.2,21,Електроосвітлення будинків,ДСТУ Б Д.2.2-21:2012,2,Електроустановочні вироби,21-2-1,Установлення вимикачів однокнопочних прихованої проводки,100 шт,True,97.082,3.8,0.0,0,2,9222.79,0,39000,48222.79
Д.2.2,21,Електроосвітлення будинків,ДСТУ Б Д.2.2-21:2012,2,Електроустановочні вироби,21-2-2,Установлення вимикачів двокнопочних / прохідних,100 шт,True,98.773,3.8,0.0,0,2,9383.43,0,39000,48383.43
Д.2.2,21,Електроосвітлення будинків,ДСТУ Б Д.2.2-21:2012,2,Електроустановочні вироби,21-2-3,Установлення розеток з заземленням прихованої проводки,100 шт,True,58.273,4.0,0.0,0,2,5535.94,0,2575,8110.94
Д.2.2,21,Електроосвітлення будинків,ДСТУ Б Д.2.2-21:2012,2,Електроустановочні вироби,21-2-4,Установлення розеток вологозахищених,100 шт,True,131.506,3.7,0.0,0,3,12493.07,0,10165,22658.07
Д.2.2,21,Електроосвітлення будинків,ДСТУ Б Д.2.2-21:2012,2,Електроустановочні вироби,21-2-5,Установлення розподільних / протяжних коробок,100 шт,True,120.009,3.7,0.0,0,3,11400.85,0,10165,21565.85
Д.2.2,21,Електроосвітлення будинків,ДСТУ Б Д.2.2-21:2012,2,Електроустановочні вироби,21-2-6,Установлення клемних з'єднань і маркування кіл,100 шт,True,123.424,3.7,0.0,0,3,11725.28,0,10165,21890.28
Д.2.2,21,Електроосвітлення будинків,ДСТУ Б Д.2.2-21:2012,3,Світильники,21-3-1,Установлення світильників стельових накладних,100 шт,True,130.944,3.7,0.0,0,2,12439.68,0,47250,59689.68
Д.2.2,21,Електроосвітлення будинків,ДСТУ Б Д.2.2-21:2012,3,Світильники,21-3-2,Установлення світильників вбудованих у підвісну стелю,100 шт,True,108.089,3.8,0.0,0,2,10268.45,0,39000,49268.45
Д.2.2,21,Електроосвітлення будинків,ДСТУ Б Д.2.2-21:2012,3,Світильники,21-3-3,Установлення світильників настінних бра,100 шт,True,99.448,3.8,0.0,0,2,9447.56,0,39000,48447.56
Д.2.2,21,Електроосвітлення будинків,ДСТУ Б Д.2.2-21:2012,3,Світильники,21-3-4,Установлення світильників зовнішнього освітлення на фасаді,100 шт,True,93.806,3.8,0.0,0,2,8911.57,0,39000,47911.57
Д.2.2,21,Електроосвітлення будинків,ДСТУ Б Д.2.2-21:2012,3,Світильники,21-3-5,Установлення світильників евакуаційного освітлення,100 шт,True,103.807,3.8,0.0,0,2,9861.67,0,39000,48861.67
Д.2.2,21,Електроосвітлення будинків,ДСТУ Б Д.2.2-21:2012,3,Світильники,21-3-6,Установлення прожекторів / консольних світильників території,шт,True,1.47,3.8,0.0,0,2,139.65,0,390.0,529.65
Д.2.2,21,Електроосвітлення будинків,ДСТУ Б Д.2.2-21:2012,4,"Щити, облік, заземлення",21-4-1,Установлення щитів розподільних до 24 модулів,шт,True,1.37,3.8,0.0,0,2,130.15,0,390.0,520.15
Д.2.2,21,Електроосвітлення будинків,ДСТУ Б Д.2.2-21:2012,4,"Щити, облік, заземлення",21-4-2,Установлення щитів розподільних 24–48 модулів,шт,True,1.424,3.8,0.0,0,2,135.28,0,390.0,525.28
Д.2.2,21,Електроосвітлення будинків,ДСТУ Б Д.2.2-21:2012,4,"Щити, облік, заземлення",21-4-3,Установлення щитів поверхових / квартирних,шт,True,1.4,3.8,0.0,0,2,133.0,0,390.0,523.0
Д.2.2,21,Електроосвітлення будинків,ДСТУ Б Д.2.2-21:2012,4,"Щити, облік, заземлення",21-4-4,Установлення лічильників електроенергії,шт,True,1.368,3.8,0.0,0,2,129.96,0,390.0,519.96
Д.2.2,21,Електроосвітлення будинків,ДСТУ Б Д.2.2-21:2012,4,"Щити, облік, заземлення",21-4-5,Улаштування контуру заземлення (вертикальні електроди),шт,True,14.039,4.0,0.0,0,2,1333.7,0,2575,3908.7
Д.2.2,21,Електроосвітлення будинків,ДСТУ Б Д.2.2-21:2012,4,"Щити, облік, заземлення",21-4-6,Прокладання головної заземлювальної шини і з'єднань,100 м,True,121.086,3.7,0.0,0,3,11503.17,0,10165,21668.17
Д.2.2,21,Електроосвітлення будинків,ДСТУ Б Д.2.2-21:2012,4,"Щити, облік, заземлення",21-4-7,Вимірювання опору ізоляції кабельних ліній,лінія,True,1.847,3.7,0.0,0,3,175.47,0,101.65,277.12
Д.2.2,22,Водопровід – зовнішні мережі,ДСТУ Б Д.2.2-22:2012,1,Укладання водопровідних труб,22-1-1,Укладання труб ПЕ діаметром до 63 мм зварюванням,100 м,True,171.375,3.8,0.0,0,3,16280.62,0,56600,72880.62
Д.2.2,22,Водопровід – зовнішні мережі,ДСТУ Б Д.2.2-22:2012,1,Укладання водопровідних труб,22-1-2,Укладання труб ПЕ діаметром до 110 мм,100 м,True,160.942,3.8,0.0,0,3,15289.49,0,56600,71889.49
Д.2.2,22,Водопровід – зовнішні мережі,ДСТУ Б Д.2.2-22:2012,1,Укладання водопровідних труб,22-1-3,Укладання труб ПЕ діаметром до 160 мм,100 м,True,186.737,3.8,0.0,0,3,17740.01,0,56600,74340.01
Д.2.2,22,Водопровід – зовнішні мережі,ДСТУ Б Д.2.2-22:2012,1,Укладання водопровідних труб,22-1-4,Укладання труб чавунних діаметром до 100 мм,100 м,True,193.679,3.8,0.0,0,3,18399.51,0,56600,74999.51
Д.2.2,22,Водопровід – зовнішні мережі,ДСТУ Б Д.2.2-22:2012,1,Укладання водопровідних труб,22-1-5,Укладання труб сталевих в ізоляції діаметром до 100 мм,100 м,True,193.447,3.8,0.0,0,3,18377.47,0,56600,74977.47
Д.2.2,22,Водопровід – зовнішні мережі,ДСТУ Б Д.2.2-22:2012,1,Укладання водопровідних труб,22-1-6,Прокладання футлярів під дорогами,м,True,2.482,3.8,0.0,0,3,235.79,0,566.0,801.79
Д.2.2,22,Водопровід – зовнішні мережі,ДСТУ Б Д.2.2-22:2012,2,Колодязі та арматура,22-2-1,Улаштування колодязів водопровідних зі збірних кілець d=1 м,шт,True,16.807,3.6,1.2,1,3,1728.66,1680.0,9476.0,12884.66
Д.2.2,22,Водопровід – зовнішні мережі,ДСТУ Б Д.2.2-22:2012,2,Колодязі та арматура,22-2-2,"Улаштування колодязів d=1,5 м",шт,True,19.04,3.6,1.2,1,3,1940.8,1680.0,9476.0,13096.8
Д.2.2,22,Водопровід – зовнішні мережі,ДСТУ Б Д.2.2-22:2012,2,Колодязі та арматура,22-2-3,Установлення засувок діаметром до 100 мм,шт,True,2.322,3.8,0.0,0,3,220.59,0,566.0,786.59
Д.2.2,22,Водопровід – зовнішні мережі,ДСТУ Б Д.2.2-22:2012,2,Колодязі та арматура,22-2-4,Установлення пожежних гідрантів,шт,True,17.844,3.6,1.2,1,3,1827.18,1680.0,9476.0,12983.18
Д.2.2,22,Водопровід – зовнішні мережі,ДСТУ Б Д.2.2-22:2012,2,Колодязі та арматура,22-2-5,Установлення вводу в будівлю з вузлом обліку,компл,True,2.028,3.8,0.0,0,3,192.66,0,566.0,758.66
Д.2.2,22,Водопровід – зовнішні мережі,ДСТУ Б Д.2.2-22:2012,2,Колодязі та арматура,22-2-6,Гідравлічне випробування і хлорування мережі,100 м,True,166.988,3.8,0.0,0,3,15863.86,0,56600,72463.86
Д.2.2,23,Каналізація – зовнішні мережі,ДСТУ Б Д.2.2-23:2012,1,Укладання каналізаційних труб,23-1-1,Укладання труб ПВХ/ПП діаметром 110 мм,100 м,True,194.984,3.8,0.0,0,3,18523.48,0,56600,75123.48
Д.2.2,23,Каналізація – зовнішні мережі,ДСТУ Б Д.2.2-23:2012,1,Укладання каналізаційних труб,23-1-2,Укладання труб ПВХ/ПП діаметром 160 мм,100 м,True,165.346,3.8,0.0,0,3,15707.87,0,56600,72307.87
Д.2.2,23,Каналізація – зовнішні мережі,ДСТУ Б Д.2.2-23:2012,1,Укладання каналізаційних труб,23-1-3,Укладання труб ПВХ/ПП діаметром 200 мм,100 м,True,161.117,3.8,0.0,0,3,15306.11,0,56600,71906.11
Д.2.2,23,Каналізація – зовнішні мережі,ДСТУ Б Д.2.2-23:2012,1,Укладання каналізаційних труб,23-1-4,Укладання труб залізобетонних діаметром до 400 мм,100 м,True,179.846,3.8,0.0,0,3,17085.37,0,56600,73685.37
Д.2.2,23,Каналізація – зовнішні мережі,ДСТУ Б Д.2.2-23:2012,1,Укладання каналізаційних труб,23-1-5,Укладання дренажних перфорованих труб,100 м,True,191.925,3.8,0.0,0,3,18232.88,0,56600,74832.88
Д.2.2,23,Каналізація – зовнішні мережі,ДСТУ Б Д.2.2-23:2012,2,Колодязі і споруди,23-2-1,Улаштування оглядових колодязів зі збірних кілець d=1 м,шт,True,18.946,3.6,1.2,1,3,1931.87,1680.0,9476.0,13087.87
Д.2.2,23,Каналізація – зовнішні мережі,ДСТУ Б Д.2.2-23:2012,2,Колодязі і споруди,23-2-2,"Улаштування оглядових колодязів d=1,5 м",шт,True,16.811,3.6,1.2,1,3,1729.05,1680.0,9476.0,12885.05
Д.2.2,23,Каналізація – зовнішні мережі,ДСТУ Б Д.2.2-23:2012,2,Колодязі і споруди,23-2-3,Улаштування перепадних колодязів,шт,True,16.56,3.6,1.2,1,3,1705.2,1680.0,9476.0,12861.2
Д.2.2,23,Каналізація – зовнішні мережі,ДСТУ Б Д.2.2-23:2012,2,Колодязі і споруди,23-2-4,Улаштування дощоприймачів,шт,True,18.828,3.6,1.2,1,3,1920.66,1680.0,9476.0,13076.66
Д.2.2,23,Каналізація – зовнішні мережі,ДСТУ Б Д.2.2-23:2012,2,Колодязі і споруди,23-2-5,Улаштування септика/ЛОС малого (до 10 м3),компл,True,16.901,3.6,1.2,1,3,1737.6,1680.0,9476.0,12893.6
Д.2.2,23,Каналізація – зовнішні мережі,ДСТУ Б Д.2.2-23:2012,2,Колодязі і споруди,23-2-6,Підключення випусків будівлі до колодязів,шт,True,17.199,3.6,1.2,1,3,1765.91,1680.0,9476.0,12921.91
Д.2.2,26,Теплоізоляційні роботи,ДСТУ Б Д.2.2-26:2012,1,Утеплення огороджувальних конструкцій,26-1-1,Утеплення стін мінватою 100 мм під опорядження (каркасне),100 м2,True,110.646,3.5,0.0,0,2,10511.37,0,41100,51611.37
Д.2.2,26,Теплоізоляційні роботи,ДСТУ Б Д.2.2-26:2012,1,Утеплення огороджувальних конструкцій,26-1-2,Улаштування ССТІ з мінвати 100–150 мм з декоративною штукатуркою,100 м2,True,168.898,3.6,0.0,0,3,16045.31,0,12050,28095.31
Д.2.2,26,Теплоізоляційні роботи,ДСТУ Б Д.2.2-26:2012,1,Утеплення огороджувальних конструкцій,26-1-3,Улаштування ССТІ з пінополістиролу 100 мм,100 м2,True,108.711,3.5,0.0,0,2,10327.55,0,41100,51427.55
Д.2.2,26,Теплоізоляційні роботи,ДСТУ Б Д.2.2-26:2012,1,Утеплення огороджувальних конструкцій,26-1-4,Утеплення укосів фасадних,100 м,True,105.177,3.5,0.0,0,2,9991.82,0,41100,51091.82
Д.2.2,26,Теплоізоляційні роботи,ДСТУ Б Д.2.2-26:2012,1,Утеплення огороджувальних конструкцій,26-1-5,Утеплення горищного перекриття мінватою 200 мм,100 м2,True,100.571,3.5,0.0,0,2,9554.24,0,41100,50654.24
Д.2.2,26,Теплоізоляційні роботи,ДСТУ Б Д.2.2-26:2012,1,Утеплення огороджувальних конструкцій,26-1-6,Утеплення цоколя екструдованим пінополістиролом,100 м2,True,117.646,3.5,0.0,0,2,11176.37,0,41100,52276.37
Д.2.2,26,Теплоізоляційні роботи,ДСТУ Б Д.2.2-26:2012,1,Утеплення огороджувальних конструкцій,26-1-7,Утеплення підлоги на ґрунті пінополістиролом,100 м2,True,133.804,3.8,0.0,0,3,12711.38,0,53350,66061.38
Д.2.2,26,Теплоізоляційні роботи,ДСТУ Б Д.2.2-26:2012,2,Ізоляція трубопроводів і обладнання,26-2-1,Теплоізоляція трубопроводів трубками з спіненого каучуку/ПЕ до 50 мм,100 м,True,175.87,3.8,0.0,0,3,16707.65,0,56600,73307.65
Д.2.2,26,Теплоізоляційні роботи,ДСТУ Б Д.2.2-26:2012,2,Ізоляція трубопроводів і обладнання,26-2-2,Теплоізоляція трубопроводів циліндрами мінватними до 100 мм,100 м,True,198.765,3.8,0.0,0,3,18882.67,0,56600,75482.67
Д.2.2,26,Теплоізоляційні роботи,ДСТУ Б Д.2.2-26:2012,2,Ізоляція трубопроводів і обладнання,26-2-3,Теплоізоляція повітроводів самоклейними матами,100 м2,True,226.901,3.9,0.0,0,2,21555.6,0,41400,62955.6
Д.2.2,26,Теплоізоляційні роботи,ДСТУ Б Д.2.2-26:2012,2,Ізоляція трубопроводів і обладнання,26-2-4,Теплоізоляція баків і обладнання матами,м2,True,1.388,3.5,0.0,0,2,131.86,0,411.0,542.86
Д.2.2,27,Автомобільні дороги,ДСТУ Б Д.2.2-27:2012,1,Основи під покриття,27-1-1,Улаштування піщаної основи товщиною 10 см з ущільненням,1000 м2,True,21.382,2.8,8.393,1,2,2954.52,5035.8,4351.74,12342.06
Д.2.2,27,Автомобільні дороги,ДСТУ Б Д.2.2-27:2012,1,Основи під покриття,27-1-2,Улаштування щебеневої основи товщиною 15 см,1000 м2,True,66.564,3.2,6.346,2,1,7021.64,3717.0,270.0,11008.64
Д.2.2,27,Автомобільні дороги,ДСТУ Б Д.2.2-27:2012,1,Основи під покриття,27-1-3,Улаштування щебеневої основи товщиною 20 см,1000 м2,True,64.424,3.2,6.705,2,1,6857.83,3926.6,270.0,11054.43
Д.2.2,27,Автомобільні дороги,ДСТУ Б Д.2.2-27:2012,1,Основи під покриття,27-1-4,Улаштування основи з відсіву під плитку,100 м2,True,143.668,3.8,0.0,0,3,13648.46,0,53350,66998.46
Д.2.2,27,Автомобільні дороги,ДСТУ Б Д.2.2-27:2012,2,Покриття,27-2-1,Улаштування покриття з асфальтобетону дрібнозернистого 5 см,1000 м2,True,55.376,3.2,6.47,2,1,5972.42,3789.6,270.0,10032.02
Д.2.2,27,Автомобільні дороги,ДСТУ Б Д.2.2-27:2012,2,Покриття,27-2-2,Улаштування покриття з асфальтобетону 7 см у два шари,1000 м2,True,60.655,3.2,8.465,2,1,6693.38,4958.1,270.0,11921.48
Д.2.2,27,Автомобільні дороги,ДСТУ Б Д.2.2-27:2012,2,Покриття,27-2-3,Улаштування покриття з тротуарної плитки (ФЕМ) 6 см,100 м2,True,130.338,3.8,0.0,0,3,12382.11,0,53350,65732.11
Д.2.2,27,Автомобільні дороги,ДСТУ Б Д.2.2-27:2012,2,Покриття,27-2-4,Улаштування покриття з тротуарної плитки 8 см (проїзди),100 м2,True,131.827,3.8,0.0,0,3,12523.57,0,53350,65873.57
Д.2.2,27,Автомобільні дороги,ДСТУ Б Д.2.2-27:2012,2,Покриття,27-2-5,Улаштування гумового покриття дитячих майданчиків,100 м2,True,57.082,3.2,0.4,2,1,5466.79,234.2,27000,32700.99
Д.2.2,27,Автомобільні дороги,ДСТУ Б Д.2.2-27:2012,2,Покриття,27-2-6,Улаштування бетонного покриття доріжок,100 м2,True,59.593,3.2,0.4,2,1,5705.34,234.2,27000,32939.54
Д.2.2,27,Автомобільні дороги,ДСТУ Б Д.2.2-27:2012,3,Бордюри і водовідведення,27-3-1,Установлення бортових каменів дорожніх БР100.30.15,100 м,True,58.071,3.2,0.4,2,1,5560.74,234.2,27000,32794.94
Д.2.2,27,Автомобільні дороги,ДСТУ Б Д.2.2-27:2012,3,Бордюри і водовідведення,27-3-2,Установлення поребриків садових БР100.20.8,100 м,True,62.737,3.2,0.4,2,1,6004.02,234.2,27000,33238.22
Д.2.2,27,Автомобільні дороги,ДСТУ Б Д.2.2-27:2012,3,Бордюри і водовідведення,27-3-3,Улаштування лотків водовідвідних із решітками,100 м,True,248.353,3.9,0.0,0,2,23593.53,0,41400,64993.53
Д.2.2,27,Автомобільні дороги,ДСТУ Б Д.2.2-27:2012,3,Бордюри і водовідведення,27-3-4,Улаштування дощоприймальних решіток точкових,шт,True,3.032,3.9,0.0,0,2,288.04,0,414.0,702.04
Д.2.2,46,Роботи при реконструкції будівель та споруд,ДСТУ Б Д.2.2-46:2012,1,Розбирання конструкцій,46-1-1,Розбирання фундаментів бутових,м3,True,5.933,3.3,0.15,1,2,580.13,135.0,1781.0,2496.13
Д.2.2,46,Роботи при реконструкції будівель та споруд,ДСТУ Б Д.2.2-46:2012,1,Розбирання конструкцій,46-1-2,Розбирання фундаментів бетонних,м3,True,7.106,3.5,0.6,2,2,741.07,426.66,3272.0,4439.73
Д.2.2,46,Роботи при реконструкції будівель та споруд,ДСТУ Б Д.2.2-46:2012,1,Розбирання конструкцій,46-1-3,Розбирання стін цегляних,м3,True,5.466,3.5,0.15,1,3,535.77,135.0,5433.96,6104.73
Д.2.2,46,Роботи при реконструкції будівель та споруд,ДСТУ Б Д.2.2-46:2012,1,Розбирання конструкцій,46-1-4,Розбирання перекриттів дерев'яних,100 м2,True,37.707,3.6,0.0,0,3,3582.16,0,13595.0,17177.16
Д.2.2,46,Роботи при реконструкції будівель та споруд,ДСТУ Б Д.2.2-46:2012,1,Розбирання конструкцій,46-1-5,Розбирання перекриттів зі збірних плит,100 м2,True,51.632,2.8,0.3,1,1,4938.04,27.0,499.59,5464.63
Д.2.2,46,Роботи при реконструкції будівель та споруд,ДСТУ Б Д.2.2-46:2012,1,Розбирання конструкцій,46-1-6,Розбирання перегородок цегляних,100 м2,True,60.172,3.5,0.15,1,2,5732.84,135.0,66480.0,72347.84
Д.2.2,46,Роботи при реконструкції будівель та споруд,ДСТУ Б Д.2.2-46:2012,1,Розбирання конструкцій,46-1-7,Розбирання перегородок каркасних,100 м2,True,62.279,3.5,0.15,1,2,5933.01,135.0,66480.0,72548.01
Д.2.2,46,Роботи при реконструкції будівель та споруд,ДСТУ Б Д.2.2-46:2012,1,Розбирання конструкцій,46-1-8,Розбирання покрівель металевих,100 м2,True,45.408,4.2,1.0,2,3,4423.76,652.76,47450.0,52526.52
Д.2.2,46,Роботи при реконструкції будівель та споруд,ДСТУ Б Д.2.2-46:2012,1,Розбирання конструкцій,46-1-9,Демонтаж віконних і дверних блоків,100 м2,True,57.634,3.5,0.15,1,2,5491.73,135.0,66480.0,72106.73
Д.2.2,46,Роботи при реконструкції будівель та споруд,ДСТУ Б Д.2.2-46:2012,2,Посилення конструкцій,46-2-1,Посилення фундаментів торкретуванням/обоймами,м3,True,10.569,3.8,2.0,1,1,1224.06,4400.0,15000.0,20624.06
Д.2.2,46,Роботи при реконструкції будівель та споруд,ДСТУ Б Д.2.2-46:2012,2,Посилення конструкцій,46-2-2,Посилення цегляних простінків обоймами,м3,True,5.317,3.5,0.15,1,3,521.62,135.0,5411.52,6068.14
Д.2.2,46,Роботи при реконструкції будівель та споруд,ДСТУ Б Д.2.2-46:2012,2,Посилення конструкцій,46-2-3,Посилення залізобетонних балок вуглеволокном,м,True,8.152,3.5,0.6,2,2,840.44,426.66,3272.0,4539.1
Д.2.2,46,Роботи при реконструкції будівель та споруд,ДСТУ Б Д.2.2-46:2012,2,Посилення конструкцій,46-2-4,Посилення перекриттів металевими балками,т,True,15.157,4.2,1.0,2,3,1549.91,652.76,47450.0,49652.67
Д.2.2,46,Роботи при реконструкції будівель та споруд,ДСТУ Б Д.2.2-46:2012,2,Посилення конструкцій,46-2-5,Ін'єктування тріщин у стінах,м,True,10.038,3.8,2.0,1,1,1173.61,4400.0,15000.0,20573.61
Д.2.2,46,Роботи при реконструкції будівель та споруд,ДСТУ Б Д.2.2-46:2012,3,Прорізи і отвори,46-3-1,Пробивання прорізів у цегляних стінах з улаштуванням перемичок,м2,True,4.974,3.5,0.15,1,3,489.03,135.0,5360.16,5984.19
Д.2.2,46,Роботи при реконструкції будівель та споруд,ДСТУ Б Д.2.2-46:2012,3,Прорізи і отвори,46-3-2,Пробивання прорізів у бетонних стінах алмазним різанням,м2,True,6.864,3.5,0.6,2,2,718.08,426.66,3272.0,4416.74
Д.2.2,46,Роботи при реконструкції будівель та споруд,ДСТУ Б Д.2.2-46:2012,3,Прорізи і отвори,46-3-3,Свердління отворів у перекриттях під комунікації,шт,True,10.248,3.8,2.0,1,1,1193.56,4400.0,15000.0,20593.56
Д.2.2,46,Роботи при реконструкції будівель та споруд,ДСТУ Б Д.2.2-46:2012,3,Прорізи і отвори,46-3-4,Закладання прорізів цеглою,м3,True,5.26,3.5,0.15,1,3,516.2,135.0,5403.12,6054.32
Д.2.2,46,Роботи при реконструкції будівель та споруд,ДСТУ Б Д.2.2-46:2012,3,Прорізи і отвори,46-3-5,Улаштування штраб і борозен у стінах,100 м,True,26.2,3.8,2.0,1,1,2709.0,4400.0,15000.0,22109.0
Д.2.2,46,Роботи при реконструкції будівель та споруд,ДСТУ Б Д.2.2-46:2012,4,Супутні роботи реконструкції,46-4-1,Навантаження і вивезення будівельного сміття,т,True,14.393,3.8,2.0,1,1,1587.34,4400.0,15000.0,20987.34
Д.2.2,46,Роботи при реконструкції будівель та споруд,ДСТУ Б Д.2.2-46:2012,4,Супутні роботи реконструкції,46-4-2,Улаштування тимчасових огороджень і захисних настилів,100 м2,True,36.364,3.8,2.0,1,1,3674.58,4400.0,15000.0,23074.58
Д.2.2,46,Роботи при реконструкції будівель та споруд,ДСТУ Б Д.2.2-46:2012,4,Супутні роботи реконструкції,46-4-3,Очищення приміщень від сміття після демонтажу,100 м2,True,42.547,4.3,1.5,2,2,4206.97,1097.36,2000.0,7304.33
Д.2.2,47,Озеленення. Захисні лісонасадження. Багаторічні плодові насадження,ДСТУ Б Д.2.2-47:2012,1,Підготовка території,47-1-1,Планування території під озеленення вручну,100 м2,True,52.854,2.5,0.0,0,1,5021.13,0,0,5021.13
Д.2.2,47,Озеленення. Захисні лісонасадження. Багаторічні плодові насадження,ДСТУ Б Д.2.2-47:2012,1,Підготовка території,47-1-2,Розстилання рослинного ґрунту шаром 15 см,100 м2,True,57.711,3.2,0.4,2,1,5526.55,234.2,27000,32760.75
Д.2.2,47,Озеленення. Захисні лісонасадження. Багаторічні плодові насадження,ДСТУ Б Д.2.2-47:2012,1,Підготовка території,47-1-3,Розстилання рослинного ґрунту шаром 20 см,100 м2,True,64.124,3.2,0.4,2,1,6135.78,234.2,27000,33369.98
Д.2.2,47,Озеленення. Захисні лісонасадження. Багаторічні плодові насадження,ДСТУ Б Д.2.2-47:2012,1,Підготовка території,47-1-4,Завезення рослинного ґрунту,м3,True,0.942,3.2,0.4,2,1,133.49,234.2,360.0,727.69
Д.2.2,47,Озеленення. Захисні лісонасадження. Багаторічні плодові насадження,ДСТУ Б Д.2.2-47:2012,2,Посадка рослин,47-2-1,"Посадка дерев листяних із грудкою до 0,5×0,4 м",шт,True,9.294,3.6,0.0,0,3,882.93,0,13595.0,14477.93
Д.2.2,47,Озеленення. Захисні лісонасадження. Багаторічні плодові насадження,ДСТУ Б Д.2.2-47:2012,2,Посадка рослин,47-2-2,Посадка дерев хвойних із грудкою,шт,True,8.456,3.6,0.0,0,3,803.32,0,13595.0,14398.32
Д.2.2,47,Озеленення. Захисні лісонасадження. Багаторічні плодові насадження,ДСТУ Б Д.2.2-47:2012,2,Посадка рослин,47-2-3,Улаштування газонів партерних посівом,100 м2,True,50.294,2.7,0.0,0,2,4777.93,0,7950.0,12727.93
Д.2.2,47,Озеленення. Захисні лісонасадження. Багаторічні плодові насадження,ДСТУ Б Д.2.2-47:2012,2,Посадка рослин,47-2-4,Улаштування газонів звичайних посівом,100 м2,True,46.617,2.7,0.0,0,2,4428.61,0,7950.0,12378.61
Д.2.2,47,Озеленення. Захисні лісонасадження. Багаторічні плодові насадження,ДСТУ Б Д.2.2-47:2012,2,Посадка рослин,47-2-5,Улаштування газонів рулонних,100 м2,True,52.897,2.7,0.0,0,2,5025.22,0,7950.0,12975.22
Д.2.2,47,Озеленення. Захисні лісонасадження. Багаторічні плодові насадження,ДСТУ Б Д.2.2-47:2012,2,Посадка рослин,47-2-6,Посадка кущів одиночних,шт,True,1.509,2.8,0.0,0,2,143.35,0,570.0,713.35
Д.2.2,47,Озеленення. Захисні лісонасадження. Багаторічні плодові насадження,ДСТУ Б Д.2.2-47:2012,2,Посадка рослин,47-2-7,Улаштування живоплоту з кущів,100 м,True,24.219,2.8,0.0,0,2,2300.81,0,570.0,2870.81
Д.2.2,47,Озеленення. Захисні лісонасадження. Багаторічні плодові насадження,ДСТУ Б Д.2.2-47:2012,2,Посадка рослин,47-2-8,Улаштування квітників з однорічників,100 м2,True,46.433,2.7,0.0,0,2,4411.14,0,7950.0,12361.14
Д.2.2,47,Озеленення. Захисні лісонасадження. Багаторічні плодові насадження,ДСТУ Б Д.2.2-47:2012,2,Посадка рослин,47-2-9,Улаштування квітників з багаторічників,100 м2,True,48.136,2.7,0.0,0,2,4572.92,0,7950.0,12522.92
Д.2.2,47,Озеленення. Захисні лісонасадження. Багаторічні плодові насадження,ДСТУ Б Д.2.2-47:2012,3,Догляд і супутні роботи,47-3-1,Полив насаджень зі шланга,100 м2,True,67.606,3.2,0.4,2,1,6466.57,234.2,27000,33700.77
Д.2.2,47,Озеленення. Захисні лісонасадження. Багаторічні плодові насадження,ДСТУ Б Д.2.2-47:2012,3,Догляд і супутні роботи,47-3-2,Догляд за деревами в перший рік (комплекс),шт,True,8.371,3.6,0.0,0,3,795.25,0,13595.0,14390.25
Д.2.2,47,Озеленення. Захисні лісонасадження. Багаторічні плодові насадження,ДСТУ Б Д.2.2-47:2012,3,Догляд і супутні роботи,47-3-3,Улаштування пристовбурних лунок і мульчування,шт,True,0.94,3.2,0.4,2,1,133.3,234.2,360.0,727.5
Д.2.2,47,Озеленення. Захисні лісонасадження. Багаторічні плодові насадження,ДСТУ Б Д.2.2-47:2012,3,Догляд і супутні роботи,47-3-4,Установлення опор і підв'язування дерев,шт,True,9.491,3.6,0.0,0,3,901.64,0,13595.0,14496.64
Д.2.3,7,"Компресорні машини, насоси та вентилятори",ДСТУ Б Д.2.3-7:2012,1,Насоси,7-1-1,"Монтаж насосів відцентрових консольних масою до 0,1 т",шт,True,14.183,4.3,1.5,2,2,1512.38,1097.36,2000.0,4609.74
Д.2.3,7,"Компресорні машини, насоси та вентилятори",ДСТУ Б Д.2.3-7:2012,1,Насоси,7-1-2,"Монтаж насосів відцентрових масою до 0,25 т",шт,True,12.947,4.3,1.5,2,2,1394.96,1097.36,2000.0,4492.32
Д.2.3,7,"Компресорні машини, насоси та вентилятори",ДСТУ Б Д.2.3-7:2012,1,Насоси,7-1-3,Монтаж насосів циркуляційних безфундаментних,шт,True,6.988,3.5,0.6,2,2,729.86,426.66,3272.0,4428.52
Д.2.3,7,"Компресорні машини, насоси та вентилятори",ДСТУ Б Д.2.3-7:2012,1,Насоси,7-1-4,Монтаж насосів заглибних свердловинних,шт,True,10.854,4.3,1.5,2,2,1196.13,1097.36,2000.0,4293.49
Д.2.3,7,"Компресорні машини, насоси та вентилятори",ДСТУ Б Д.2.3-7:2012,1,Насоси,7-1-5,Монтаж насосних станцій підвищення тиску заводської готовності,компл,True,14.709,4.3,1.5,2,2,1562.36,1097.36,2000.0,4659.72
Д.2.3,7,"Компресорні машини, насоси та вентилятори",ДСТУ Б Д.2.3-7:2012,1,Насоси,7-1-6,Монтаж дренажних насосів,шт,True,12.98,4.3,1.5,2,2,1398.1,1097.36,2000.0,4495.46
Д.2.3,7,"Компресорні машини, насоси та вентилятори",ДСТУ Б Д.2.3-7:2012,2,Вентилятори,7-2-1,"Монтаж вентиляторів осьових масою до 0,05 т",шт,True,9.145,4.1,0.0,0,2,868.77,0,20500.0,21368.77
Д.2.3,7,"Компресорні машини, насоси та вентилятори",ДСТУ Б Д.2.3-7:2012,2,Вентилятори,7-2-2,"Монтаж вентиляторів радіальних масою до 0,1 т",шт,True,8.15,4.1,0.0,0,2,774.25,0,20500.0,21274.25
Д.2.3,7,"Компресорні машини, насоси та вентилятори",ДСТУ Б Д.2.3-7:2012,2,Вентилятори,7-2-3,"Монтаж вентиляторів радіальних масою до 0,3 т",шт,True,8.497,4.1,0.0,0,2,807.22,0,20500.0,21307.22
Д.2.3,7,"Компресорні машини, насоси та вентилятори",ДСТУ Б Д.2.3-7:2012,2,Вентилятори,7-2-4,Монтаж вентиляторів дахових,шт,True,8.818,4.1,0.0,0,2,837.71,0,20500.0,21337.71
Д.2.3,7,"Компресорні машини, насоси та вентилятори",ДСТУ Б Д.2.3-7:2012,2,Вентилятори,7-2-5,Монтаж вентиляторів канальних,шт,True,9.813,4.1,0.0,0,2,932.24,0,20500.0,21432.24
Д.2.3,7,"Компресорні машини, насоси та вентилятори",ДСТУ Б Д.2.3-7:2012,3,Компресори,7-3-1,"Монтаж компресорів поршневих масою до 0,3 т",шт,True,14.283,4.3,1.5,2,2,1521.88,1097.36,2000.0,4619.24
Д.2.3,7,"Компресорні машини, насоси та вентилятори",ДСТУ Б Д.2.3-7:2012,3,Компресори,7-3-2,Монтаж ресиверів повітряних,шт,True,10.381,4.3,1.5,2,2,1151.2,1097.36,2000.0,4248.56
Д.2.3,8,Електротехнічні установки,ДСТУ Б Д.2.3-8:2012,1,Розподільні пристрої,8-1-1,Монтаж ВРП (ввідно-розподільних пристроїв),шт,True,5.156,3.5,0.15,1,3,506.32,135.0,5387.4,6028.72
Д.2.3,8,Електротехнічні установки,ДСТУ Б Д.2.3-8:2012,1,Розподільні пристрої,8-1-2,Монтаж щитів поверхових і групових,шт,True,5.073,3.5,0.15,1,3,498.44,135.0,5374.92,6008.36
Д.2.3,8,Електротехнічні установки,ДСТУ Б Д.2.3-8:2012,1,Розподільні пристрої,8-1-3,Монтаж автоматичних вимикачів до 63 А,шт,True,5.212,3.5,0.15,1,3,511.64,135.0,5395.8,6042.44
Д.2.3,8,Електротехнічні установки,ДСТУ Б Д.2.3-8:2012,1,Розподільні пристрої,8-1-4,Монтаж ПЗВ і диференційних автоматів,шт,True,5.198,3.5,0.15,1,3,510.31,135.0,5393.64,6038.95
Д.2.3,8,Електротехнічні установки,ДСТУ Б Д.2.3-8:2012,1,Розподільні пристрої,8-1-5,Монтаж пристроїв захисту від імпульсних перенапруг,шт,True,4.868,3.5,0.15,1,3,478.96,135.0,5344.2,5958.16
Д.2.3,8,Електротехнічні установки,ДСТУ Б Д.2.3-8:2012,1,Розподільні пристрої,8-1-6,Монтаж АВР для резервного живлення,компл,True,5.256,3.5,0.15,1,3,515.82,135.0,5402.4,6053.22
Д.2.3,8,Електротехнічні установки,ДСТУ Б Д.2.3-8:2012,2,Кабельні лінії,8-2-1,Прокладання кабелів силових до 16 мм2 по лотках,100 м,True,56.017,3.5,0.15,1,2,5338.12,135.0,66480.0,71953.12
Д.2.3,8,Електротехнічні установки,ДСТУ Б Д.2.3-8:2012,2,Кабельні лінії,8-2-2,Прокладання кабелів силових 25–50 мм2,100 м,True,57.652,3.5,0.15,1,2,5493.44,135.0,66480.0,72108.44
Д.2.3,8,Електротехнічні установки,ДСТУ Б Д.2.3-8:2012,2,Кабельні лінії,8-2-3,Затягування кабелів у труби,100 м,True,57.865,3.5,0.15,1,2,5513.68,135.0,66480.0,72128.68
Д.2.3,8,Електротехнічні установки,ДСТУ Б Д.2.3-8:2012,2,Кабельні лінії,8-2-4,Оброблення кінців кабелів до 16 мм2,шт,True,5.245,3.5,0.15,1,3,514.78,135.0,5400.84,6050.62
Д.2.3,8,Електротехнічні установки,ДСТУ Б Д.2.3-8:2012,2,Кабельні лінії,8-2-5,Оброблення кінців кабелів 25–50 мм2,шт,True,5.163,3.5,0.15,1,3,506.99,135.0,5388.36,6030.35
Д.2.3,8,Електротехнічні установки,ДСТУ Б Д.2.3-8:2012,2,Кабельні лінії,8-2-6,З'єднання кабелів муфтами,шт,True,5.042,3.5,0.15,1,3,495.49,135.0,5370.24,6000.73
Д.2.3,8,Електротехнічні установки,ДСТУ Б Д.2.3-8:2012,3,Заземлення і блискавкозахист,8-3-1,Монтаж заземлювачів вертикальних,шт,True,5.293,3.5,0.15,1,3,519.34,135.0,5407.92,6062.26
Д.2.3,8,Електротехнічні установки,ДСТУ Б Д.2.3-8:2012,3,Заземлення і блискавкозахист,8-3-2,Прокладання заземлювальних провідників,100 м,True,64.83,3.5,0.15,1,2,6175.35,135.0,66480.0,72790.35
Д.2.3,8,Електротехнічні установки,ДСТУ Б Д.2.3-8:2012,3,Заземлення і блискавкозахист,8-3-3,Монтаж блискавкоприймальної сітки на покрівлі,100 м,True,64.246,3.5,0.15,1,2,6119.87,135.0,66480.0,72734.87
Д.2.3,8,Електротехнічні установки,ДСТУ Б Д.2.3-8:2012,3,Заземлення і блискавкозахист,8-3-4,Монтаж струмовідводів і з'єднання з контуром,100 м,True,63.093,3.5,0.15,1,2,6010.34,135.0,66480.0,72625.34
Д.2.3,8,Електротехнічні установки,ДСТУ Б Д.2.3-8:2012,3,Заземлення і блискавкозахист,8-3-5,Вимірювання опору контуру заземлення,вимір,True,5.067,3.5,0.15,1,3,497.87,135.0,5373.96,6006.83
Д.2.3,8,Електротехнічні установки,ДСТУ Б Д.2.3-8:2012,4,Резервне живлення,8-4-1,Монтаж дизель-генераторної установки до 60 кВт,компл,True,4.872,3.5,0.15,1,3,479.34,135.0,5344.8,5959.14
Д.2.3,8,Електротехнічні установки,ДСТУ Б Д.2.3-8:2012,4,Резервне живлення,8-4-2,Монтаж ДБЖ (UPS) центрального,шт,True,5.338,3.5,0.15,1,3,523.61,135.0,5414.64,6073.25
Д.2.3,10,Устаткування зв'язку,ДСТУ Б Д.2.3-10:2012,1,Структуровані кабельні системи,10-1-1,Прокладання кабелів UTP cat.5e/6 у коробах і лотках,100 м,True,24.389,3.6,0.0,0,3,2316.95,0,13595.0,15911.95
Д.2.3,10,Устаткування зв'язку,ДСТУ Б Д.2.3-10:2012,1,Структуровані кабельні системи,10-1-2,Монтаж розеток RJ-45,шт,True,8.105,3.6,0.0,0,3,769.98,0,13595.0,14364.98
Д.2.3,10,Устаткування зв'язку,ДСТУ Б Д.2.3-10:2012,1,Структуровані кабельні системи,10-1-3,Монтаж патч-панелей і органайзерів,шт,True,9.491,3.6,0.0,0,3,901.64,0,13595.0,14496.64
Д.2.3,10,Устаткування зв'язку,ДСТУ Б Д.2.3-10:2012,1,Структуровані кабельні системи,10-1-4,"Монтаж телекомунікаційних шаф 19""",шт,True,8.873,3.6,0.0,0,3,842.93,0,13595.0,14437.93
Д.2.3,10,Устаткування зв'язку,ДСТУ Б Д.2.3-10:2012,1,Структуровані кабельні системи,10-1-5,Прокладання оптичного кабелю внутрішнього,100 м,True,23.973,3.6,0.0,0,3,2277.43,0,13595.0,15872.43
Д.2.3,10,Устаткування зв'язку,ДСТУ Б Д.2.3-10:2012,1,Структуровані кабельні системи,10-1-6,Зварювання оптичних волокон,з'єднання,True,8.719,3.6,0.0,0,3,828.3,0,13595.0,14423.3
Д.2.3,10,Устаткування зв'язку,ДСТУ Б Д.2.3-10:2012,2,Системи безпеки і оповіщення,10-2-1,Монтаж відеокамер внутрішніх,шт,True,9.695,3.6,0.0,0,3,921.02,0,13595.0,14516.02
Д.2.3,10,Устаткування зв'язку,ДСТУ Б Д.2.3-10:2012,2,Системи безпеки і оповіщення,10-2-2,Монтаж відеокамер зовнішніх у кожухах,шт,True,9.574,3.6,0.0,0,3,909.53,0,13595.0,14504.53
Д.2.3,10,Устаткування зв'язку,ДСТУ Б Д.2.3-10:2012,2,Системи безпеки і оповіщення,10-2-3,Монтаж відеореєстраторів і комутаторів,шт,True,8.075,3.6,0.0,0,3,767.12,0,13595.0,14362.12
Д.2.3,10,Устаткування зв'язку,ДСТУ Б Д.2.3-10:2012,2,Системи безпеки і оповіщення,10-2-4,Монтаж домофонної системи (панель + абонентські пристрої),компл,True,8.548,3.6,0.0,0,3,812.06,0,13595.0,14407.06
Д.2.3,10,Устаткування зв'язку,ДСТУ Б Д.2.3-10:2012,2,Системи безпеки і оповіщення,10-2-5,Монтаж гучномовців системи оповіщення,шт,True,9.746,3.6,0.0,0,3,925.87,0,13595.0,14520.87
Д.2.3,10,Устаткування зв'язку,ДСТУ Б Д.2.3-10:2012,2,Системи безпеки і оповіщення,10-2-6,Монтаж підсилювачів і блоків оповіщення,шт,True,4.999,3.5,0.15,1,3,491.4,135.0,5363.88,5990.28
Д.2.3,11,"Прилади, засоби автоматизації та обчислювальної техніки",ДСТУ Б Д.2.3-11:2012,1,КВП і автоматика інженерних систем,11-1-1,Монтаж датчиків температури занурювальних і накладних,шт,True,1.876,3.8,0.0,0,3,178.22,0,533.5,711.72
Д.2.3,11,"Прилади, засоби автоматизації та обчислювальної техніки",ДСТУ Б Д.2.3-11:2012,1,КВП і автоматика інженерних систем,11-1-2,Монтаж датчиків тиску і реле тиску,шт,True,1.779,3.8,0.0,0,3,169.0,0,533.5,702.5
Д.2.3,11,"Прилади, засоби автоматизації та обчислювальної техніки",ДСТУ Б Д.2.3-11:2012,1,КВП і автоматика інженерних систем,11-1-3,Монтаж кімнатних термостатів і регуляторів,шт,True,1.718,3.8,0.0,0,3,163.21,0,533.5,696.71
Д.2.3,11,"Прилади, засоби автоматизації та обчислювальної техніки",ДСТУ Б Д.2.3-11:2012,1,КВП і автоматика інженерних систем,11-1-4,Монтаж триходових клапанів із сервоприводами,шт,True,1.878,3.8,0.0,0,3,178.41,0,533.5,711.91
Д.2.3,11,"Прилади, засоби автоматизації та обчислювальної техніки",ДСТУ Б Д.2.3-11:2012,1,КВП і автоматика інженерних систем,11-1-5,Монтаж шаф автоматики котельні/вентустановок,шт,True,1.712,3.8,0.0,0,3,162.64,0,533.5,696.14
Д.2.3,11,"Прилади, засоби автоматизації та обчислювальної техніки",ДСТУ Б Д.2.3-11:2012,1,КВП і автоматика інженерних систем,11-1-6,Прокладання кабелів КВП екранованих,100 м,True,130.033,3.8,0.0,0,3,12353.13,0,53350,65703.13
Д.2.3,11,"Прилади, засоби автоматизації та обчислювальної техніки",ДСТУ Б Д.2.3-11:2012,1,КВП і автоматика інженерних систем,11-1-7,Налагодження контурів регулювання,контур,True,1.879,3.8,0.0,0,3,178.5,0,533.5,712.0
Д.2.3,11,"Прилади, засоби автоматизації та обчислювальної техніки",ДСТУ Б Д.2.3-11:2012,2,Пожежна сигналізація і оповіщення,11-2-1,Монтаж димових сповіщувачів,шт,True,1.654,3.8,0.0,0,3,157.13,0,533.5,690.63
Д.2.3,11,"Прилади, засоби автоматизації та обчислювальної техніки",ДСТУ Б Д.2.3-11:2012,2,Пожежна сигналізація і оповіщення,11-2-2,Монтаж теплових сповіщувачів,шт,True,1.652,3.8,0.0,0,3,156.94,0,533.5,690.44
Д.2.3,11,"Прилади, засоби автоматизації та обчислювальної техніки",ДСТУ Б Д.2.3-11:2012,2,Пожежна сигналізація і оповіщення,11-2-3,Монтаж ручних сповіщувачів,шт,True,1.694,3.8,0.0,0,3,160.93,0,533.5,694.43
Д.2.3,11,"Прилади, засоби автоматизації та обчислювальної техніки",ДСТУ Б Д.2.3-11:2012,2,Пожежна сигналізація і оповіщення,11-2-4,Монтаж приймально-контрольних приладів СПЗ,шт,True,1.797,3.8,0.0,0,3,170.72,0,533.5,704.22
Д.2.3,11,"Прилади, засоби автоматизації та обчислювальної техніки",ДСТУ Б Д.2.3-11:2012,2,Пожежна сигналізація і оповіщення,11-2-5,Прокладання шлейфів сигналізації вогнестійким кабелем,100 м,True,132.61,3.8,0.0,0,3,12597.95,0,53350,65947.95
Д.2.3,11,"Прилади, засоби автоматизації та обчислювальної техніки",ДСТУ Б Д.2.3-11:2012,2,Пожежна сигналізація і оповіщення,11-2-6,Монтаж оповіщувачів світлових і звукових,шт,True,1.832,3.8,0.0,0,3,174.04,0,533.5,707.54
Д.2.3,11,"Прилади, засоби автоматизації та обчислювальної техніки",ДСТУ Б Д.2.3-11:2012,2,Пожежна сигналізація і оповіщення,11-2-7,Комплексне випробування системи СПЗ,компл,True,1.708,3.8,0.0,0,3,162.26,0,533.5,695.76
Д.2.3,38,Устаткування загального призначення,ДСТУ Б Д.2.3-38:2012,1,Обладнання харчоблоку,38-1-1,Монтаж плит електричних промислових,шт,True,11.524,4.3,1.5,2,2,1259.78,1097.36,2000.0,4357.14
Д.2.3,38,Устаткування загального призначення,ДСТУ Б Д.2.3-38:2012,1,Обладнання харчоблоку,38-1-2,Монтаж пароконвектоматів,шт,True,11.129,4.3,1.5,2,2,1222.25,1097.36,2000.0,4319.61
Д.2.3,38,Устаткування загального призначення,ДСТУ Б Д.2.3-38:2012,1,Обладнання харчоблоку,38-1-3,Монтаж холодильних шаф і камер збірних,шт,True,13.549,4.3,1.5,2,2,1452.15,1097.36,2000.0,4549.51
Д.2.3,38,Устаткування загального призначення,ДСТУ Б Д.2.3-38:2012,1,Обладнання харчоблоку,38-1-4,Монтаж мийних ванн і столів нержавіючих,шт,True,3.931,4.0,0.0,0,3,373.44,0,4230.0,4603.44
Д.2.3,38,Устаткування загального призначення,ДСТУ Б Д.2.3-38:2012,1,Обладнання харчоблоку,38-1-5,Монтаж витяжних зонтів над обладнанням,шт,True,14.962,4.3,1.5,2,2,1586.39,1097.36,2000.0,4683.75
Д.2.3,38,Устаткування загального призначення,ДСТУ Б Д.2.3-38:2012,2,Обладнання пральні,38-2-1,Монтаж пральних машин промислових до 20 кг,шт,True,13.667,4.3,1.5,2,2,1463.37,1097.36,2000.0,4560.73
Д.2.3,38,Устаткування загального призначення,ДСТУ Б Д.2.3-38:2012,2,Обладнання пральні,38-2-2,Монтаж сушильних машин,шт,True,11.395,4.3,1.5,2,2,1247.52,1097.36,2000.0,4344.88
Д.2.3,38,Устаткування загального призначення,ДСТУ Б Д.2.3-38:2012,2,Обладнання пральні,38-2-3,Монтаж прасувальних катків,шт,True,14.649,4.3,1.5,2,2,1556.65,1097.36,2000.0,4654.01
Д.2.3,38,Устаткування загального призначення,ДСТУ Б Д.2.3-38:2012,3,Ліфти і підйомники,38-3-1,Монтаж ліфта пасажирського до 630 кг (до 3 зупинок),компл,True,10.384,4.3,1.5,2,2,1151.48,1097.36,2000.0,4248.84
Д.2.3,38,Устаткування загального призначення,ДСТУ Б Д.2.3-38:2012,3,Ліфти і підйомники,38-3-2,Монтаж платформи підйомної для МГН,компл,True,14.814,4.3,1.5,2,2,1572.33,1097.36,2000.0,4669.69
Д.2.3,38,Устаткування загального призначення,ДСТУ Б Д.2.3-38:2012,4,Ємності і теплообмінники,38-4-1,Монтаж баків запасу води до 5 м3,шт,True,13.514,4.3,1.5,2,2,1448.83,1097.36,2000.0,4546.19
Д.2.3,38,Устаткування загального призначення,ДСТУ Б Д.2.3-38:2012,4,Ємності і теплообмінники,38-4-2,Монтаж теплообмінників пластинчастих,шт,True,13.92,4.3,1.5,2,2,1487.4,1097.36,2000.0,4584.76
Д.2.3,39,Монтаж електроустаткування та підключення зовнішніх мереж,ДСТУ Б Д.2.3-39:2012,1,Підключення обладнання,39-1-1,Підключення електродвигунів до 10 кВт,шт,True,1.584,3.7,0.0,0,3,150.48,0,101.65,252.13
Д.2.3,39,Монтаж електроустаткування та підключення зовнішніх мереж,ДСТУ Б Д.2.3-39:2012,1,Підключення обладнання,39-1-2,Підключення електродвигунів 10–50 кВт,шт,True,1.59,3.7,0.0,0,3,151.05,0,101.65,252.7
Д.2.3,39,Монтаж електроустаткування та підключення зовнішніх мереж,ДСТУ Б Д.2.3-39:2012,1,Підключення обладнання,39-1-3,Підключення нагрівального обладнання,шт,True,1.836,3.7,0.0,0,3,174.42,0,101.65,276.07
Д.2.3,39,Монтаж електроустаткування та підключення зовнішніх мереж,ДСТУ Б Д.2.3-39:2012,1,Підключення обладнання,39-1-4,Підключення технологічного обладнання харчоблоку/пральні,шт,True,5.311,3.5,0.15,1,3,521.05,135.0,5410.68,6066.73
Д.2.3,39,Монтаж електроустаткування та підключення зовнішніх мереж,ДСТУ Б Д.2.3-39:2012,1,Підключення обладнання,39-1-5,Підключення кабелів зовнішньої мережі до ВРП,підключення,True,1.535,3.7,0.0,0,3,145.82,0,101.65,247.47
Д.2.3,39,Монтаж електроустаткування та підключення зовнішніх мереж,ДСТУ Б Д.2.3-39:2012,2,Випробування і здача,39-2-1,Вимірювання опору ізоляції силових кіл,лінія,True,1.818,3.7,0.0,0,3,172.71,0,101.65,274.36
Д.2.3,39,Монтаж електроустаткування та підключення зовнішніх мереж,ДСТУ Б Д.2.3-39:2012,2,Випробування і здача,39-2-2,Перевірка кола фаза-нуль,лінія,True,1.647,3.7,0.0,0,3,156.47,0,101.65,258.12
Д.2.3,39,Монтаж електроустаткування та підключення зовнішніх мереж,ДСТУ Б Д.2.3-39:2012,2,Випробування і здача,39-2-3,Комплексне випробування електроустановки,компл,True,1.777,3.7,0.0,0,3,168.81,0,101.65,270.46
Д.2.4,1,Земляні роботи (ремонт),ДСТУ Б Д.2.4-1:2012,1,Розробка ґрунту вручну при ремонті,1-1-1,Розробка ґрунту 1 групи вручну в шурфах і підкопах,100 м3,True,99.275,2.5,0.0,0,1,9431.12,0,0,9431.12
Д.2.4,1,Земляні роботи (ремонт),ДСТУ Б Д.2.4-1:2012,1,Розробка ґрунту вручну при ремонті,1-1-2,Розробка ґрунту 2 групи вручну в шурфах,100 м3,True,115.881,2.5,0.0,0,1,11008.69,0,0,11008.69
Д.2.4,1,Земляні роботи (ремонт),ДСТУ Б Д.2.4-1:2012,1,Розробка ґрунту вручну при ремонті,1-1-3,Розробка ґрунту вручну біля фундаментів з обережністю,100 м3,True,108.645,2.5,0.0,0,1,10321.27,0,0,10321.27
Д.2.4,1,Земляні роботи (ремонт),ДСТУ Б Д.2.4-1:2012,1,Розробка ґрунту вручну при ремонті,1-1-4,Зворотне засипання шурфів з пошаровим ущільненням,100 м3,True,111.22,2.8,0.5,1,2,10620.9,300.0,259.25,11180.15
Д.2.4,1,Земляні роботи (ремонт),ДСТУ Б Д.2.4-1:2012,2,Планування і підсипання,1-2-1,Планування території вручну при ремонті,100 м2,True,49.449,2.5,0.0,0,1,4697.65,0,0,4697.65
Д.2.4,1,Земляні роботи (ремонт),ДСТУ Б Д.2.4-1:2012,2,Планування і підсипання,1-2-2,Підсипання ґрунту з розрівнюванням,м3,True,6.121,3.5,0.0,0,2,581.5,0,2300.0,2881.5
Д.2.4,1,Земляні роботи (ремонт),ДСТУ Б Д.2.4-1:2012,2,Планування і підсипання,1-2-3,Відновлення вимощення після ремонту фундаментів,100 м2,True,54.221,3.5,0.0,0,2,5150.99,0,2300.0,7450.99
Д.2.4,2,Фундаменти (ремонт),ДСТУ Б Д.2.4-2:2012,1,Розбирання фундаментів,2-1-1,Розбирання бутових фундаментів,м3,True,5.823,3.3,0.15,1,2,569.69,135.0,1781.0,2485.69
Д.2.4,2,Фундаменти (ремонт),ДСТУ Б Д.2.4-2:2012,1,Розбирання фундаментів,2-1-2,Розбирання бетонних фундаментів відбійними молотками,м3,True,5.265,2.8,0.3,1,1,533.17,27.0,511.74,1071.91
Д.2.4,2,Фундаменти (ремонт),ДСТУ Б Д.2.4-2:2012,1,Розбирання фундаментів,2-1-3,Розбирання цегляних фундаментів,м3,True,5.378,3.5,0.15,1,3,527.41,135.0,5420.64,6083.05
Д.2.4,2,Фундаменти (ремонт),ДСТУ Б Д.2.4-2:2012,2,Ремонт і підсилення,2-2-1,Підведення фундаментів мурованих ділянками до 2 м,м3,True,6.189,3.5,0.0,0,2,587.96,0,2300.0,2887.96
Д.2.4,2,Фундаменти (ремонт),ДСТУ Б Д.2.4-2:2012,2,Ремонт і підсилення,2-2-2,Підведення фундаментів бетонних захватками,м3,True,6.82,3.5,0.0,0,2,647.9,0,2300.0,2947.9
Д.2.4,2,Фундаменти (ремонт),ДСТУ Б Д.2.4-2:2012,2,Ремонт і підсилення,2-2-3,Улаштування залізобетонних обойм фундаментів,м3,True,5.008,3.5,0.0,0,2,475.76,0,2300.0,2775.76
Д.2.4,2,Фундаменти (ремонт),ДСТУ Б Д.2.4-2:2012,2,Ремонт і підсилення,2-2-4,Часткове перемурування бутових фундаментів,м3,True,5.656,3.3,0.15,1,2,553.82,135.0,1781.0,2469.82
Д.2.4,2,Фундаменти (ремонт),ДСТУ Б Д.2.4-2:2012,2,Ремонт і підсилення,2-2-5,Відновлення горизонтальної гідроізоляції підрізанням,100 м,True,117.525,3.5,0.0,0,2,11164.88,0,20500,31664.88
Д.2.4,2,Фундаменти (ремонт),ДСТУ Б Д.2.4-2:2012,2,Ремонт і підсилення,2-2-6,Відновлення вертикальної гідроізоляції фундаментів,100 м2,True,115.972,3.5,0.0,0,2,11017.34,0,20500,31517.34
Д.2.4,3,Стіни (ремонт),ДСТУ Б Д.2.4-3:2012,1,Розбирання стін,3-1-1,Розбирання цегляних стін на розчині вапняному,м3,True,5.486,3.5,0.15,1,3,537.67,135.0,5436.96,6109.63
Д.2.4,3,Стіни (ремонт),ДСТУ Б Д.2.4-3:2012,1,Розбирання стін,3-1-2,Розбирання цегляних стін на розчині цементному,м3,True,5.511,3.5,0.15,1,3,540.04,135.0,5440.56,6115.6
Д.2.4,3,Стіни (ремонт),ДСТУ Б Д.2.4-3:2012,1,Розбирання стін,3-1-3,Розбирання стін із дрібних блоків,м3,True,4.922,3.5,0.15,1,3,484.09,135.0,5352.36,5971.45
Д.2.4,3,Стіни (ремонт),ДСТУ Б Д.2.4-3:2012,2,Ремонт стін,3-2-1,Перемурування ділянок цегляних стін,м3,True,5.426,3.5,0.15,1,3,531.97,135.0,5427.96,6094.93
Д.2.4,3,Стіни (ремонт),ДСТУ Б Д.2.4-3:2012,2,Ремонт стін,3-2-2,Перемурування цегляних стовпів і простінків,м3,True,5.485,3.5,0.15,1,3,537.58,135.0,5436.72,6109.3
Д.2.4,3,Стіни (ремонт),ДСТУ Б Д.2.4-3:2012,2,Ремонт стін,3-2-3,Зароблення тріщин у цегляних стінах цегляними замками,м,True,5.58,3.5,0.15,1,3,546.6,135.0,5451.12,6132.72
Д.2.4,3,Стіни (ремонт),ДСТУ Б Д.2.4-3:2012,2,Ремонт стін,3-2-4,Ін'єктування тріщин розчином,м,True,6.437,3.5,0.0,0,2,611.51,0,2300.0,2911.51
Д.2.4,3,Стіни (ремонт),ДСТУ Б Д.2.4-3:2012,2,Ремонт стін,3-2-5,Розшивання і зачеканення швів мурування,100 м2,True,61.265,3.5,0.15,1,2,5836.68,135.0,66480.0,72451.68
Д.2.4,3,Стіни (ремонт),ДСТУ Б Д.2.4-3:2012,2,Ремонт стін,3-2-6,Установлення металевих тяжів і анкерів,т,True,13.379,3.5,0.0,0,2,1271.0,0,2300.0,3571.0
Д.2.4,3,Стіни (ремонт),ДСТУ Б Д.2.4-3:2012,2,Ремонт стін,3-2-7,Перемурування перемичок,м3,True,5.224,3.5,0.15,1,3,512.78,135.0,5397.6,6045.38
Д.2.4,4,Перекриття (ремонт),ДСТУ Б Д.2.4-4:2012,1,Розбирання перекриттів,4-1-1,Розбирання дерев'яних перекриттів з накатом,100 м2,True,40.451,3.6,0.0,0,3,3842.85,0,13595.0,17437.85
Д.2.4,4,Перекриття (ремонт),ДСТУ Б Д.2.4-4:2012,1,Розбирання перекриттів,4-1-2,Розбирання підшивки і настилів,100 м2,True,41.327,3.6,0.0,0,3,3926.06,0,13595.0,17521.06
Д.2.4,4,Перекриття (ремонт),ДСТУ Б Д.2.4-4:2012,1,Розбирання перекриттів,4-1-3,Розбирання монолітних ділянок перекриттів,м3,True,4.456,2.8,0.3,1,1,456.32,27.0,414.68,898.0
Д.2.4,4,Перекриття (ремонт),ДСТУ Б Д.2.4-4:2012,2,Ремонт перекриттів,4-2-1,Заміна окремих дерев'яних балок перекриття,шт,True,8.14,3.6,0.0,0,3,773.3,0,13595.0,14368.3
Д.2.4,4,Перекриття (ремонт),ДСТУ Б Д.2.4-4:2012,2,Ремонт перекриттів,4-2-2,Підсилення дерев'яних балок накладками,шт,True,8.418,3.6,0.0,0,3,799.71,0,13595.0,14394.71
Д.2.4,4,Перекриття (ремонт),ДСТУ Б Д.2.4-4:2012,2,Ремонт перекриттів,4-2-3,Заміна наката і чорних підлог,100 м2,True,153.454,3.8,0.0,0,3,14578.13,0,53350,67928.13
Д.2.4,4,Перекриття (ремонт),ДСТУ Б Д.2.4-4:2012,2,Ремонт перекриттів,4-2-4,Улаштування монолітних ділянок у збірних перекриттях,м3,True,6.03,3.5,0.0,0,2,572.85,0,2300.0,2872.85
Д.2.4,4,Перекриття (ремонт),ДСТУ Б Д.2.4-4:2012,2,Ремонт перекриттів,4-2-5,Ремонт залізобетонних плит з відновленням захисного шару,100 м2,True,69.946,3.5,0.0,0,2,6644.87,0,2300.0,8944.87
Д.2.4,4,Перекриття (ремонт),ДСТУ Б Д.2.4-4:2012,2,Ремонт перекриттів,4-2-6,Антисептування і вогнезахист дерев'яних елементів,100 м2,True,35.342,3.6,0.0,0,3,3357.49,0,13595.0,16952.49
Д.2.4,5,Перегородки (ремонт),ДСТУ Б Д.2.4-5:2012,1,Розбирання перегородок,5-1-1,Розбирання цегляних перегородок,100 м2,True,55.766,3.5,0.15,1,2,5314.27,135.0,66480.0,71929.27
Д.2.4,5,Перегородки (ремонт),ДСТУ Б Д.2.4-5:2012,1,Розбирання перегородок,5-1-2,Розбирання гіпсових і легкобетонних перегородок,100 м2,True,66.597,3.5,0.6,2,2,6392.71,426.66,3272.0,10091.37
Д.2.4,5,Перегородки (ремонт),ДСТУ Б Д.2.4-5:2012,1,Розбирання перегородок,5-1-3,Розбирання каркасних перегородок з обшивкою,100 м2,True,64.223,3.5,0.15,1,2,6117.68,135.0,66480.0,72732.68
Д.2.4,5,Перегородки (ремонт),ДСТУ Б Д.2.4-5:2012,2,Улаштування перегородок при ремонті,5-2-1,Мурування цегляних перегородок в існуючих приміщеннях,100 м2,True,64.514,3.5,0.15,1,2,6145.33,135.0,66480.0,72760.33
Д.2.4,5,Перегородки (ремонт),ДСТУ Б Д.2.4-5:2012,2,Улаштування перегородок при ремонті,5-2-2,Улаштування гіпсокартонних перегородок на металевому каркасі,100 м2,True,193.564,3.4,0.15,1,2,18405.08,135.0,31100,49640.08
Д.2.4,5,Перегородки (ремонт),ДСТУ Б Д.2.4-5:2012,2,Улаштування перегородок при ремонті,5-2-3,Улаштування перегородок із газобетонних блоків,100 м2,True,48.513,3.5,0.6,2,2,4674.73,426.66,3272.0,8373.39
Д.2.4,5,Перегородки (ремонт),ДСТУ Б Д.2.4-5:2012,2,Улаштування перегородок при ремонті,5-2-4,Улаштування перегородок із пазогребеневих плит,100 м2,True,61.209,3.5,0.15,1,2,5831.36,135.0,66480.0,72446.36
Д.2.4,6,Прорізи (ремонт),ДСТУ Б Д.2.4-6:2012,1,Демонтаж заповнень,6-1-1,Демонтаж віконних блоків дерев'яних,100 м2,True,64.952,3.5,0.15,1,2,6186.94,135.0,66480.0,72801.94
Д.2.4,6,Прорізи (ремонт),ДСТУ Б Д.2.4-6:2012,1,Демонтаж заповнень,6-1-2,Демонтаж віконних блоків металопластикових,100 м2,True,57.769,3.5,0.15,1,2,5504.56,135.0,66480.0,72119.56
Д.2.4,6,Прорізи (ремонт),ДСТУ Б Д.2.4-6:2012,1,Демонтаж заповнень,6-1-3,Демонтаж дверних блоків,100 м2,True,61.725,3.5,0.15,1,2,5880.38,135.0,66480.0,72495.38
Д.2.4,6,Прорізи (ремонт),ДСТУ Б Д.2.4-6:2012,1,Демонтаж заповнень,6-1-4,Зняття підвіконних дощок і відливів,100 м,True,225.433,3.8,0.0,0,3,21416.13,0,264100,285516.13
Д.2.4,6,Прорізи (ремонт),ДСТУ Б Д.2.4-6:2012,2,Установлення заповнень при ремонті,6-2-1,Установлення віконних блоків ПВХ у існуючі прорізи,100 м2,True,61.036,3.5,0.15,1,2,5814.92,135.0,66480.0,72429.92
Д.2.4,6,Прорізи (ремонт),ДСТУ Б Д.2.4-6:2012,2,Установлення заповнень при ремонті,6-2-2,Установлення дверних блоків внутрішніх,100 м2,True,62.136,3.5,0.15,1,2,5919.42,135.0,66480.0,72534.42
Д.2.4,6,Прорізи (ремонт),ДСТУ Б Д.2.4-6:2012,2,Установлення заповнень при ремонті,6-2-3,Установлення дверних блоків протипожежних,шт,True,5.264,3.5,0.15,1,3,516.58,135.0,5403.6,6055.18
Д.2.4,6,Прорізи (ремонт),ДСТУ Б Д.2.4-6:2012,2,Установлення заповнень при ремонті,6-2-4,Улаштування укосів штукатурних після заміни вікон,100 м,True,179.86,3.6,0.0,0,3,17086.7,0,12050,29136.7
Д.2.4,6,Прорізи (ремонт),ДСТУ Б Д.2.4-6:2012,2,Установлення заповнень при ремонті,6-2-5,Улаштування укосів із сендвіч-панелей,100 м,True,52.183,3.5,0.0,0,2,4957.39,0,2300.0,7257.39
Д.2.4,6,Прорізи (ремонт),ДСТУ Б Д.2.4-6:2012,2,Установлення заповнень при ремонті,6-2-6,Установлення підвіконь і відливів нових,100 м,True,28.374,3.5,0.0,0,2,2695.53,0,2300.0,4995.53
Д.2.4,7,Підлоги (ремонт),ДСТУ Б Д.2.4-7:2012,1,Розбирання підлог,7-1-1,Розбирання покриттів із лінолеуму,100 м2,True,59.193,3.4,0.0,0,3,5623.34,0,52850,58473.34
Д.2.4,7,Підлоги (ремонт),ДСТУ Б Д.2.4-7:2012,1,Розбирання підлог,7-1-2,Розбирання покриттів із керамічної плитки,100 м2,True,146.931,3.8,0.0,0,3,13958.45,0,53350,67308.45
Д.2.4,7,Підлоги (ремонт),ДСТУ Б Д.2.4-7:2012,1,Розбирання підлог,7-1-3,Розбирання дощатих підлог,100 м2,True,84.056,3.7,0.0,0,3,7985.32,0,77725,85710.32
Д.2.4,7,Підлоги (ремонт),ДСТУ Б Д.2.4-7:2012,1,Розбирання підлог,7-1-4,Розбирання паркетних покриттів,100 м2,True,82.867,3.7,0.0,0,3,7872.37,0,77725,85597.37
Д.2.4,7,Підлоги (ремонт),ДСТУ Б Д.2.4-7:2012,1,Розбирання підлог,7-1-5,Розбирання цементних стяжок,100 м2,True,49.413,2.8,0.3,1,1,4727.23,27.0,472.95,5227.18
Д.2.4,7,Підлоги (ремонт),ДСТУ Б Д.2.4-7:2012,2,Ремонт підлог,7-2-1,Ремонт цементних стяжок картами до 1 м2,м2,True,6.513,3.5,0.0,0,2,618.74,0,2300.0,2918.74
Д.2.4,7,Підлоги (ремонт),ДСТУ Б Д.2.4-7:2012,2,Ремонт підлог,7-2-2,Вирівнювання стяжок самовирівнювальною сумішшю,100 м2,True,67.868,3.5,0.0,0,2,6447.46,0,2300.0,8747.46
Д.2.4,7,Підлоги (ремонт),ДСТУ Б Д.2.4-7:2012,2,Ремонт підлог,7-2-3,Заміна окремих дощок у підлогах,м2,True,1.896,3.8,0.0,0,3,180.12,0,533.5,713.62
Д.2.4,7,Підлоги (ремонт),ДСТУ Б Д.2.4-7:2012,2,Ремонт підлог,7-2-4,Переброблення дощатих підлог із додаванням матеріалу,100 м2,True,87.46,3.7,0.0,0,3,8308.7,0,77725,86033.7
Д.2.4,7,Підлоги (ремонт),ДСТУ Б Д.2.4-7:2012,2,Ремонт підлог,7-2-5,Заміна окремих плиток у покриттях,м2,True,6.637,3.5,0.0,0,2,630.51,0,2300.0,2930.51
Д.2.4,7,Підлоги (ремонт),ДСТУ Б Д.2.4-7:2012,2,Ремонт підлог,7-2-6,Циклювання і лакування паркету,100 м2,True,89.993,3.7,0.0,0,3,8549.33,0,77725,86274.33
Д.2.4,8,"Дахи, покрівлі (ремонт)",ДСТУ Б Д.2.4-8:2012,1,Розбирання покрівель і крокв,8-1-1,Розбирання рулонних покрівель,100 м2,True,55.066,3.5,0.15,1,2,5247.77,135.0,66480.0,71862.77
Д.2.4,8,"Дахи, покрівлі (ремонт)",ДСТУ Б Д.2.4-8:2012,1,Розбирання покрівель і крокв,8-1-2,Розбирання металевих покрівель,100 м2,True,59.887,3.5,0.15,1,2,5705.77,135.0,66480.0,72320.77
Д.2.4,8,"Дахи, покрівлі (ремонт)",ДСТУ Б Д.2.4-8:2012,1,Розбирання покрівель і крокв,8-1-3,Розбирання шиферних покрівель,100 м2,True,61.101,3.5,0.15,1,2,5821.1,135.0,66480.0,72436.1
Д.2.4,8,"Дахи, покрівлі (ремонт)",ДСТУ Б Д.2.4-8:2012,1,Розбирання покрівель і крокв,8-1-4,Розбирання обрешітки,100 м2,True,64.516,3.5,0.15,1,2,6145.52,135.0,66480.0,72760.52
Д.2.4,8,"Дахи, покрівлі (ремонт)",ДСТУ Б Д.2.4-8:2012,1,Розбирання покрівель і крокв,8-1-5,Розбирання кроквяних систем,100 м2,True,61.101,3.5,0.15,1,2,5821.1,135.0,66480.0,72436.1
Д.2.4,8,"Дахи, покрівлі (ремонт)",ДСТУ Б Д.2.4-8:2012,2,Ремонт покрівель,8-2-1,Ремонт рулонних покрівель латками,м2,True,5.104,3.5,0.15,1,3,501.38,135.0,5379.6,6015.98
Д.2.4,8,"Дахи, покрівлі (ремонт)",ДСТУ Б Д.2.4-8:2012,2,Ремонт покрівель,8-2-2,Перекриття рулонної покрівлі в 1 шар по існуючій,100 м2,True,64.219,3.5,0.15,1,2,6117.3,135.0,66480.0,72732.3
Д.2.4,8,"Дахи, покрівлі (ремонт)",ДСТУ Б Д.2.4-8:2012,2,Ремонт покрівель,8-2-3,Заміна окремих листів металочерепиці/профнастилу,м2,True,5.326,3.5,0.15,1,3,522.47,135.0,5412.84,6070.31
Д.2.4,8,"Дахи, покрівлі (ремонт)",ДСТУ Б Д.2.4-8:2012,2,Ремонт покрівель,8-2-4,Ремонт примикань покрівлі до стін і труб,100 м,True,62.461,3.5,0.15,1,2,5950.3,135.0,66480.0,72565.3
Д.2.4,8,"Дахи, покрівлі (ремонт)",ДСТУ Б Д.2.4-8:2012,2,Ремонт покрівель,8-2-5,Заміна окремих елементів кроквяної системи,шт,True,5.477,3.5,0.15,1,3,536.82,135.0,5435.52,6107.34
Д.2.4,8,"Дахи, покрівлі (ремонт)",ДСТУ Б Д.2.4-8:2012,2,Ремонт покрівель,8-2-6,Ремонт і фарбування водостічних труб і ринв,100 м,True,58.606,3.5,0.15,1,2,5584.07,135.0,66480.0,72199.07
Д.2.4,8,"Дахи, покрівлі (ремонт)",ДСТУ Б Д.2.4-8:2012,2,Ремонт покрівель,8-2-7,Заміна зливів і парапетних покриттів,100 м,True,55.49,3.5,0.15,1,2,5288.05,135.0,66480.0,71903.05
Д.2.4,9,"Сходи, ґанки (ремонт)",ДСТУ Б Д.2.4-9:2012,1,Ремонт сходів і ґанків,9-1-1,Ремонт бетонних ступенів із відновленням граней,м,True,6.713,3.5,0.0,0,2,637.74,0,2300.0,2937.74
Д.2.4,9,"Сходи, ґанки (ремонт)",ДСТУ Б Д.2.4-9:2012,1,Ремонт сходів і ґанків,9-1-2,Заміна окремих ступенів збірних,шт,True,6.056,3.5,0.0,0,2,575.32,0,2300.0,2875.32
Д.2.4,9,"Сходи, ґанки (ремонт)",ДСТУ Б Д.2.4-9:2012,1,Ремонт сходів і ґанків,9-1-3,Ремонт дерев'яних сходів із заміною елементів,м2,True,9.61,3.6,0.0,0,3,912.95,0,13595.0,14507.95
Д.2.4,9,"Сходи, ґанки (ремонт)",ДСТУ Б Д.2.4-9:2012,1,Ремонт сходів і ґанків,9-1-4,Заміна огороджень сходів металевих,100 м,True,26.23,4.2,1.0,2,3,2601.85,652.76,47450.0,50704.61
Д.2.4,9,"Сходи, ґанки (ремонт)",ДСТУ Б Д.2.4-9:2012,1,Ремонт сходів і ґанків,9-1-5,Ремонт ґанків бетонних,м2,True,6.73,3.5,0.0,0,2,639.35,0,2300.0,2939.35
Д.2.4,9,"Сходи, ґанки (ремонт)",ДСТУ Б Д.2.4-9:2012,1,Ремонт сходів і ґанків,9-1-6,Улаштування пандусів при ремонті входів,м2,True,6.037,3.5,0.0,0,2,573.51,0,2300.0,2873.51
Д.2.4,9,"Сходи, ґанки (ремонт)",ДСТУ Б Д.2.4-9:2012,1,Ремонт сходів і ґанків,9-1-7,Установлення поручнів пандусів двох рівнів,100 м,True,59.324,3.5,0.0,0,2,5635.78,0,2300.0,7935.78
Д.2.4,11,Штукатурні роботи (ремонт),ДСТУ Б Д.2.4-11:2012,1,Відбивання штукатурки,11-1-1,Відбивання штукатурки зі стін цегляних,100 м2,True,57.539,3.5,0.15,1,2,5482.7,135.0,66480.0,72097.7
Д.2.4,11,Штукатурні роботи (ремонт),ДСТУ Б Д.2.4-11:2012,1,Відбивання штукатурки,11-1-2,Відбивання штукатурки зі стель,100 м2,True,152.394,3.8,0.0,0,3,14477.43,0,53350,67827.43
Д.2.4,11,Штукатурні роботи (ремонт),ДСТУ Б Д.2.4-11:2012,1,Відбивання штукатурки,11-1-3,Відбивання штукатурки з фасадів,100 м2,True,154.224,3.8,0.0,0,3,14651.28,0,53350,68001.28
Д.2.4,11,Штукатурні роботи (ремонт),ДСТУ Б Д.2.4-11:2012,2,Ремонт штукатурки,11-2-1,Ремонт штукатурки стін картами до 1 м2,м2,True,1.812,3.8,0.0,0,3,172.14,0,533.5,705.64
Д.2.4,11,Штукатурні роботи (ремонт),ДСТУ Б Д.2.4-11:2012,2,Ремонт штукатурки,11-2-2,Ремонт штукатурки стін картами до 5 м2,м2,True,1.702,3.8,0.0,0,3,161.69,0,533.5,695.19
Д.2.4,11,Штукатурні роботи (ремонт),ДСТУ Б Д.2.4-11:2012,2,Ремонт штукатурки,11-2-3,Ремонт штукатурки стель картами,м2,True,1.614,3.8,0.0,0,3,153.33,0,533.5,686.83
Д.2.4,11,Штукатурні роботи (ремонт),ДСТУ Б Д.2.4-11:2012,2,Ремонт штукатурки,11-2-4,Суцільне вирівнювання штукатурки стін до 10 мм,100 м2,True,130.656,3.8,0.0,0,3,12412.32,0,53350,65762.32
Д.2.4,11,Штукатурні роботи (ремонт),ДСТУ Б Д.2.4-11:2012,2,Ремонт штукатурки,11-2-5,Ремонт штукатурки укосів,100 м,True,140.321,3.8,0.0,0,3,13330.49,0,53350,66680.49
Д.2.4,11,Штукатурні роботи (ремонт),ДСТУ Б Д.2.4-11:2012,2,Ремонт штукатурки,11-2-6,Ремонт штукатурки фасадів з риштувань,м2,True,1.762,3.8,0.0,0,3,167.39,0,533.5,700.89
Д.2.4,11,Штукатурні роботи (ремонт),ДСТУ Б Д.2.4-11:2012,2,Ремонт штукатурки,11-2-7,Перетирання штукатурки,100 м2,True,135.683,3.8,0.0,0,3,12889.88,0,53350,66239.88
Д.2.4,12,Малярні роботи (ремонт),ДСТУ Б Д.2.4-12:2012,1,Підготовка поверхонь,12-1-1,Очищення поверхонь від старих водоемульсійних фарб,100 м2,True,87.863,3.6,0.2,1,2,8368.99,10.0,22800,31178.99
Д.2.4,12,Малярні роботи (ремонт),ДСТУ Б Д.2.4-12:2012,1,Підготовка поверхонь,12-1-2,Очищення поверхонь від олійних фарб,100 м2,True,89.531,3.6,0.2,1,2,8527.44,10.0,22800,31337.44
Д.2.4,12,Малярні роботи (ремонт),ДСТУ Б Д.2.4-12:2012,1,Підготовка поверхонь,12-1-3,Розшивання і шпаклювання тріщин,100 м,True,87.701,3.6,0.2,1,2,8353.59,10.0,22800,31163.59
Д.2.4,12,Малярні роботи (ремонт),ДСТУ Б Д.2.4-12:2012,1,Підготовка поверхонь,12-1-4,Шпаклювання поверхонь часткове,100 м2,True,91.454,3.6,0.2,1,2,8710.13,10.0,22800,31520.13
Д.2.4,12,Малярні роботи (ремонт),ДСТУ Б Д.2.4-12:2012,1,Підготовка поверхонь,12-1-5,Шпаклювання поверхонь суцільне,100 м2,True,90.743,3.6,0.2,1,2,8642.58,10.0,22800,31452.58
Д.2.4,12,Малярні роботи (ремонт),ДСТУ Б Д.2.4-12:2012,1,Підготовка поверхонь,12-1-6,Ґрунтування поверхонь,100 м2,True,95.201,3.6,0.2,1,2,9066.09,10.0,22800,31876.09
Д.2.4,12,Малярні роботи (ремонт),ДСТУ Б Д.2.4-12:2012,2,Фарбування при ремонті,12-2-1,Фарбування стін водоемульсійними складами по старих фарбуваннях,100 м2,True,93.457,3.6,0.2,1,2,8900.41,10.0,22800,31710.41
Д.2.4,12,Малярні роботи (ремонт),ДСТУ Б Д.2.4-12:2012,2,Фарбування при ремонті,12-2-2,Фарбування стель водоемульсійними складами,100 м2,True,88.958,3.6,0.2,1,2,8473.01,10.0,22800,31283.01
Д.2.4,12,Малярні роботи (ремонт),ДСТУ Б Д.2.4-12:2012,2,Фарбування при ремонті,12-2-3,Фарбування вікон і дверей олійними/акриловими складами,100 м2,True,99.445,3.6,0.2,1,2,9469.27,10.0,22800,32279.27
Д.2.4,12,Малярні роботи (ремонт),ДСТУ Б Д.2.4-12:2012,2,Фарбування при ремонті,12-2-4,Фарбування радіаторів і труб,100 м2,True,92.61,3.6,0.2,1,2,8819.95,10.0,22800,31629.95
Д.2.4,12,Малярні роботи (ремонт),ДСТУ Б Д.2.4-12:2012,2,Фарбування при ремонті,12-2-5,Фарбування металевих огорож і ґрат,100 м2,True,94.721,3.6,0.2,1,2,9020.5,10.0,22800,31830.5
Д.2.4,12,Малярні роботи (ремонт),ДСТУ Б Д.2.4-12:2012,2,Фарбування при ремонті,12-2-6,Фарбування фасадів по існуючій штукатурці,100 м2,True,92.148,3.6,0.2,1,2,8776.06,10.0,22800,31586.06
Д.2.4,13,"Склярські, шпалерні та облицювальні роботи (ремонт)",ДСТУ Б Д.2.4-13:2012,1,Склярські роботи,13-1-1,Заміна розбитого скла у дерев'яних рамах,м2,True,8.975,3.6,0.0,0,3,852.62,0,13595.0,14447.62
Д.2.4,13,"Склярські, шпалерні та облицювальні роботи (ремонт)",ДСТУ Б Д.2.4-13:2012,1,Склярські роботи,13-1-2,Заміна склопакетів у ПВХ-вікнах,м2,True,1.571,3.5,0.0,0,2,149.25,0,411.0,560.25
Д.2.4,13,"Склярські, шпалерні та облицювальні роботи (ремонт)",ДСТУ Б Д.2.4-13:2012,2,Шпалерні роботи,13-2-1,Зняття старих шпалер,100 м2,True,61.789,3.5,0.0,0,2,5869.95,0,21000,26869.95
Д.2.4,13,"Склярські, шпалерні та облицювальні роботи (ремонт)",ДСТУ Б Д.2.4-13:2012,2,Шпалерні роботи,13-2-2,Обклеювання стін шпалерами при ремонті,100 м2,True,70.196,3.5,0.0,0,2,6668.62,0,21000,27668.62
Д.2.4,13,"Склярські, шпалерні та облицювальні роботи (ремонт)",ДСТУ Б Д.2.4-13:2012,3,Облицювальні роботи,13-3-1,Заміна окремих плиток облицювання,м2,True,2.07,3.9,0.0,0,3,196.65,0,503.0,699.65
Д.2.4,13,"Склярські, шпалерні та облицювальні роботи (ремонт)",ДСТУ Б Д.2.4-13:2012,3,Облицювальні роботи,13-3-2,Розбирання облицювання стін,100 м2,True,184.719,3.9,0.0,0,3,17548.31,0,50300,67848.31
Д.2.4,13,"Склярські, шпалерні та облицювальні роботи (ремонт)",ДСТУ Б Д.2.4-13:2012,3,Облицювальні роботи,13-3-3,Облицювання стін плиткою при ремонті,100 м2,True,182.781,3.9,0.0,0,3,17364.19,0,50300,67664.19
Д.2.4,15,Внутрішні санітарно-технічні роботи (ремонт),ДСТУ Б Д.2.4-15:2012,1,Демонтаж санітарних приладів і труб,15-1-1,Демонтаж умивальників і мийок,шт,True,2.136,3.6,0.0,0,3,202.92,0,120.5,323.42
Д.2.4,15,Внутрішні санітарно-технічні роботи (ремонт),ДСТУ Б Д.2.4-15:2012,1,Демонтаж санітарних приладів і труб,15-1-2,Демонтаж унітазів,шт,True,1.804,3.6,0.0,0,3,171.38,0,120.5,291.88
Д.2.4,15,Внутрішні санітарно-технічні роботи (ремонт),ДСТУ Б Д.2.4-15:2012,1,Демонтаж санітарних приладів і труб,15-1-3,Демонтаж ванн,шт,True,1.993,3.6,0.0,0,3,189.34,0,120.5,309.84
Д.2.4,15,Внутрішні санітарно-технічні роботи (ремонт),ДСТУ Б Д.2.4-15:2012,1,Демонтаж санітарних приладів і труб,15-1-4,Демонтаж змішувачів і арматури,шт,True,2.182,3.6,0.0,0,3,207.29,0,120.5,327.79
Д.2.4,15,Внутрішні санітарно-технічні роботи (ремонт),ДСТУ Б Д.2.4-15:2012,1,Демонтаж санітарних приладів і труб,15-1-5,Демонтаж трубопроводів сталевих,100 м,True,173.624,3.6,0.0,0,3,16494.28,0,12050,28544.28
Д.2.4,15,Внутрішні санітарно-технічні роботи (ремонт),ДСТУ Б Д.2.4-15:2012,1,Демонтаж санітарних приладів і труб,15-1-6,Демонтаж радіаторів,шт,True,1.897,3.6,0.0,0,3,180.22,0,120.5,300.72
Д.2.4,15,Внутрішні санітарно-технічні роботи (ремонт),ДСТУ Б Д.2.4-15:2012,2,Монтаж при ремонті,15-2-1,Установлення умивальників при заміні,шт,True,2.152,3.6,0.0,0,3,204.44,0,120.5,324.94
Д.2.4,15,Внутрішні санітарно-технічні роботи (ремонт),ДСТУ Б Д.2.4-15:2012,2,Монтаж при ремонті,15-2-2,Установлення унітазів при заміні,шт,True,2.195,3.6,0.0,0,3,208.52,0,120.5,329.02
Д.2.4,15,Внутрішні санітарно-технічні роботи (ремонт),ДСТУ Б Д.2.4-15:2012,2,Монтаж при ремонті,15-2-3,Установлення змішувачів при заміні,шт,True,1.817,3.6,0.0,0,3,172.62,0,120.5,293.12
Д.2.4,15,Внутрішні санітарно-технічні роботи (ремонт),ДСТУ Б Д.2.4-15:2012,2,Монтаж при ремонті,15-2-4,Заміна ділянок трубопроводів водопостачання ППР,100 м,True,154.49,3.6,0.0,0,3,14676.55,0,12050,26726.55
Д.2.4,15,Внутрішні санітарно-технічні роботи (ремонт),ДСТУ Б Д.2.4-15:2012,2,Монтаж при ремонті,15-2-5,Заміна ділянок каналізації ПВХ,100 м,True,168.423,3.6,0.0,0,3,16000.18,0,12050,28050.18
Д.2.4,15,Внутрішні санітарно-технічні роботи (ремонт),ДСТУ Б Д.2.4-15:2012,2,Монтаж при ремонті,15-2-6,Заміна радіаторів із підключенням,шт,True,2.029,3.6,0.0,0,3,192.75,0,120.5,313.25
Д.2.4,15,Внутрішні санітарно-технічні роботи (ремонт),ДСТУ Б Д.2.4-15:2012,2,Монтаж при ремонті,15-2-7,Заміна запірної арматури на стояках,шт,True,1.905,3.6,0.0,0,3,180.97,0,120.5,301.47
Д.2.4,16,Зовнішні інженерні мережі (ремонт),ДСТУ Б Д.2.4-16:2012,1,Ремонт зовнішніх мереж,16-1-1,Заміна ділянок водопроводу ПЕ до 110 мм,100 м,True,199.539,3.8,0.0,0,3,18956.2,0,56600,75556.2
Д.2.4,16,Зовнішні інженерні мережі (ремонт),ДСТУ Б Д.2.4-16:2012,1,Ремонт зовнішніх мереж,16-1-2,Заміна ділянок каналізації до 200 мм,100 м,True,191.14,3.8,0.0,0,3,18158.3,0,56600,74758.3
Д.2.4,16,Зовнішні інженерні мережі (ремонт),ДСТУ Б Д.2.4-16:2012,1,Ремонт зовнішніх мереж,16-1-3,Усунення витоків на водопроводі муфтами,шт,True,2.326,3.8,0.0,0,3,220.97,0,566.0,786.97
Д.2.4,16,Зовнішні інженерні мережі (ремонт),ДСТУ Б Д.2.4-16:2012,1,Ремонт зовнішніх мереж,16-1-4,Прочищення каналізаційних мереж,100 м,True,178.107,3.8,0.0,0,3,16920.17,0,56600,73520.17
Д.2.4,16,Зовнішні інженерні мережі (ремонт),ДСТУ Б Д.2.4-16:2012,1,Ремонт зовнішніх мереж,16-1-5,Ремонт колодязів із заміною люків,шт,True,16.724,3.6,1.2,1,3,1720.78,1680.0,9476.0,12876.78
Д.2.4,16,Зовнішні інженерні мережі (ремонт),ДСТУ Б Д.2.4-16:2012,1,Ремонт зовнішніх мереж,16-1-6,Відновлення теплоізоляції теплотрас,100 м,True,164.197,3.8,0.0,0,3,15598.72,0,56600,72198.72
Д.2.4,17,Електромонтажні роботи (ремонт),ДСТУ Б Д.2.4-17:2012,1,Демонтаж електромереж,17-1-1,Демонтаж проводки відкритої і в каналах,100 м,True,195.994,3.8,0.0,0,3,18619.43,0,56600,75219.43
Д.2.4,17,Електромонтажні роботи (ремонт),ДСТУ Б Д.2.4-17:2012,1,Демонтаж електромереж,17-1-2,Демонтаж світильників,шт,True,2.341,3.8,0.0,0,3,222.4,0,566.0,788.4
Д.2.4,17,Електромонтажні роботи (ремонт),ДСТУ Б Д.2.4-17:2012,1,Демонтаж електромереж,17-1-3,Демонтаж розеток і вимикачів,шт,True,2.206,3.8,0.0,0,3,209.57,0,566.0,775.57
Д.2.4,17,Електромонтажні роботи (ремонт),ДСТУ Б Д.2.4-17:2012,1,Демонтаж електромереж,17-1-4,Демонтаж щитів і боксів,шт,True,2.406,3.8,0.0,0,3,228.57,0,566.0,794.57
Д.2.4,17,Електромонтажні роботи (ремонт),ДСТУ Б Д.2.4-17:2012,2,Монтаж при ремонті,17-2-1,Заміна проводки у штробах існуючих,100 м,True,172.242,3.8,0.0,0,3,16362.99,0,56600,72962.99
Д.2.4,17,Електромонтажні роботи (ремонт),ДСТУ Б Д.2.4-17:2012,2,Монтаж при ремонті,17-2-2,Прокладання нової проводки зі штрабленням,100 м,True,189.54,3.8,0.0,0,3,18006.3,0,56600,74606.3
Д.2.4,17,Електромонтажні роботи (ремонт),ДСТУ Б Д.2.4-17:2012,2,Монтаж при ремонті,17-2-3,Заміна розеток і вимикачів,100 шт,True,166.102,3.8,0.0,0,3,15779.69,0,56600,72379.69
Д.2.4,17,Електромонтажні роботи (ремонт),ДСТУ Б Д.2.4-17:2012,2,Монтаж при ремонті,17-2-4,Заміна світильників на LED,100 шт,True,178.367,3.8,0.0,0,3,16944.86,0,56600,73544.86
Д.2.4,17,Електромонтажні роботи (ремонт),ДСТУ Б Д.2.4-17:2012,2,Монтаж при ремонті,17-2-5,Заміна щитів із перекомутацією,шт,True,2.44,3.8,0.0,0,3,231.8,0,566.0,797.8
Д.2.4,17,Електромонтажні роботи (ремонт),ДСТУ Б Д.2.4-17:2012,2,Монтаж при ремонті,17-2-6,Вимірювання опору ізоляції після ремонту,лінія,True,2.402,3.8,0.0,0,3,228.19,0,566.0,794.19
Д.2.4,18,Благоустрій (ремонт),ДСТУ Б Д.2.4-18:2012,1,Ремонт покриттів і елементів,18-1-1,Ремонт асфальтових покриттів картами,100 м2,True,183.98,3.8,0.0,0,3,17478.1,0,56600,74078.1
Д.2.4,18,Благоустрій (ремонт),ДСТУ Б Д.2.4-18:2012,1,Ремонт покриттів і елементів,18-1-2,Перекладання тротуарної плитки,100 м2,True,143.013,3.8,0.0,0,3,13586.24,0,53350,66936.24
Д.2.4,18,Благоустрій (ремонт),ДСТУ Б Д.2.4-18:2012,1,Ремонт покриттів і елементів,18-1-3,Заміна бортових каменів,100 м,True,197.182,3.8,0.0,0,3,18732.29,0,56600,75332.29
Д.2.4,18,Благоустрій (ремонт),ДСТУ Б Д.2.4-18:2012,1,Ремонт покриттів і елементів,18-1-4,Ремонт металевих огорож із фарбуванням,100 м,True,76.538,3.4,0.0,0,3,7271.11,0,7415,14686.11
Д.2.4,18,Благоустрій (ремонт),ДСТУ Б Д.2.4-18:2012,1,Ремонт покриттів і елементів,18-1-5,Ремонт дитячих майданчиків (заміна елементів),шт,True,2.121,3.8,0.0,0,3,201.5,0,566.0,767.5
Д.2.4,18,Благоустрій (ремонт),ДСТУ Б Д.2.4-18:2012,1,Ремонт покриттів і елементів,18-1-6,Відновлення газонів після робіт,100 м2,True,188.384,3.8,0.0,0,3,17896.48,0,56600,74496.48
Д.2.4,19,Ізоляційні роботи (ремонт),ДСТУ Б Д.2.4-19:2012,1,Ремонт ізоляції,19-1-1,Ремонт обклеювальної гідроізоляції латками,м2,True,2.069,3.8,0.0,0,3,196.56,0,566.0,762.56
Д.2.4,19,Ізоляційні роботи (ремонт),ДСТУ Б Д.2.4-19:2012,1,Ремонт ізоляції,19-1-2,Відновлення гідроізоляції фундаментів з розкриттям,100 м2,True,165.173,3.8,0.0,0,3,15691.43,0,56600,72291.43
Д.2.4,19,Ізоляційні роботи (ремонт),ДСТУ Б Д.2.4-19:2012,1,Ремонт ізоляції,19-1-3,Ремонт гідроізоляції санвузлів при заміні підлог,100 м2,True,130.694,3.8,0.0,0,3,12415.93,0,53350,65765.93
Д.2.4,19,Ізоляційні роботи (ремонт),ДСТУ Б Д.2.4-19:2012,1,Ремонт ізоляції,19-1-4,Заміна теплоізоляції трубопроводів,100 м,True,188.913,3.8,0.0,0,3,17946.74,0,56600,74546.74
Д.2.4,19,Ізоляційні роботи (ремонт),ДСТУ Б Д.2.4-19:2012,1,Ремонт ізоляції,19-1-5,Ремонт теплоізоляції фасаду картами (ССТІ),м2,True,2.077,3.8,0.0,0,3,197.31,0,566.0,763.31
Д.2.4,19,Ізоляційні роботи (ремонт),ДСТУ Б Д.2.4-19:2012,1,Ремонт ізоляції,19-1-6,Відновлення пароізоляції горища,100 м2,True,88.614,3.6,0.2,1,2,8440.33,10.0,22800,31250.33
Д.2.4,20,Інші ремонтно-будівельні роботи,ДСТУ Б Д.2.4-20:2012,1,Супутні роботи,20-1-1,Навантаження будівельного сміття вручну,т,True,13.458,3.9,0.0,0,2,1278.51,0,414.0,1692.51
Д.2.4,20,Інші ремонтно-будівельні роботи,ДСТУ Б Д.2.4-20:2012,1,Супутні роботи,20-1-2,Спуск сміття сміттєспусками з поверхів,т,True,15.927,3.9,0.0,0,2,1513.07,0,414.0,1927.07
Д.2.4,20,Інші ремонтно-будівельні роботи,ДСТУ Б Д.2.4-20:2012,1,Супутні роботи,20-1-3,Вивезення будівельного сміття,т,True,15.191,3.9,0.0,0,2,1443.14,0,414.0,1857.14
Д.2.4,20,Інші ремонтно-будівельні роботи,ДСТУ Б Д.2.4-20:2012,1,Супутні роботи,20-1-4,Тимчасові захисні огородження зон робіт,100 м,True,241.775,3.9,0.0,0,2,22968.62,0,41400,64368.62
Д.2.4,20,Інші ремонтно-будівельні роботи,ДСТУ Б Д.2.4-20:2012,1,Супутні роботи,20-1-5,Захист меблів і підлог плівкою,100 м2,True,146.46,3.8,0.0,0,3,13913.7,0,53350,67263.7
Д.2.4,20,Інші ремонтно-будівельні роботи,ДСТУ Б Д.2.4-20:2012,1,Супутні роботи,20-1-6,Фінішне прибирання приміщень після ремонту,100 м2,True,250.297,3.9,0.0,0,2,23778.22,0,41400,65178.22
