shifr,nazva_normy,odynytsya,typ_resursu,kod,nazva_resursu,odynytsya_resursu,vytrata,tsina_uah,vartist_uah,priorytet_prytulok
1-1-1,"Розробка ґрунту 1 групи екскаватором з ковшем до 0,25 м3 у відвал",1000 м3,машина,С202-1,"Екскаватор одноковшовий 0,4–0,65 м3",маш.-год,1.6936,1200,2032.34,True
1-1-1,"Розробка ґрунту 1 групи екскаватором з ковшем до 0,25 м3 у відвал",1000 м3,машина,С311-2,Автосамоскид 10 т,маш.-год,1.3291,700,930.35,True
1-1-1,"Розробка ґрунту 1 групи екскаватором з ковшем до 0,25 м3 у відвал",1000 м3,матеріал,С300-1,Пальне дизельне (орієнтовно),л,25.69,55,1412.95,True
1-1-1,"Розробка ґрунту 1 групи екскаватором з ковшем до 0,25 м3 у відвал",1000 м3,матеріал,С300-2,Мастильні матеріали,кг,1.2846,120,154.15,True
1-1-1,"Розробка ґрунту 1 групи екскаватором з ковшем до 0,25 м3 у відвал",1000 м3,труд_робітників,Т1,"Труд робітників, розряд 3.0",люд.-год,1.258,95.0,119.51,True
1-1-1,"Розробка ґрунту 1 групи екскаватором з ковшем до 0,25 м3 у відвал",1000 м3,труд_машиністів,Т2,Труд машиністів,люд.-год,1.694,110.0,186.34,True
1-1-2,"Розробка ґрунту 2 групи екскаватором з ковшем до 0,25 м3 у відвал",1000 м3,машина,С202-1,"Екскаватор одноковшовий 0,4–0,65 м3",маш.-год,1.7422,1200,2090.64,True
1-1-2,"Розробка ґрунту 2 групи екскаватором з ковшем до 0,25 м3 у відвал",1000 м3,машина,С311-2,Автосамоскид 10 т,маш.-год,1.3615,700,953.02,True
1-1-2,"Розробка ґрунту 2 групи екскаватором з ковшем до 0,25 м3 у відвал",1000 м3,матеріал,С300-1,Пальне дизельне (орієнтовно),л,26.38,55,1450.9,True
1-1-2,"Розробка ґрунту 2 групи екскаватором з ковшем до 0,25 м3 у відвал",1000 м3,матеріал,С300-2,Мастильні матеріали,кг,1.3191,120,158.29,True
1-1-2,"Розробка ґрунту 2 групи екскаватором з ковшем до 0,25 м3 у відвал",1000 м3,труд_робітників,Т1,"Труд робітників, розряд 3.0",люд.-год,1.323,95.0,125.69,True
1-1-2,"Розробка ґрунту 2 групи екскаватором з ковшем до 0,25 м3 у відвал",1000 м3,труд_машиністів,Т2,Труд машиністів,люд.-год,1.742,110.0,191.62,True
1-1-3,"Розробка ґрунту 3 групи екскаватором з ковшем до 0,25 м3 у відвал",1000 м3,машина,С202-1,"Екскаватор одноковшовий 0,4–0,65 м3",маш.-год,1.6115,1200,1933.79,True
1-1-3,"Розробка ґрунту 3 групи екскаватором з ковшем до 0,25 м3 у відвал",1000 м3,машина,С311-2,Автосамоскид 10 т,маш.-год,1.2743,700,892.03,True
1-1-3,"Розробка ґрунту 3 групи екскаватором з ковшем до 0,25 м3 у відвал",1000 м3,матеріал,С300-1,Пальне дизельне (орієнтовно),л,24.53,55,1349.15,True
1-1-3,"Розробка ґрунту 3 групи екскаватором з ковшем до 0,25 м3 у відвал",1000 м3,матеріал,С300-2,Мастильні матеріали,кг,1.2265,120,147.18,True
1-1-3,"Розробка ґрунту 3 групи екскаватором з ковшем до 0,25 м3 у відвал",1000 м3,труд_робітників,Т1,"Труд робітників, розряд 3.0",люд.-год,1.149,95.0,109.16,True
1-1-3,"Розробка ґрунту 3 групи екскаватором з ковшем до 0,25 м3 у відвал",1000 м3,труд_машиністів,Т2,Труд машиністів,люд.-год,1.611,110.0,177.21,True
1-1-4,"Розробка ґрунту 1 групи екскаватором з ковшем до 0,4 м3 у відвал",1000 м3,машина,С202-1,"Екскаватор одноковшовий 0,4–0,65 м3",маш.-год,1.6243,1200,1949.2,True
1-1-4,"Розробка ґрунту 1 групи екскаватором з ковшем до 0,4 м3 у відвал",1000 м3,машина,С311-2,Автосамоскид 10 т,маш.-год,1.2829,700,898.02,True
1-1-4,"Розробка ґрунту 1 групи екскаватором з ковшем до 0,4 м3 у відвал",1000 м3,матеріал,С300-1,Пальне дизельне (орієнтовно),л,24.71,55,1359.05,True
1-1-4,"Розробка ґрунту 1 групи екскаватором з ковшем до 0,4 м3 у відвал",1000 м3,матеріал,С300-2,Мастильні матеріали,кг,1.2356,120,148.27,True
1-1-4,"Розробка ґрунту 1 групи екскаватором з ковшем до 0,4 м3 у відвал",1000 м3,труд_робітників,Т1,"Труд робітників, розряд 3.0",люд.-год,1.166,95.0,110.77,True
1-1-4,"Розробка ґрунту 1 групи екскаватором з ковшем до 0,4 м3 у відвал",1000 м3,труд_машиністів,Т2,Труд машиністів,люд.-год,1.624,110.0,178.64,True
1-1-5,"Розробка ґрунту 2 групи екскаватором з ковшем до 0,4 м3 у відвал",1000 м3,машина,С202-1,"Екскаватор одноковшовий 0,4–0,65 м3",маш.-год,1.619,1200,1942.76,True
1-1-5,"Розробка ґрунту 2 групи екскаватором з ковшем до 0,4 м3 у відвал",1000 м3,машина,С311-2,Автосамоскид 10 т,маш.-год,1.2793,700,895.52,True
1-1-5,"Розробка ґрунту 2 групи екскаватором з ковшем до 0,4 м3 у відвал",1000 м3,матеріал,С300-1,Пальне дизельне (орієнтовно),л,24.64,55,1355.2,True
1-1-5,"Розробка ґрунту 2 групи екскаватором з ковшем до 0,4 м3 у відвал",1000 м3,матеріал,С300-2,Мастильні матеріали,кг,1.2318,120,147.82,True
1-1-5,"Розробка ґрунту 2 групи екскаватором з ковшем до 0,4 м3 у відвал",1000 м3,труд_робітників,Т1,"Труд робітників, розряд 3.0",люд.-год,1.159,95.0,110.11,True
1-1-5,"Розробка ґрунту 2 групи екскаватором з ковшем до 0,4 м3 у відвал",1000 м3,труд_машиністів,Т2,Труд машиністів,люд.-год,1.619,110.0,178.09,True
1-1-6,"Розробка ґрунту 3 групи екскаватором з ковшем до 0,4 м3 у відвал",1000 м3,машина,С202-1,"Екскаватор одноковшовий 0,4–0,65 м3",маш.-год,1.7225,1200,2067.0,True
1-1-6,"Розробка ґрунту 3 групи екскаватором з ковшем до 0,4 м3 у відвал",1000 м3,машина,С311-2,Автосамоскид 10 т,маш.-год,1.3483,700,943.84,True
1-1-6,"Розробка ґрунту 3 групи екскаватором з ковшем до 0,4 м3 у відвал",1000 м3,матеріал,С300-1,Пальне дизельне (орієнтовно),л,26.1,55,1435.5,True
1-1-6,"Розробка ґрунту 3 групи екскаватором з ковшем до 0,4 м3 у відвал",1000 м3,матеріал,С300-2,Мастильні матеріали,кг,1.3051,120,156.61,True
1-1-6,"Розробка ґрунту 3 групи екскаватором з ковшем до 0,4 м3 у відвал",1000 м3,труд_робітників,Т1,"Труд робітників, розряд 3.0",люд.-год,1.297,95.0,123.21,True
1-1-6,"Розробка ґрунту 3 групи екскаватором з ковшем до 0,4 м3 у відвал",1000 м3,труд_машиністів,Т2,Труд машиністів,люд.-год,1.723,110.0,189.53,True
1-1-7,"Розробка ґрунту 1 групи екскаватором з ковшем до 0,65 м3 у відвал",1000 м3,машина,С202-1,"Екскаватор одноковшовий 0,4–0,65 м3",маш.-год,1.5145,1200,1817.34,True
1-1-7,"Розробка ґрунту 1 групи екскаватором з ковшем до 0,65 м3 у відвал",1000 м3,машина,С311-2,Автосамоскид 10 т,маш.-год,1.2096,700,846.74,True
1-1-7,"Розробка ґрунту 1 групи екскаватором з ковшем до 0,65 м3 у відвал",1000 м3,матеріал,С300-1,Пальне дизельне (орієнтовно),л,23.15,55,1273.25,True
1-1-7,"Розробка ґрунту 1 групи екскаватором з ковшем до 0,65 м3 у відвал",1000 м3,матеріал,С300-2,Мастильні матеріали,кг,1.1577,120,138.92,True
1-1-7,"Розробка ґрунту 1 групи екскаватором з ковшем до 0,65 м3 у відвал",1000 м3,труд_робітників,Т1,"Труд робітників, розряд 3.0",люд.-год,1.019,95.0,96.8,True
1-1-7,"Розробка ґрунту 1 групи екскаватором з ковшем до 0,65 м3 у відвал",1000 м3,труд_машиністів,Т2,Труд машиністів,люд.-год,1.514,110.0,166.54,True
1-1-8,"Розробка ґрунту 2 групи екскаватором з ковшем до 0,65 м3 у відвал",1000 м3,машина,С202-1,"Екскаватор одноковшовий 0,4–0,65 м3",маш.-год,1.5151,1200,1818.14,True
1-1-8,"Розробка ґрунту 2 групи екскаватором з ковшем до 0,65 м3 у відвал",1000 м3,машина,С311-2,Автосамоскид 10 т,маш.-год,1.2101,700,847.05,True
1-1-8,"Розробка ґрунту 2 групи екскаватором з ковшем до 0,65 м3 у відвал",1000 м3,матеріал,С300-1,Пальне дизельне (орієнтовно),л,23.16,55,1273.8,True
1-1-8,"Розробка ґрунту 2 групи екскаватором з ковшем до 0,65 м3 у відвал",1000 м3,матеріал,С300-2,Мастильні матеріали,кг,1.1582,120,138.98,True
1-1-8,"Розробка ґрунту 2 групи екскаватором з ковшем до 0,65 м3 у відвал",1000 м3,труд_робітників,Т1,"Труд робітників, розряд 3.0",люд.-год,1.02,95.0,96.9,True
1-1-8,"Розробка ґрунту 2 групи екскаватором з ковшем до 0,65 м3 у відвал",1000 м3,труд_машиністів,Т2,Труд машиністів,люд.-год,1.515,110.0,166.65,True
1-1-9,"Розробка ґрунту 3 групи екскаватором з ковшем до 0,65 м3 у відвал",1000 м3,машина,С202-1,"Екскаватор одноковшовий 0,4–0,65 м3",маш.-год,1.622,1200,1946.42,True
1-1-9,"Розробка ґрунту 3 групи екскаватором з ковшем до 0,65 м3 у відвал",1000 м3,машина,С311-2,Автосамоскид 10 т,маш.-год,1.2813,700,896.94,True
1-1-9,"Розробка ґрунту 3 групи екскаватором з ковшем до 0,65 м3 у відвал",1000 м3,матеріал,С300-1,Пальне дизельне (орієнтовно),л,24.68,55,1357.4,True
1-1-9,"Розробка ґрунту 3 групи екскаватором з ковшем до 0,65 м3 у відвал",1000 м3,матеріал,С300-2,Мастильні матеріали,кг,1.2339,120,148.07,True
1-1-9,"Розробка ґрунту 3 групи екскаватором з ковшем до 0,65 м3 у відвал",1000 м3,труд_робітників,Т1,"Труд робітників, розряд 3.0",люд.-год,1.163,95.0,110.48,True
1-1-9,"Розробка ґрунту 3 групи екскаватором з ковшем до 0,65 м3 у відвал",1000 м3,труд_машиністів,Т2,Труд машиністів,люд.-год,1.622,110.0,178.42,True
1-1-10,"Розробка ґрунту 1 групи екскаватором з ковшем до 1,0 м3 у відвал",1000 м3,машина,С202-1,"Екскаватор одноковшовий 0,4–0,65 м3",маш.-год,1.5099,1200,1811.85,True
1-1-10,"Розробка ґрунту 1 групи екскаватором з ковшем до 1,0 м3 у відвал",1000 м3,машина,С311-2,Автосамоскид 10 т,маш.-год,1.2066,700,844.61,True
1-1-10,"Розробка ґрунту 1 групи екскаватором з ковшем до 1,0 м3 у відвал",1000 м3,матеріал,С300-1,Пальне дизельне (орієнтовно),л,23.09,55,1269.95,True
1-1-10,"Розробка ґрунту 1 групи екскаватором з ковшем до 1,0 м3 у відвал",1000 м3,матеріал,С300-2,Мастильні матеріали,кг,1.1545,120,138.54,True
1-1-10,"Розробка ґрунту 1 групи екскаватором з ковшем до 1,0 м3 у відвал",1000 м3,труд_робітників,Т1,"Труд робітників, розряд 3.0",люд.-год,1.013,95.0,96.23,True
1-1-10,"Розробка ґрунту 1 групи екскаватором з ковшем до 1,0 м3 у відвал",1000 м3,труд_машиністів,Т2,Труд машиністів,люд.-год,1.51,110.0,166.1,True
1-1-11,"Розробка ґрунту 2 групи екскаватором з ковшем до 1,0 м3 у відвал",1000 м3,машина,С202-1,"Екскаватор одноковшовий 0,4–0,65 м3",маш.-год,1.7539,1200,2104.71,True
1-1-11,"Розробка ґрунту 2 групи екскаватором з ковшем до 1,0 м3 у відвал",1000 м3,машина,С311-2,Автосамоскид 10 т,маш.-год,1.3693,700,958.5,True
1-1-11,"Розробка ґрунту 2 групи екскаватором з ковшем до 1,0 м3 у відвал",1000 м3,матеріал,С300-1,Пальне дизельне (орієнтовно),л,26.55,55,1460.25,True
1-1-11,"Розробка ґрунту 2 групи екскаватором з ковшем до 1,0 м3 у відвал",1000 м3,матеріал,С300-2,Мастильні матеріали,кг,1.3274,120,159.29,True
1-1-11,"Розробка ґрунту 2 групи екскаватором з ковшем до 1,0 м3 у відвал",1000 м3,труд_робітників,Т1,"Труд робітників, розряд 3.0",люд.-год,1.339,95.0,127.2,True
1-1-11,"Розробка ґрунту 2 групи екскаватором з ковшем до 1,0 м3 у відвал",1000 м3,труд_машиністів,Т2,Труд машиністів,люд.-год,1.754,110.0,192.94,True
1-1-12,"Розробка ґрунту 3 групи екскаватором з ковшем до 1,0 м3 у відвал",1000 м3,машина,С202-1,"Екскаватор одноковшовий 0,4–0,65 м3",маш.-год,1.6788,1200,2014.57,True
1-1-12,"Розробка ґрунту 3 групи екскаватором з ковшем до 1,0 м3 у відвал",1000 м3,машина,С311-2,Автосамоскид 10 т,маш.-год,1.3192,700,923.45,True
1-1-12,"Розробка ґрунту 3 групи екскаватором з ковшем до 1,0 м3 у відвал",1000 м3,матеріал,С300-1,Пальне дизельне (орієнтовно),л,25.48,55,1401.4,True
1-1-12,"Розробка ґрунту 3 групи екскаватором з ковшем до 1,0 м3 у відвал",1000 м3,матеріал,С300-2,Мастильні матеріали,кг,1.2742,120,152.9,True
1-1-12,"Розробка ґрунту 3 групи екскаватором з ковшем до 1,0 м3 у відвал",1000 м3,труд_робітників,Т1,"Труд робітників, розряд 3.0",люд.-год,1.238,95.0,117.61,True
1-1-12,"Розробка ґрунту 3 групи екскаватором з ковшем до 1,0 м3 у відвал",1000 м3,труд_машиністів,Т2,Труд машиністів,люд.-год,1.679,110.0,184.69,True
1-2-1,"Розробка ґрунту 1 групи з навантаженням, ківш до 0,4 м3",1000 м3,машина,С202-1,"Екскаватор одноковшовий 0,4–0,65 м3",маш.-год,1.667,1200,2000.35,True
1-2-1,"Розробка ґрунту 1 групи з навантаженням, ківш до 0,4 м3",1000 м3,машина,С311-2,Автосамоскид 10 т,маш.-год,1.3113,700,917.91,True
1-2-1,"Розробка ґрунту 1 групи з навантаженням, ківш до 0,4 м3",1000 м3,матеріал,С300-1,Пальне дизельне (орієнтовно),л,25.32,55,1392.6,True
1-2-1,"Розробка ґрунту 1 групи з навантаженням, ківш до 0,4 м3",1000 м3,матеріал,С300-2,Мастильні матеріали,кг,1.2658,120,151.9,True
1-2-1,"Розробка ґрунту 1 групи з навантаженням, ківш до 0,4 м3",1000 м3,труд_робітників,Т1,"Труд робітників, розряд 3.0",люд.-год,1.223,95.0,116.19,True
1-2-1,"Розробка ґрунту 1 групи з навантаженням, ківш до 0,4 м3",1000 м3,труд_машиністів,Т2,Труд машиністів,люд.-год,1.667,110.0,183.37,True
1-2-2,"Розробка ґрунту 2 групи з навантаженням, ківш до 0,4 м3",1000 м3,машина,С202-1,"Екскаватор одноковшовий 0,4–0,65 м3",маш.-год,1.7078,1200,2049.39,True
1-2-2,"Розробка ґрунту 2 групи з навантаженням, ківш до 0,4 м3",1000 м3,машина,С311-2,Автосамоскид 10 т,маш.-год,1.3386,700,936.99,True
1-2-2,"Розробка ґрунту 2 групи з навантаженням, ківш до 0,4 м3",1000 м3,матеріал,С300-1,Пальне дизельне (орієнтовно),л,25.89,55,1423.95,True
1-2-2,"Розробка ґрунту 2 групи з навантаженням, ківш до 0,4 м3",1000 м3,матеріал,С300-2,Мастильні матеріали,кг,1.2947,120,155.36,True
1-2-2,"Розробка ґрунту 2 групи з навантаженням, ківш до 0,4 м3",1000 м3,труд_робітників,Т1,"Труд робітників, розряд 3.0",люд.-год,1.277,95.0,121.31,True
1-2-2,"Розробка ґрунту 2 групи з навантаженням, ківш до 0,4 м3",1000 м3,труд_машиністів,Т2,Труд машиністів,люд.-год,1.708,110.0,187.88,True
1-2-3,"Розробка ґрунту 3 групи з навантаженням, ківш до 0,4 м3",1000 м3,машина,С202-1,"Екскаватор одноковшовий 0,4–0,65 м3",маш.-год,1.796,1200,2155.22,True
1-2-3,"Розробка ґрунту 3 групи з навантаженням, ківш до 0,4 м3",1000 м3,машина,С311-2,Автосамоскид 10 т,маш.-год,1.3973,700,978.14,True
1-2-3,"Розробка ґрунту 3 групи з навантаженням, ківш до 0,4 м3",1000 м3,матеріал,С300-1,Пальне дизельне (орієнтовно),л,27.14,55,1492.7,True
1-2-3,"Розробка ґрунту 3 групи з навантаженням, ківш до 0,4 м3",1000 м3,матеріал,С300-2,Мастильні матеріали,кг,1.3572,120,162.86,True
1-2-3,"Розробка ґрунту 3 групи з навантаженням, ківш до 0,4 м3",1000 м3,труд_робітників,Т1,"Труд робітників, розряд 3.0",люд.-год,1.395,95.0,132.53,True
1-2-3,"Розробка ґрунту 3 групи з навантаженням, ківш до 0,4 м3",1000 м3,труд_машиністів,Т2,Труд машиністів,люд.-год,1.796,110.0,197.56,True
1-2-4,"Розробка ґрунту 1 групи з навантаженням, ківш до 0,65 м3",1000 м3,машина,С202-1,"Екскаватор одноковшовий 0,4–0,65 м3",маш.-год,1.5391,1200,1846.94,True
1-2-4,"Розробка ґрунту 1 групи з навантаженням, ківш до 0,65 м3",1000 м3,машина,С311-2,Автосамоскид 10 т,маш.-год,1.2261,700,858.26,True
1-2-4,"Розробка ґрунту 1 групи з навантаженням, ківш до 0,65 м3",1000 м3,матеріал,С300-1,Пальне дизельне (орієнтовно),л,23.5,55,1292.5,True
1-2-4,"Розробка ґрунту 1 групи з навантаженням, ківш до 0,65 м3",1000 м3,матеріал,С300-2,Мастильні матеріали,кг,1.1752,120,141.02,True
1-2-4,"Розробка ґрунту 1 групи з навантаженням, ківш до 0,65 м3",1000 м3,труд_робітників,Т1,"Труд робітників, розряд 3.0",люд.-год,1.052,95.0,99.94,True
1-2-4,"Розробка ґрунту 1 групи з навантаженням, ківш до 0,65 м3",1000 м3,труд_машиністів,Т2,Труд машиністів,люд.-год,1.539,110.0,169.29,True
1-2-5,"Розробка ґрунту 2 групи з навантаженням, ківш до 0,65 м3",1000 м3,машина,С202-1,"Екскаватор одноковшовий 0,4–0,65 м3",маш.-год,1.5192,1200,1823.02,True
1-2-5,"Розробка ґрунту 2 групи з навантаженням, ківш до 0,65 м3",1000 м3,машина,С311-2,Автосамоскид 10 т,маш.-год,1.2128,700,848.95,True
1-2-5,"Розробка ґрунту 2 групи з навантаженням, ківш до 0,65 м3",1000 м3,матеріал,С300-1,Пальне дизельне (орієнтовно),л,23.22,55,1277.1,True
1-2-5,"Розробка ґрунту 2 групи з навантаженням, ківш до 0,65 м3",1000 м3,матеріал,С300-2,Мастильні матеріали,кг,1.1611,120,139.33,True
1-2-5,"Розробка ґрунту 2 групи з навантаженням, ківш до 0,65 м3",1000 м3,труд_робітників,Т1,"Труд робітників, розряд 3.0",люд.-год,1.026,95.0,97.47,True
1-2-5,"Розробка ґрунту 2 групи з навантаженням, ківш до 0,65 м3",1000 м3,труд_машиністів,Т2,Труд машиністів,люд.-год,1.519,110.0,167.09,True
1-2-6,"Розробка ґрунту 3 групи з навантаженням, ківш до 0,65 м3",1000 м3,машина,С202-1,"Екскаватор одноковшовий 0,4–0,65 м3",маш.-год,1.5418,1200,1850.13,True
1-2-6,"Розробка ґрунту 3 групи з навантаженням, ківш до 0,65 м3",1000 м3,машина,С311-2,Автосамоскид 10 т,маш.-год,1.2278,700,859.49,True
1-2-6,"Розробка ґрунту 3 групи з навантаженням, ківш до 0,65 м3",1000 м3,матеріал,С300-1,Пальне дизельне (орієнтовно),л,23.54,55,1294.7,True
1-2-6,"Розробка ґрунту 3 групи з навантаженням, ківш до 0,65 м3",1000 м3,матеріал,С300-2,Мастильні матеріали,кг,1.1771,120,141.25,True
1-2-6,"Розробка ґрунту 3 групи з навантаженням, ківш до 0,65 м3",1000 м3,труд_робітників,Т1,"Труд робітників, розряд 3.0",люд.-год,1.056,95.0,100.32,True
1-2-6,"Розробка ґрунту 3 групи з навантаженням, ківш до 0,65 м3",1000 м3,труд_машиністів,Т2,Труд машиністів,люд.-год,1.542,110.0,169.62,True
1-2-7,"Розробка ґрунту 1 групи з навантаженням, ківш до 1,0 м3",1000 м3,машина,С202-1,"Екскаватор одноковшовий 0,4–0,65 м3",маш.-год,1.6287,1200,1954.41,True
1-2-7,"Розробка ґрунту 1 групи з навантаженням, ківш до 1,0 м3",1000 м3,машина,С311-2,Автосамоскид 10 т,маш.-год,1.2858,700,900.05,True
1-2-7,"Розробка ґрунту 1 групи з навантаженням, ківш до 1,0 м3",1000 м3,матеріал,С300-1,Пальне дизельне (орієнтовно),л,24.77,55,1362.35,True
1-2-7,"Розробка ґрунту 1 групи з навантаженням, ківш до 1,0 м3",1000 м3,матеріал,С300-2,Мастильні матеріали,кг,1.2387,120,148.64,True
1-2-7,"Розробка ґрунту 1 групи з навантаженням, ківш до 1,0 м3",1000 м3,труд_робітників,Т1,"Труд робітників, розряд 3.0",люд.-год,1.172,95.0,111.34,True
1-2-7,"Розробка ґрунту 1 групи з навантаженням, ківш до 1,0 м3",1000 м3,труд_машиністів,Т2,Труд машиністів,люд.-год,1.629,110.0,179.19,True
1-2-8,"Розробка ґрунту 2 групи з навантаженням, ківш до 1,0 м3",1000 м3,машина,С202-1,"Екскаватор одноковшовий 0,4–0,65 м3",маш.-год,1.7159,1200,2059.02,True
1-2-8,"Розробка ґрунту 2 групи з навантаженням, ківш до 1,0 м3",1000 м3,машина,С311-2,Автосамоскид 10 т,маш.-год,1.3439,700,940.73,True
1-2-8,"Розробка ґрунту 2 групи з навантаженням, ківш до 1,0 м3",1000 м3,матеріал,С300-1,Пальне дизельне (орієнтовно),л,26.01,55,1430.55,True
1-2-8,"Розробка ґрунту 2 групи з навантаженням, ківш до 1,0 м3",1000 м3,матеріал,С300-2,Мастильні матеріали,кг,1.3004,120,156.05,True
1-2-8,"Розробка ґрунту 2 групи з навантаженням, ківш до 1,0 м3",1000 м3,труд_робітників,Т1,"Труд робітників, розряд 3.0",люд.-год,1.288,95.0,122.36,True
1-2-8,"Розробка ґрунту 2 групи з навантаженням, ківш до 1,0 м3",1000 м3,труд_машиністів,Т2,Труд машиністів,люд.-год,1.716,110.0,188.76,True
1-3-1,Розробка і переміщення ґрунту 1 групи бульдозером на відстань до 10 м,1000 м3,машина,С201-1,Бульдозер 79 кВт,маш.-год,1.3482,850,1145.96,True
1-3-1,Розробка і переміщення ґрунту 1 групи бульдозером на відстань до 10 м,1000 м3,матеріал,С300-1,Пальне дизельне (орієнтовно),л,11.46,55,630.3,True
1-3-1,Розробка і переміщення ґрунту 1 групи бульдозером на відстань до 10 м,1000 м3,матеріал,С300-2,Мастильні матеріали,кг,0.573,120,68.76,True
1-3-1,Розробка і переміщення ґрунту 1 групи бульдозером на відстань до 10 м,1000 м3,труд_робітників,Т1,"Труд робітників, розряд 3.0",люд.-год,1.022,95.0,97.09,True
1-3-1,Розробка і переміщення ґрунту 1 групи бульдозером на відстань до 10 м,1000 м3,труд_машиністів,Т2,Труд машиністів,люд.-год,1.348,110.0,148.28,True
1-3-2,Розробка і переміщення ґрунту 2 групи бульдозером на відстань до 10 м,1000 м3,машина,С201-1,Бульдозер 79 кВт,маш.-год,1.2974,850,1102.76,True
1-3-2,Розробка і переміщення ґрунту 2 групи бульдозером на відстань до 10 м,1000 м3,матеріал,С300-1,Пальне дизельне (орієнтовно),л,11.03,55,606.65,True
1-3-2,Розробка і переміщення ґрунту 2 групи бульдозером на відстань до 10 м,1000 м3,матеріал,С300-2,Мастильні матеріали,кг,0.5514,120,66.17,True
1-3-2,Розробка і переміщення ґрунту 2 групи бульдозером на відстань до 10 м,1000 м3,труд_робітників,Т1,"Труд робітників, розряд 3.0",люд.-год,0.946,95.0,89.87,True
1-3-2,Розробка і переміщення ґрунту 2 групи бульдозером на відстань до 10 м,1000 м3,труд_машиністів,Т2,Труд машиністів,люд.-год,1.297,110.0,142.67,True
1-3-3,Розробка і переміщення ґрунту 1 групи бульдозером на відстань до 20 м,1000 м3,машина,С201-1,Бульдозер 79 кВт,маш.-год,1.3032,850,1107.73,True
1-3-3,Розробка і переміщення ґрунту 1 групи бульдозером на відстань до 20 м,1000 м3,матеріал,С300-1,Пальне дизельне (орієнтовно),л,11.08,55,609.4,True
1-3-3,Розробка і переміщення ґрунту 1 групи бульдозером на відстань до 20 м,1000 м3,матеріал,С300-2,Мастильні матеріали,кг,0.5539,120,66.47,True
1-3-3,Розробка і переміщення ґрунту 1 групи бульдозером на відстань до 20 м,1000 м3,труд_робітників,Т1,"Труд робітників, розряд 3.0",люд.-год,0.955,95.0,90.72,True
1-3-3,Розробка і переміщення ґрунту 1 групи бульдозером на відстань до 20 м,1000 м3,труд_машиністів,Т2,Труд машиністів,люд.-год,1.303,110.0,143.33,True
1-3-4,Розробка і переміщення ґрунту 2 групи бульдозером на відстань до 20 м,1000 м3,машина,С201-1,Бульдозер 79 кВт,маш.-год,1.3849,850,1177.14,True
1-3-4,Розробка і переміщення ґрунту 2 групи бульдозером на відстань до 20 м,1000 м3,матеріал,С300-1,Пальне дизельне (орієнтовно),л,11.77,55,647.35,True
1-3-4,Розробка і переміщення ґрунту 2 групи бульдозером на відстань до 20 м,1000 м3,матеріал,С300-2,Мастильні матеріали,кг,0.5886,120,70.63,True
1-3-4,Розробка і переміщення ґрунту 2 групи бульдозером на відстань до 20 м,1000 м3,труд_робітників,Т1,"Труд робітників, розряд 3.0",люд.-год,1.077,95.0,102.31,True
1-3-4,Розробка і переміщення ґрунту 2 групи бульдозером на відстань до 20 м,1000 м3,труд_машиністів,Т2,Труд машиністів,люд.-год,1.385,110.0,152.35,True
1-3-5,Розробка і переміщення ґрунту 1 групи бульдозером на відстань до 40 м,1000 м3,машина,С201-1,Бульдозер 79 кВт,маш.-год,1.3223,850,1123.97,True
1-3-5,Розробка і переміщення ґрунту 1 групи бульдозером на відстань до 40 м,1000 м3,матеріал,С300-1,Пальне дизельне (орієнтовно),л,11.24,55,618.2,True
1-3-5,Розробка і переміщення ґрунту 1 групи бульдозером на відстань до 40 м,1000 м3,матеріал,С300-2,Мастильні матеріали,кг,0.562,120,67.44,True
1-3-5,Розробка і переміщення ґрунту 1 групи бульдозером на відстань до 40 м,1000 м3,труд_робітників,Т1,"Труд робітників, розряд 3.0",люд.-год,0.983,95.0,93.39,True
1-3-5,Розробка і переміщення ґрунту 1 групи бульдозером на відстань до 40 м,1000 м3,труд_машиністів,Т2,Труд машиністів,люд.-год,1.322,110.0,145.42,True
1-3-6,Розробка і переміщення ґрунту 2 групи бульдозером на відстань до 40 м,1000 м3,машина,С201-1,Бульдозер 79 кВт,маш.-год,1.2263,850,1042.38,True
1-3-6,Розробка і переміщення ґрунту 2 групи бульдозером на відстань до 40 м,1000 м3,матеріал,С300-1,Пальне дизельне (орієнтовно),л,10.42,55,573.1,True
1-3-6,Розробка і переміщення ґрунту 2 групи бульдозером на відстань до 40 м,1000 м3,матеріал,С300-2,Мастильні матеріали,кг,0.5212,120,62.54,True
1-3-6,Розробка і переміщення ґрунту 2 групи бульдозером на відстань до 40 м,1000 м3,труд_робітників,Т1,"Труд робітників, розряд 3.0",люд.-год,0.839,95.0,79.7,True
1-3-6,Розробка і переміщення ґрунту 2 групи бульдозером на відстань до 40 м,1000 м3,труд_машиністів,Т2,Труд машиністів,люд.-год,1.226,110.0,134.86,True
1-3-7,Планування площ бульдозером,1000 м2,машина,С201-1,Бульдозер 79 кВт,маш.-год,1.3261,850,1127.17,True
1-3-7,Планування площ бульдозером,1000 м2,матеріал,С300-1,Пальне дизельне (орієнтовно),л,11.27,55,619.85,True
1-3-7,Планування площ бульдозером,1000 м2,матеріал,С300-2,Мастильні матеріали,кг,0.5636,120,67.63,True
1-3-7,Планування площ бульдозером,1000 м2,труд_робітників,Т1,"Труд робітників, розряд 3.0",люд.-год,0.989,95.0,93.95,True
1-3-7,Планування площ бульдозером,1000 м2,труд_машиністів,Т2,Труд машиністів,люд.-год,1.326,110.0,145.86,True
1-3-8,Зачищення дна котловану бульдозером,1000 м2,машина,С201-1,Бульдозер 79 кВт,маш.-год,1.2681,850,1077.88,True
1-3-8,Зачищення дна котловану бульдозером,1000 м2,матеріал,С300-1,Пальне дизельне (орієнтовно),л,10.78,55,592.9,True
1-3-8,Зачищення дна котловану бульдозером,1000 м2,матеріал,С300-2,Мастильні матеріали,кг,0.5389,120,64.67,True
1-3-8,Зачищення дна котловану бульдозером,1000 м2,труд_робітників,Т1,"Труд робітників, розряд 3.0",люд.-год,0.902,95.0,85.69,True
1-3-8,Зачищення дна котловану бульдозером,1000 м2,труд_машиністів,Т2,Труд машиністів,люд.-год,1.268,110.0,139.48,True
1-4-1,"Розробка ґрунту 1 групи вручну в котлованах глибиною до 1,5 м",100 м3,матеріал,С311-1,Перевезення ґрунту (за потреби),т,0.0,,,True
1-4-1,"Розробка ґрунту 1 групи вручну в котлованах глибиною до 1,5 м",100 м3,труд_робітників,Т1,"Труд робітників, розряд 2.5",люд.-год,45.478,95.0,4320.41,True
1-4-2,"Розробка ґрунту 2 групи вручну в котлованах глибиною до 1,5 м",100 м3,матеріал,С311-1,Перевезення ґрунту (за потреби),т,0.0,,,True
1-4-2,"Розробка ґрунту 2 групи вручну в котлованах глибиною до 1,5 м",100 м3,труд_робітників,Т1,"Труд робітників, розряд 2.5",люд.-год,53.992,95.0,5129.24,True
1-4-3,"Розробка ґрунту 3 групи вручну в котлованах глибиною до 1,5 м",100 м3,матеріал,С311-1,Перевезення ґрунту (за потреби),т,0.0,,,True
1-4-3,"Розробка ґрунту 3 групи вручну в котлованах глибиною до 1,5 м",100 м3,труд_робітників,Т1,"Труд робітників, розряд 2.5",люд.-год,46.523,95.0,4419.69,True
1-4-4,"Розробка ґрунту 1 групи вручну в котлованах глибиною понад 1,5 м",100 м3,матеріал,С311-1,Перевезення ґрунту (за потреби),т,0.0,,,True
1-4-4,"Розробка ґрунту 1 групи вручну в котлованах глибиною понад 1,5 м",100 м3,труд_робітників,Т1,"Труд робітників, розряд 2.5",люд.-год,48.932,95.0,4648.54,True
1-4-5,"Розробка ґрунту 2 групи вручну в котлованах глибиною понад 1,5 м",100 м3,матеріал,С311-1,Перевезення ґрунту (за потреби),т,0.0,,,True
1-4-5,"Розробка ґрунту 2 групи вручну в котлованах глибиною понад 1,5 м",100 м3,труд_робітників,Т1,"Труд робітників, розряд 2.5",люд.-год,53.084,95.0,5042.98,True
1-4-6,Розробка ґрунту 1 групи вручну в траншеях шириною до 1 м,100 м3,матеріал,С311-1,Перевезення ґрунту (за потреби),т,0.0,,,True
1-4-6,Розробка ґрунту 1 групи вручну в траншеях шириною до 1 м,100 м3,труд_робітників,Т1,"Труд робітників, розряд 2.5",люд.-год,50.187,95.0,4767.76,True
1-4-7,Розробка ґрунту 2 групи вручну в траншеях шириною до 1 м,100 м3,матеріал,С311-1,Перевезення ґрунту (за потреби),т,0.0,,,True
1-4-7,Розробка ґрунту 2 групи вручну в траншеях шириною до 1 м,100 м3,труд_робітників,Т1,"Труд робітників, розряд 2.5",люд.-год,51.061,95.0,4850.8,True
1-4-8,Розробка ґрунту 3 групи вручну в траншеях шириною до 1 м,100 м3,матеріал,С311-1,Перевезення ґрунту (за потреби),т,0.0,,,True
1-4-8,Розробка ґрунту 3 групи вручну в траншеях шириною до 1 м,100 м3,труд_робітників,Т1,"Труд робітників, розряд 2.5",люд.-год,54.856,95.0,5211.32,True
1-4-9,Зачищення дна і укосів котлованів і траншей вручну,100 м2,матеріал,С311-1,Перевезення ґрунту (за потреби),т,0.0,,,True
1-4-9,Зачищення дна і укосів котлованів і траншей вручну,100 м2,труд_робітників,Т1,"Труд робітників, розряд 2.5",люд.-год,45.967,95.0,4366.86,True
1-4-10,Кріплення стінок траншей інвентарними щитами,100 м2,машина,С201-2,Бульдозер / трамбівка,маш.-год,0.5,600,300.0,True
1-4-10,Кріплення стінок траншей інвентарними щитами,100 м2,матеріал,С300-1,Пальне дизельне (орієнтовно),л,4.25,55,233.75,True
1-4-10,Кріплення стінок траншей інвентарними щитами,100 м2,матеріал,С300-2,Мастильні матеріали,кг,0.2125,120,25.5,True
1-4-10,Кріплення стінок траншей інвентарними щитами,100 м2,труд_робітників,Т1,"Труд робітників, розряд 2.8",люд.-год,10.08,95.0,957.6,True
1-4-10,Кріплення стінок траншей інвентарними щитами,100 м2,труд_машиністів,Т2,Труд машиністів,люд.-год,0.5,110.0,55.0,True
1-5-1,Засипання пазух котлованів ґрунтом з ущільненням вручну шарами до 20 см,100 м3,матеріал,С311-1,Перевезення ґрунту (за потреби),т,0.0,,,True
1-5-1,Засипання пазух котлованів ґрунтом з ущільненням вручну шарами до 20 см,100 м3,труд_робітників,Т1,"Труд робітників, розряд 2.5",люд.-год,52.645,95.0,5001.28,True
1-5-2,Засипання пазух котлованів бульдозером з ущільненням,100 м3,машина,С201-1,Бульдозер 79 кВт,маш.-год,1.2088,850,1027.47,True
1-5-2,Засипання пазух котлованів бульдозером з ущільненням,100 м3,матеріал,С300-1,Пальне дизельне (орієнтовно),л,10.27,55,564.85,True
1-5-2,Засипання пазух котлованів бульдозером з ущільненням,100 м3,матеріал,С300-2,Мастильні матеріали,кг,0.5137,120,61.64,True
1-5-2,Засипання пазух котлованів бульдозером з ущільненням,100 м3,труд_робітників,Т1,"Труд робітників, розряд 3.0",люд.-год,0.813,95.0,77.23,True
1-5-2,Засипання пазух котлованів бульдозером з ущільненням,100 м3,труд_машиністів,Т2,Труд машиністів,люд.-год,1.209,110.0,132.99,True
1-5-3,Ущільнення ґрунту пневмотрамбівками,100 м3,машина,С201-2,Бульдозер / трамбівка,маш.-год,0.5,600,300.0,True
1-5-3,Ущільнення ґрунту пневмотрамбівками,100 м3,матеріал,С300-1,Пальне дизельне (орієнтовно),л,4.25,55,233.75,True
1-5-3,Ущільнення ґрунту пневмотрамбівками,100 м3,матеріал,С300-2,Мастильні матеріали,кг,0.2125,120,25.5,True
1-5-3,Ущільнення ґрунту пневмотрамбівками,100 м3,труд_робітників,Т1,"Труд робітників, розряд 2.8",люд.-год,9.134,95.0,867.73,True
1-5-3,Ущільнення ґрунту пневмотрамбівками,100 м3,труд_машиністів,Т2,Труд машиністів,люд.-год,0.5,110.0,55.0,True
1-5-4,Ущільнення ґрунту віброплитами,100 м3,машина,С201-2,Бульдозер / трамбівка,маш.-год,0.5,600,300.0,True
1-5-4,Ущільнення ґрунту віброплитами,100 м3,матеріал,С300-1,Пальне дизельне (орієнтовно),л,4.25,55,233.75,True
1-5-4,Ущільнення ґрунту віброплитами,100 м3,матеріал,С300-2,Мастильні матеріали,кг,0.2125,120,25.5,True
1-5-4,Ущільнення ґрунту віброплитами,100 м3,труд_робітників,Т1,"Труд робітників, розряд 2.8",люд.-год,9.602,95.0,912.19,True
1-5-4,Ущільнення ґрунту віброплитами,100 м3,труд_машиністів,Т2,Труд машиністів,люд.-год,0.5,110.0,55.0,True
1-5-5,Ущільнення ґрунту катками,1000 м3,машина,С201-2,Бульдозер / трамбівка,маш.-год,0.5,600,300.0,True
1-5-5,Ущільнення ґрунту катками,1000 м3,матеріал,С300-1,Пальне дизельне (орієнтовно),л,4.25,55,233.75,True
1-5-5,Ущільнення ґрунту катками,1000 м3,матеріал,С300-2,Мастильні матеріали,кг,0.2125,120,25.5,True
1-5-5,Ущільнення ґрунту катками,1000 м3,труд_робітників,Т1,"Труд робітників, розряд 2.8",люд.-год,9.296,95.0,883.12,True
1-5-5,Ущільнення ґрунту катками,1000 м3,труд_машиністів,Т2,Труд машиністів,люд.-год,0.5,110.0,55.0,True
1-5-6,Підсипання піщаної подушки під фундаменти з ущільненням,100 м3,машина,С201-2,Бульдозер / трамбівка,маш.-год,0.5,600,300.0,True
1-5-6,Підсипання піщаної подушки під фундаменти з ущільненням,100 м3,матеріал,С300-1,Пальне дизельне (орієнтовно),л,4.25,55,233.75,True
1-5-6,Підсипання піщаної подушки під фундаменти з ущільненням,100 м3,матеріал,С300-2,Мастильні матеріали,кг,0.2125,120,25.5,True
1-5-6,Підсипання піщаної подушки під фундаменти з ущільненням,100 м3,труд_робітників,Т1,"Труд робітників, розряд 2.8",люд.-год,8.785,95.0,834.58,True
1-5-6,Підсипання піщаної подушки під фундаменти з ущільненням,100 м3,труд_машиністів,Т2,Труд машиністів,люд.-год,0.5,110.0,55.0,True
1-6-1,Навантаження ґрунту екскаватором у автосамоскиди,1000 м3,машина,С202-1,"Екскаватор одноковшовий 0,4–0,65 м3",маш.-год,1.5802,1200,1896.3,True
1-6-1,Навантаження ґрунту екскаватором у автосамоскиди,1000 м3,машина,С311-2,Автосамоскид 10 т,маш.-год,1.2535,700,877.45,True
1-6-1,Навантаження ґрунту екскаватором у автосамоскиди,1000 м3,матеріал,С300-1,Пальне дизельне (орієнтовно),л,24.09,55,1324.95,True
1-6-1,Навантаження ґрунту екскаватором у автосамоскиди,1000 м3,матеріал,С300-2,Мастильні матеріали,кг,1.2043,120,144.52,True
1-6-1,Навантаження ґрунту екскаватором у автосамоскиди,1000 м3,труд_робітників,Т1,"Труд робітників, розряд 3.0",люд.-год,1.107,95.0,105.16,True
1-6-1,Навантаження ґрунту екскаватором у автосамоскиди,1000 м3,труд_машиністів,Т2,Труд машиністів,люд.-год,1.58,110.0,173.8,True
1-6-2,Перевезення ґрунту автосамоскидами на відстань до 1 км,1000 м3,матеріал,С301-1,Допоміжні матеріали,компл,1.0,150,150.0,True
1-6-2,Перевезення ґрунту автосамоскидами на відстань до 1 км,1000 м3,труд_робітників,Т1,"Труд робітників, розряд 3.2",люд.-год,3.039,95.0,288.71,True
1-6-3,Додавати на кожний наступний 1 км перевезення до 10 км,1000 м3,матеріал,С301-1,Допоміжні матеріали,компл,1.0,150,150.0,True
1-6-3,Додавати на кожний наступний 1 км перевезення до 10 км,1000 м3,труд_робітників,Т1,"Труд робітників, розряд 3.2",люд.-год,2.815,95.0,267.43,True
1-6-4,Додавати на кожний наступний 1 км перевезення понад 10 км,1000 м3,матеріал,С301-1,Допоміжні матеріали,компл,1.0,150,150.0,True
1-6-4,Додавати на кожний наступний 1 км перевезення понад 10 км,1000 м3,труд_робітників,Т1,"Труд робітників, розряд 3.2",люд.-год,2.989,95.0,283.95,True
1-6-5,Перевезення будівельного сміття автосамоскидами до 1 км,1000 м3,матеріал,С301-1,Допоміжні матеріали,компл,1.0,150,150.0,True
1-6-5,Перевезення будівельного сміття автосамоскидами до 1 км,1000 м3,труд_робітників,Т1,"Труд робітників, розряд 3.2",люд.-год,2.737,95.0,260.01,True
1-7-1,Водовідлив з котлованів насосами продуктивністю до 50 м3/год,100 маш.-год,машина,С201-2,Бульдозер / трамбівка,маш.-год,0.5,600,300.0,True
1-7-1,Водовідлив з котлованів насосами продуктивністю до 50 м3/год,100 маш.-год,матеріал,С300-1,Пальне дизельне (орієнтовно),л,4.25,55,233.75,True
1-7-1,Водовідлив з котлованів насосами продуктивністю до 50 м3/год,100 маш.-год,матеріал,С300-2,Мастильні матеріали,кг,0.2125,120,25.5,True
1-7-1,Водовідлив з котлованів насосами продуктивністю до 50 м3/год,100 маш.-год,труд_робітників,Т1,"Труд робітників, розряд 2.8",люд.-год,9.554,95.0,907.63,True
1-7-1,Водовідлив з котлованів насосами продуктивністю до 50 м3/год,100 маш.-год,труд_машиністів,Т2,Труд машиністів,люд.-год,0.5,110.0,55.0,True
1-7-2,Зрізання рослинного шару бульдозером з переміщенням до 20 м,1000 м2,машина,С201-1,Бульдозер 79 кВт,маш.-год,1.2578,850,1069.15,True
1-7-2,Зрізання рослинного шару бульдозером з переміщенням до 20 м,1000 м2,матеріал,С300-1,Пальне дизельне (орієнтовно),л,10.69,55,587.95,True
1-7-2,Зрізання рослинного шару бульдозером з переміщенням до 20 м,1000 м2,матеріал,С300-2,Мастильні матеріали,кг,0.5346,120,64.15,True
1-7-2,Зрізання рослинного шару бульдозером з переміщенням до 20 м,1000 м2,труд_робітників,Т1,"Труд робітників, розряд 3.0",люд.-год,0.887,95.0,84.27,True
1-7-2,Зрізання рослинного шару бульдозером з переміщенням до 20 м,1000 м2,труд_машиністів,Т2,Труд машиністів,люд.-год,1.258,110.0,138.38,True
1-7-3,Корчування пнів діаметром до 30 см,шт,матеріал,С190-1,Прилад санітарний / опалювальний,шт,1.0,3500,3500.0,True
1-7-3,Корчування пнів діаметром до 30 см,шт,матеріал,С191-1,Підводка / кріплення / арматура,компл,1.0,650,650.0,True
1-7-3,Корчування пнів діаметром до 30 см,шт,матеріал,С192-1,Герметик / ущільнювачі,компл,1.0,80,80.0,True
1-7-3,Корчування пнів діаметром до 30 см,шт,труд_робітників,Т1,"Труд робітників, розряд 4.0",люд.-год,4.044,95.0,384.18,True
1-7-4,Влаштування тимчасових землевозних доріг,100 м,матеріал,С190-1,Прилад санітарний / опалювальний,шт,1.0,3500,3500.0,True
1-7-4,Влаштування тимчасових землевозних доріг,100 м,матеріал,С191-1,Підводка / кріплення / арматура,компл,1.0,650,650.0,True
1-7-4,Влаштування тимчасових землевозних доріг,100 м,матеріал,С192-1,Герметик / ущільнювачі,компл,1.0,80,80.0,True
1-7-4,Влаштування тимчасових землевозних доріг,100 м,труд_робітників,Т1,"Труд робітників, розряд 4.0",люд.-год,4.191,95.0,398.14,True
2-1-1,Розробка розкриву екскаватором з ковшем до 1 м3 у відвал,1000 м3,машина,С202-1,"Екскаватор одноковшовий 0,4–0,65 м3",маш.-год,1.5486,1200,1858.27,False
2-1-1,Розробка розкриву екскаватором з ковшем до 1 м3 у відвал,1000 м3,машина,С311-2,Автосамоскид 10 т,маш.-год,1.2324,700,862.66,False
2-1-1,Розробка розкриву екскаватором з ковшем до 1 м3 у відвал,1000 м3,матеріал,С300-1,Пальне дизельне (орієнтовно),л,23.64,55,1300.2,False
2-1-1,Розробка розкриву екскаватором з ковшем до 1 м3 у відвал,1000 м3,матеріал,С300-2,Мастильні матеріали,кг,1.1819,120,141.83,False
2-1-1,Розробка розкриву екскаватором з ковшем до 1 м3 у відвал,1000 м3,труд_робітників,Т1,"Труд робітників, розряд 3.0",люд.-год,1.065,95.0,101.17,False
2-1-1,Розробка розкриву екскаватором з ковшем до 1 м3 у відвал,1000 м3,труд_машиністів,Т2,Труд машиністів,люд.-год,1.549,110.0,170.39,False
2-1-2,"Розробка розкриву екскаватором з ковшем до 2,5 м3 у відвал",1000 м3,машина,С202-1,"Екскаватор одноковшовий 0,4–0,65 м3",маш.-год,1.6517,1200,1982.0,False
2-1-2,"Розробка розкриву екскаватором з ковшем до 2,5 м3 у відвал",1000 м3,машина,С311-2,Автосамоскид 10 т,маш.-год,1.3011,700,910.78,False
2-1-2,"Розробка розкриву екскаватором з ковшем до 2,5 м3 у відвал",1000 м3,матеріал,С300-1,Пальне дизельне (орієнтовно),л,25.1,55,1380.5,False
2-1-2,"Розробка розкриву екскаватором з ковшем до 2,5 м3 у відвал",1000 м3,матеріал,С300-2,Мастильні матеріали,кг,1.2549,120,150.59,False
2-1-2,"Розробка розкриву екскаватором з ковшем до 2,5 м3 у відвал",1000 м3,труд_робітників,Т1,"Труд робітників, розряд 3.0",люд.-год,1.202,95.0,114.19,False
2-1-2,"Розробка розкриву екскаватором з ковшем до 2,5 м3 у відвал",1000 м3,труд_машиністів,Т2,Труд машиністів,люд.-год,1.652,110.0,181.72,False
2-1-3,Розробка розкриву з навантаженням у транспорт,1000 м3,машина,С202-1,"Екскаватор одноковшовий 0,4–0,65 м3",маш.-год,1.7859,1200,2143.07,False
2-1-3,Розробка розкриву з навантаженням у транспорт,1000 м3,машина,С311-2,Автосамоскид 10 т,маш.-год,1.3906,700,973.42,False
2-1-3,Розробка розкриву з навантаженням у транспорт,1000 м3,матеріал,С300-1,Пальне дизельне (орієнтовно),л,27.0,55,1485.0,False
2-1-3,Розробка розкриву з навантаженням у транспорт,1000 м3,матеріал,С300-2,Мастильні матеріали,кг,1.35,120,162.0,False
2-1-3,Розробка розкриву з навантаженням у транспорт,1000 м3,труд_робітників,Т1,"Труд робітників, розряд 3.0",люд.-год,1.381,95.0,131.19,False
2-1-3,Розробка розкриву з навантаженням у транспорт,1000 м3,труд_машиністів,Т2,Труд машиністів,люд.-год,1.786,110.0,196.46,False
2-1-4,Розробка розкриву драглайном,1000 м3,машина,С201-2,Бульдозер / трамбівка,маш.-год,0.5,600,300.0,False
2-1-4,Розробка розкриву драглайном,1000 м3,матеріал,С300-1,Пальне дизельне (орієнтовно),л,4.25,55,233.75,False
2-1-4,Розробка розкриву драглайном,1000 м3,матеріал,С300-2,Мастильні матеріали,кг,0.2125,120,25.5,False
2-1-4,Розробка розкриву драглайном,1000 м3,труд_робітників,Т1,"Труд робітників, розряд 2.8",люд.-год,8.169,95.0,776.06,False
2-1-4,Розробка розкриву драглайном,1000 м3,труд_машиністів,Т2,Труд машиністів,люд.-год,0.5,110.0,55.0,False
2-2-1,Розробка і переміщення розкриву бульдозером до 20 м,1000 м3,машина,С201-1,Бульдозер 79 кВт,маш.-год,1.2554,850,1067.06,False
2-2-1,Розробка і переміщення розкриву бульдозером до 20 м,1000 м3,матеріал,С300-1,Пальне дизельне (орієнтовно),л,10.67,55,586.85,False
2-2-1,Розробка і переміщення розкриву бульдозером до 20 м,1000 м3,матеріал,С300-2,Мастильні матеріали,кг,0.5335,120,64.02,False
2-2-1,Розробка і переміщення розкриву бульдозером до 20 м,1000 м3,труд_робітників,Т1,"Труд робітників, розряд 3.0",люд.-год,0.883,95.0,83.89,False
2-2-1,Розробка і переміщення розкриву бульдозером до 20 м,1000 м3,труд_машиністів,Т2,Труд машиністів,люд.-год,1.255,110.0,138.05,False
2-2-2,Розробка і переміщення розкриву бульдозером до 50 м,1000 м3,машина,С201-1,Бульдозер 79 кВт,маш.-год,1.332,850,1132.18,False
2-2-2,Розробка і переміщення розкриву бульдозером до 50 м,1000 м3,матеріал,С300-1,Пальне дизельне (орієнтовно),л,11.32,55,622.6,False
2-2-2,Розробка і переміщення розкриву бульдозером до 50 м,1000 м3,матеріал,С300-2,Мастильні матеріали,кг,0.5661,120,67.93,False
2-2-2,Розробка і переміщення розкриву бульдозером до 50 м,1000 м3,труд_робітників,Т1,"Труд робітників, розряд 3.0",люд.-год,0.998,95.0,94.81,False
2-2-2,Розробка і переміщення розкриву бульдозером до 50 м,1000 м3,труд_машиністів,Т2,Труд машиністів,люд.-год,1.332,110.0,146.52,False
2-2-3,Розробка розкриву скреперами,1000 м3,машина,С201-2,Бульдозер / трамбівка,маш.-год,0.5,600,300.0,False
2-2-3,Розробка розкриву скреперами,1000 м3,матеріал,С300-1,Пальне дизельне (орієнтовно),л,4.25,55,233.75,False
2-2-3,Розробка розкриву скреперами,1000 м3,матеріал,С300-2,Мастильні матеріали,кг,0.2125,120,25.5,False
2-2-3,Розробка розкриву скреперами,1000 м3,труд_робітників,Т1,"Труд робітників, розряд 2.8",люд.-год,8.741,95.0,830.39,False
2-2-3,Розробка розкриву скреперами,1000 м3,труд_машиністів,Т2,Труд машиністів,люд.-год,0.5,110.0,55.0,False
2-3-1,Улаштування породних відвалів,1000 м3,матеріал,С190-1,Прилад санітарний / опалювальний,шт,1.0,3500,3500.0,False
2-3-1,Улаштування породних відвалів,1000 м3,матеріал,С191-1,Підводка / кріплення / арматура,компл,1.0,650,650.0,False
2-3-1,Улаштування породних відвалів,1000 м3,матеріал,С192-1,Герметик / ущільнювачі,компл,1.0,80,80.0,False
2-3-1,Улаштування породних відвалів,1000 м3,труд_робітників,Т1,"Труд робітників, розряд 4.0",люд.-год,3.72,95.0,353.4,False
2-3-2,Планування відвалів,1000 м3,машина,С201-2,Бульдозер / трамбівка,маш.-год,0.5,600,300.0,False
2-3-2,Планування відвалів,1000 м3,матеріал,С300-1,Пальне дизельне (орієнтовно),л,4.25,55,233.75,False
2-3-2,Планування відвалів,1000 м3,матеріал,С300-2,Мастильні матеріали,кг,0.2125,120,25.5,False
2-3-2,Планування відвалів,1000 м3,труд_робітників,Т1,"Труд робітників, розряд 2.8",люд.-год,8.213,95.0,780.23,False
2-3-2,Планування відвалів,1000 м3,труд_машиністів,Т2,Труд машиністів,люд.-год,0.5,110.0,55.0,False
2-3-3,Нанесення родючого шару при рекультивації,1000 м3,матеріал,С301-1,Допоміжні матеріали,компл,1.0,150,150.0,False
2-3-3,Нанесення родючого шару при рекультивації,1000 м3,труд_робітників,Т1,"Труд робітників, розряд 3.2",люд.-год,2.542,95.0,241.49,False
3-1-1,Буріння шпурів у ґрунтах середньої міцності,100 м,матеріал,С301-1,Допоміжні матеріали,компл,1.0,150,150.0,False
3-1-1,Буріння шпурів у ґрунтах середньої міцності,100 м,труд_робітників,Т1,"Труд робітників, розряд 3.2",люд.-год,2.987,95.0,283.76,False
3-1-2,Буріння шпурів у скельних породах,100 м,матеріал,С301-1,Допоміжні матеріали,компл,1.0,150,150.0,False
3-1-2,Буріння шпурів у скельних породах,100 м,труд_робітників,Т1,"Труд робітників, розряд 3.2",люд.-год,3.487,95.0,331.26,False
3-1-3,Буріння свердловин для висадження,100 м,матеріал,С301-1,Допоміжні матеріали,компл,1.0,150,150.0,False
3-1-3,Буріння свердловин для висадження,100 м,труд_робітників,Т1,"Труд робітників, розряд 3.2",люд.-год,3.27,95.0,310.65,False
3-2-1,Розпушування ґрунтів вибухом на викид,м3,матеріал,С190-1,Прилад санітарний / опалювальний,шт,1.0,3500,3500.0,False
3-2-1,Розпушування ґрунтів вибухом на викид,м3,матеріал,С191-1,Підводка / кріплення / арматура,компл,1.0,650,650.0,False
3-2-1,Розпушування ґрунтів вибухом на викид,м3,матеріал,С192-1,Герметик / ущільнювачі,компл,1.0,80,80.0,False
3-2-1,Розпушування ґрунтів вибухом на викид,м3,труд_робітників,Т1,"Труд робітників, розряд 4.0",люд.-год,3.779,95.0,359.0,False
3-2-2,Розпушування скельних порід вибухом,м3,матеріал,С190-1,Прилад санітарний / опалювальний,шт,1.0,3500,3500.0,False
3-2-2,Розпушування скельних порід вибухом,м3,матеріал,С191-1,Підводка / кріплення / арматура,компл,1.0,650,650.0,False
3-2-2,Розпушування скельних порід вибухом,м3,матеріал,С192-1,Герметик / ущільнювачі,компл,1.0,80,80.0,False
3-2-2,Розпушування скельних порід вибухом,м3,труд_робітників,Т1,"Труд робітників, розряд 4.0",люд.-год,3.709,95.0,352.36,False
3-2-3,Дроблення негабариту,м3,матеріал,С301-1,Допоміжні матеріали,компл,1.0,150,150.0,False
3-2-3,Дроблення негабариту,м3,труд_робітників,Т1,"Труд робітників, розряд 3.2",люд.-год,3.031,95.0,287.94,False
3-3-1,Заряджання шпурів,компл,матеріал,С301-1,Допоміжні матеріали,компл,1.0,150,150.0,False
3-3-1,Заряджання шпурів,компл,труд_робітників,Т1,"Труд робітників, розряд 3.2",люд.-год,3.129,95.0,297.25,False
3-3-2,Маркшейдерська розбивка буропідривного блоку,компл,машина,С212-1,Підйомник / кран (подача матеріалів),маш.-год,0.15,900,135.0,False
3-3-2,Маркшейдерська розбивка буропідривного блоку,компл,матеріал,С137-1,Цегла керамічна рядова 250×120×65,шт,409.81,12,4917.72,False
3-3-2,Маркшейдерська розбивка буропідривного блоку,компл,матеріал,С135-1,Розчин мурувальний М50–М75,м3,0.24,2200,528.0,False
3-3-2,Маркшейдерська розбивка буропідривного блоку,компл,матеріал,С138-1,Вода,м3,0.15,40,6.0,False
3-3-2,Маркшейдерська розбивка буропідривного блоку,компл,труд_робітників,Т1,"Труд робітників, розряд 3.5",люд.-год,5.585,95.0,530.58,False
3-3-2,Маркшейдерська розбивка буропідривного блоку,компл,труд_машиністів,Т2,Труд машиністів,люд.-год,0.15,110.0,16.5,False
4-1-1,Буріння свердловин роторне в м'яких ґрунтах,м,матеріал,С301-1,Допоміжні матеріали,компл,1.0,150,150.0,False
4-1-1,Буріння свердловин роторне в м'яких ґрунтах,м,труд_робітників,Т1,"Труд робітників, розряд 3.2",люд.-год,3.101,95.0,294.59,False
4-1-2,Буріння свердловин роторне в твердих ґрунтах,м,матеріал,С301-1,Допоміжні матеріали,компл,1.0,150,150.0,False
4-1-2,Буріння свердловин роторне в твердих ґрунтах,м,труд_робітників,Т1,"Труд робітників, розряд 3.2",люд.-год,3.386,95.0,321.67,False
4-1-3,Буріння свердловин ударно-канатне,м,матеріал,С301-1,Допоміжні матеріали,компл,1.0,150,150.0,False
4-1-3,Буріння свердловин ударно-канатне,м,труд_робітників,Т1,"Труд робітників, розряд 3.2",люд.-год,3.273,95.0,310.94,False
4-1-4,Буріння свердловин колонкове,м,матеріал,С301-1,Допоміжні матеріали,компл,1.0,150,150.0,False
4-1-4,Буріння свердловин колонкове,м,труд_робітників,Т1,"Труд робітників, розряд 3.2",люд.-год,2.511,95.0,238.55,False
4-2-1,Опускання обсадних труб,м / шт,матеріал,С193-1,Труби (сталь/ППР/ПВХ/ПЕ),м,1.05,120,126.0,False
4-2-1,Опускання обсадних труб,м / шт,матеріал,С194-1,Фітинги та арматура,компл,1.0,350,350.0,False
4-2-1,Опускання обсадних труб,м / шт,матеріал,С195-1,Кріплення / ізоляція,компл,1.0,90,90.0,False
4-2-1,Опускання обсадних труб,м / шт,труд_робітників,Т1,"Труд робітників, розряд 3.8",люд.-год,2.452,95.0,232.94,False
4-2-2,Цементування затрубного простору,м / шт,матеріал,С190-1,Прилад санітарний / опалювальний,шт,1.0,3500,3500.0,False
4-2-2,Цементування затрубного простору,м / шт,матеріал,С191-1,Підводка / кріплення / арматура,компл,1.0,650,650.0,False
4-2-2,Цементування затрубного простору,м / шт,матеріал,С192-1,Герметик / ущільнювачі,компл,1.0,80,80.0,False
4-2-2,Цементування затрубного простору,м / шт,труд_робітників,Т1,"Труд робітників, розряд 4.0",люд.-год,4.283,95.0,406.89,False
4-2-3,Установлення фільтрів,м / шт,матеріал,С301-1,Допоміжні матеріали,компл,1.0,150,150.0,False
4-2-3,Установлення фільтрів,м / шт,труд_робітників,Т1,"Труд робітників, розряд 3.2",люд.-год,2.55,95.0,242.25,False
4-2-4,Улаштування гирла свердловини,м / шт,матеріал,С190-1,Прилад санітарний / опалювальний,шт,1.0,3500,3500.0,False
4-2-4,Улаштування гирла свердловини,м / шт,матеріал,С191-1,Підводка / кріплення / арматура,компл,1.0,650,650.0,False
4-2-4,Улаштування гирла свердловини,м / шт,матеріал,С192-1,Герметик / ущільнювачі,компл,1.0,80,80.0,False
4-2-4,Улаштування гирла свердловини,м / шт,труд_робітників,Т1,"Труд робітників, розряд 4.0",люд.-год,3.571,95.0,339.25,False
4-3-1,Пробне відкачування,шт,матеріал,С190-1,Прилад санітарний / опалювальний,шт,1.0,3500,3500.0,False
4-3-1,Пробне відкачування,шт,матеріал,С191-1,Підводка / кріплення / арматура,компл,1.0,650,650.0,False
4-3-1,Пробне відкачування,шт,матеріал,С192-1,Герметик / ущільнювачі,компл,1.0,80,80.0,False
4-3-1,Пробне відкачування,шт,труд_робітників,Т1,"Труд робітників, розряд 4.0",люд.-год,3.992,95.0,379.24,False
4-3-2,Дослідне відкачування,шт,матеріал,С190-1,Прилад санітарний / опалювальний,шт,1.0,3500,3500.0,False
4-3-2,Дослідне відкачування,шт,матеріал,С191-1,Підводка / кріплення / арматура,компл,1.0,650,650.0,False
4-3-2,Дослідне відкачування,шт,матеріал,С192-1,Герметик / ущільнювачі,компл,1.0,80,80.0,False
4-3-2,Дослідне відкачування,шт,труд_робітників,Т1,"Труд робітників, розряд 4.0",люд.-год,3.647,95.0,346.46,False
4-3-3,Геофізичні дослідження свердловин,шт,матеріал,С301-1,Допоміжні матеріали,компл,1.0,150,150.0,False
4-3-3,Геофізичні дослідження свердловин,шт,труд_робітників,Т1,"Труд робітників, розряд 3.2",люд.-год,3.099,95.0,294.41,False
5-1-1,Занурення залізобетонних паль молотами,м3,машина,С210-1,Кран / бетононасос,маш.-год,0.6,1500,900.0,True
5-1-1,Занурення залізобетонних паль молотами,м3,машина,С211-1,Вібратор глибинний,маш.-год,0.8,120,96.0,True
5-1-1,Занурення залізобетонних паль молотами,м3,матеріал,С120-1,Бетон товарний В15–В25,м3,1.02,3200,3264.0,True
5-1-1,Занурення залізобетонних паль молотами,м3,матеріал,С121-1,Вода,м3,0.2,40,8.0,True
5-1-1,Занурення залізобетонних паль молотами,м3,труд_робітників,Т1,"Труд робітників, розряд 3.5",люд.-год,6.869,95.0,652.55,True
5-1-1,Занурення залізобетонних паль молотами,м3,труд_машиністів,Т2,Труд машиністів,люд.-год,0.6,110.0,66.0,True
5-1-2,Занурення залізобетонних паль віброзанурювачами,м3,машина,С210-1,Кран / бетононасос,маш.-год,0.6,1500,900.0,True
5-1-2,Занурення залізобетонних паль віброзанурювачами,м3,машина,С211-1,Вібратор глибинний,маш.-год,0.8,120,96.0,True
5-1-2,Занурення залізобетонних паль віброзанурювачами,м3,матеріал,С120-1,Бетон товарний В15–В25,м3,1.02,3200,3264.0,True
5-1-2,Занурення залізобетонних паль віброзанурювачами,м3,матеріал,С121-1,Вода,м3,0.2,40,8.0,True
5-1-2,Занурення залізобетонних паль віброзанурювачами,м3,труд_робітників,Т1,"Труд робітників, розряд 3.5",люд.-год,6.596,95.0,626.62,True
5-1-2,Занурення залізобетонних паль віброзанурювачами,м3,труд_машиністів,Т2,Труд машиністів,люд.-год,0.6,110.0,66.0,True
5-1-3,Улаштування буронабивних паль,м3,матеріал,С190-1,Прилад санітарний / опалювальний,шт,1.0,3500,3500.0,True
5-1-3,Улаштування буронабивних паль,м3,матеріал,С191-1,Підводка / кріплення / арматура,компл,1.0,650,650.0,True
5-1-3,Улаштування буронабивних паль,м3,матеріал,С192-1,Герметик / ущільнювачі,компл,1.0,80,80.0,True
5-1-3,Улаштування буронабивних паль,м3,труд_робітників,Т1,"Труд робітників, розряд 4.0",люд.-год,3.963,95.0,376.49,True
5-2-1,Зрізання голів паль,шт,машина,С250-m,Копер / бурова установка / кран,маш.-год,2.0,2200,4400.0,True
5-2-1,Зрізання голів паль,шт,матеріал,С260-1,Палі / бетон / метал посилення,компл,1.0,15000,15000.0,True
5-2-1,Зрізання голів паль,шт,труд_робітників,Т1,"Труд робітників, розряд 3.8",люд.-год,9.729,95.0,924.25,True
5-2-1,Зрізання голів паль,шт,труд_машиністів,Т2,Труд машиністів,люд.-год,2.0,110.0,220.0,True
5-2-2,Улаштування монолітних ростверків,м3,машина,С210-1,Кран / бетононасос,маш.-год,0.6,1500,900.0,True
5-2-2,Улаштування монолітних ростверків,м3,машина,С211-1,Вібратор глибинний,маш.-год,0.8,120,96.0,True
5-2-2,Улаштування монолітних ростверків,м3,матеріал,С120-1,Бетон товарний В15–В25,м3,1.02,3200,3264.0,True
5-2-2,Улаштування монолітних ростверків,м3,матеріал,С121-1,Вода,м3,0.2,40,8.0,True
5-2-2,Улаштування монолітних ростверків,м3,труд_робітників,Т1,"Труд робітників, розряд 3.5",люд.-год,7.204,95.0,684.38,True
5-2-2,Улаштування монолітних ростверків,м3,труд_машиністів,Т2,Труд машиністів,люд.-год,0.6,110.0,66.0,True
6-1-1,Улаштування стрічкових фундаментів бетонних шириною до 1 м,100 м3,машина,С210-1,Кран / бетононасос,маш.-год,0.6,1500,900.0,True
6-1-1,Улаштування стрічкових фундаментів бетонних шириною до 1 м,100 м3,машина,С211-1,Вібратор глибинний,маш.-год,0.8,120,96.0,True
6-1-1,Улаштування стрічкових фундаментів бетонних шириною до 1 м,100 м3,матеріал,С120-1,Бетон товарний В15–В25,м3,1.02,3200,3264.0,True
6-1-1,Улаштування стрічкових фундаментів бетонних шириною до 1 м,100 м3,матеріал,С121-1,Вода,м3,0.2,40,8.0,True
6-1-1,Улаштування стрічкових фундаментів бетонних шириною до 1 м,100 м3,труд_робітників,Т1,"Труд робітників, розряд 3.5",люд.-год,6.58,95.0,625.1,True
6-1-1,Улаштування стрічкових фундаментів бетонних шириною до 1 м,100 м3,труд_машиністів,Т2,Труд машиністів,люд.-год,0.6,110.0,66.0,True
6-1-2,Улаштування стрічкових фундаментів бетонних шириною понад 1 м,100 м3,машина,С210-1,Кран / бетононасос,маш.-год,0.6,1500,900.0,True
6-1-2,Улаштування стрічкових фундаментів бетонних шириною понад 1 м,100 м3,машина,С211-1,Вібратор глибинний,маш.-год,0.8,120,96.0,True
6-1-2,Улаштування стрічкових фундаментів бетонних шириною понад 1 м,100 м3,матеріал,С120-1,Бетон товарний В15–В25,м3,1.02,3200,3264.0,True
6-1-2,Улаштування стрічкових фундаментів бетонних шириною понад 1 м,100 м3,матеріал,С121-1,Вода,м3,0.2,40,8.0,True
6-1-2,Улаштування стрічкових фундаментів бетонних шириною понад 1 м,100 м3,труд_робітників,Т1,"Труд робітників, розряд 3.5",люд.-год,6.709,95.0,637.36,True
6-1-2,Улаштування стрічкових фундаментів бетонних шириною понад 1 м,100 м3,труд_машиністів,Т2,Труд машиністів,люд.-год,0.6,110.0,66.0,True
6-1-3,Улаштування стовпчастих фундаментів бетонних об'ємом до 3 м3,100 м3,машина,С210-1,Кран / бетононасос,маш.-год,0.6,1500,900.0,True
6-1-3,Улаштування стовпчастих фундаментів бетонних об'ємом до 3 м3,100 м3,машина,С211-1,Вібратор глибинний,маш.-год,0.8,120,96.0,True
6-1-3,Улаштування стовпчастих фундаментів бетонних об'ємом до 3 м3,100 м3,матеріал,С120-1,Бетон товарний В15–В25,м3,1.02,3200,3264.0,True
6-1-3,Улаштування стовпчастих фундаментів бетонних об'ємом до 3 м3,100 м3,матеріал,С121-1,Вода,м3,0.2,40,8.0,True
6-1-3,Улаштування стовпчастих фундаментів бетонних об'ємом до 3 м3,100 м3,труд_робітників,Т1,"Труд робітників, розряд 3.5",люд.-год,8.469,95.0,804.55,True
6-1-3,Улаштування стовпчастих фундаментів бетонних об'ємом до 3 м3,100 м3,труд_машиністів,Т2,Труд машиністів,люд.-год,0.6,110.0,66.0,True
6-1-4,Улаштування стовпчастих фундаментів бетонних об'ємом понад 3 м3,100 м3,машина,С210-1,Кран / бетононасос,маш.-год,0.6,1500,900.0,True
6-1-4,Улаштування стовпчастих фундаментів бетонних об'ємом понад 3 м3,100 м3,машина,С211-1,Вібратор глибинний,маш.-год,0.8,120,96.0,True
6-1-4,Улаштування стовпчастих фундаментів бетонних об'ємом понад 3 м3,100 м3,матеріал,С120-1,Бетон товарний В15–В25,м3,1.02,3200,3264.0,True
6-1-4,Улаштування стовпчастих фундаментів бетонних об'ємом понад 3 м3,100 м3,матеріал,С121-1,Вода,м3,0.2,40,8.0,True
6-1-4,Улаштування стовпчастих фундаментів бетонних об'ємом понад 3 м3,100 м3,труд_робітників,Т1,"Труд робітників, розряд 3.5",люд.-год,7.246,95.0,688.37,True
6-1-4,Улаштування стовпчастих фундаментів бетонних об'ємом понад 3 м3,100 м3,труд_машиністів,Т2,Труд машиністів,люд.-год,0.6,110.0,66.0,True
6-1-5,Улаштування фундаментних плит бетонних товщиною до 300 мм,100 м3,машина,С210-1,Кран / бетононасос,маш.-год,0.6,1500,900.0,True
6-1-5,Улаштування фундаментних плит бетонних товщиною до 300 мм,100 м3,машина,С211-1,Вібратор глибинний,маш.-год,0.8,120,96.0,True
6-1-5,Улаштування фундаментних плит бетонних товщиною до 300 мм,100 м3,матеріал,С120-1,Бетон товарний В15–В25,м3,1.02,3200,3264.0,True
6-1-5,Улаштування фундаментних плит бетонних товщиною до 300 мм,100 м3,матеріал,С121-1,Вода,м3,0.2,40,8.0,True
6-1-5,Улаштування фундаментних плит бетонних товщиною до 300 мм,100 м3,труд_робітників,Т1,"Труд робітників, розряд 3.5",люд.-год,7.635,95.0,725.32,True
6-1-5,Улаштування фундаментних плит бетонних товщиною до 300 мм,100 м3,труд_машиністів,Т2,Труд машиністів,люд.-год,0.6,110.0,66.0,True
6-1-6,Улаштування фундаментних плит бетонних товщиною понад 300 мм,100 м3,машина,С210-1,Кран / бетононасос,маш.-год,0.6,1500,900.0,True
6-1-6,Улаштування фундаментних плит бетонних товщиною понад 300 мм,100 м3,машина,С211-1,Вібратор глибинний,маш.-год,0.8,120,96.0,True
6-1-6,Улаштування фундаментних плит бетонних товщиною понад 300 мм,100 м3,матеріал,С120-1,Бетон товарний В15–В25,м3,1.02,3200,3264.0,True
6-1-6,Улаштування фундаментних плит бетонних товщиною понад 300 мм,100 м3,матеріал,С121-1,Вода,м3,0.2,40,8.0,True
6-1-6,Улаштування фундаментних плит бетонних товщиною понад 300 мм,100 м3,труд_робітників,Т1,"Труд робітників, розряд 3.5",люд.-год,7.916,95.0,752.02,True
6-1-6,Улаштування фундаментних плит бетонних товщиною понад 300 мм,100 м3,труд_машиністів,Т2,Труд машиністів,люд.-год,0.6,110.0,66.0,True
6-1-7,Улаштування бетонної підготовки під фундаменти,100 м3,машина,С210-1,Кран / бетононасос,маш.-год,0.6,1500,900.0,True
6-1-7,Улаштування бетонної підготовки під фундаменти,100 м3,машина,С211-1,Вібратор глибинний,маш.-год,0.8,120,96.0,True
6-1-7,Улаштування бетонної підготовки під фундаменти,100 м3,матеріал,С120-1,Бетон товарний В15–В25,м3,1.02,3200,3264.0,True
6-1-7,Улаштування бетонної підготовки під фундаменти,100 м3,матеріал,С121-1,Вода,м3,0.2,40,8.0,True
6-1-7,Улаштування бетонної підготовки під фундаменти,100 м3,труд_робітників,Т1,"Труд робітників, розряд 3.5",люд.-год,8.332,95.0,791.54,True
6-1-7,Улаштування бетонної підготовки під фундаменти,100 м3,труд_машиністів,Т2,Труд машиністів,люд.-год,0.6,110.0,66.0,True
6-2-1,Улаштування стрічкових фундаментів залізобетонних,100 м3,машина,С210-1,Кран / бетононасос,маш.-год,0.6,1500,900.0,True
6-2-1,Улаштування стрічкових фундаментів залізобетонних,100 м3,машина,С211-1,Вібратор глибинний,маш.-год,0.8,120,96.0,True
6-2-1,Улаштування стрічкових фундаментів залізобетонних,100 м3,матеріал,С120-1,Бетон товарний В15–В25,м3,1.02,3200,3264.0,True
6-2-1,Улаштування стрічкових фундаментів залізобетонних,100 м3,матеріал,С121-1,Вода,м3,0.2,40,8.0,True
6-2-1,Улаштування стрічкових фундаментів залізобетонних,100 м3,труд_робітників,Т1,"Труд робітників, розряд 3.5",люд.-год,6.96,95.0,661.2,True
6-2-1,Улаштування стрічкових фундаментів залізобетонних,100 м3,труд_машиністів,Т2,Труд машиністів,люд.-год,0.6,110.0,66.0,True
6-2-2,Улаштування стовпчастих фундаментів залізобетонних,100 м3,машина,С210-1,Кран / бетононасос,маш.-год,0.6,1500,900.0,True
6-2-2,Улаштування стовпчастих фундаментів залізобетонних,100 м3,машина,С211-1,Вібратор глибинний,маш.-год,0.8,120,96.0,True
6-2-2,Улаштування стовпчастих фундаментів залізобетонних,100 м3,матеріал,С120-1,Бетон товарний В15–В25,м3,1.02,3200,3264.0,True
6-2-2,Улаштування стовпчастих фундаментів залізобетонних,100 м3,матеріал,С121-1,Вода,м3,0.2,40,8.0,True
6-2-2,Улаштування стовпчастих фундаментів залізобетонних,100 м3,труд_робітників,Т1,"Труд робітників, розряд 3.5",люд.-год,7.528,95.0,715.16,True
6-2-2,Улаштування стовпчастих фундаментів залізобетонних,100 м3,труд_машиністів,Т2,Труд машиністів,люд.-год,0.6,110.0,66.0,True
6-2-3,Улаштування фундаментних плит залізобетонних товщиною до 300 мм,100 м3,машина,С210-1,Кран / бетононасос,маш.-год,0.6,1500,900.0,True
6-2-3,Улаштування фундаментних плит залізобетонних товщиною до 300 мм,100 м3,машина,С211-1,Вібратор глибинний,маш.-год,0.8,120,96.0,True
6-2-3,Улаштування фундаментних плит залізобетонних товщиною до 300 мм,100 м3,матеріал,С120-1,Бетон товарний В15–В25,м3,1.02,3200,3264.0,True
6-2-3,Улаштування фундаментних плит залізобетонних товщиною до 300 мм,100 м3,матеріал,С121-1,Вода,м3,0.2,40,8.0,True
6-2-3,Улаштування фундаментних плит залізобетонних товщиною до 300 мм,100 м3,труд_робітників,Т1,"Труд робітників, розряд 3.5",люд.-год,7.595,95.0,721.52,True
6-2-3,Улаштування фундаментних плит залізобетонних товщиною до 300 мм,100 м3,труд_машиністів,Т2,Труд машиністів,люд.-год,0.6,110.0,66.0,True
6-2-4,Улаштування фундаментних плит залізобетонних товщиною 300–500 мм,100 м3,машина,С210-1,Кран / бетононасос,маш.-год,0.6,1500,900.0,True
6-2-4,Улаштування фундаментних плит залізобетонних товщиною 300–500 мм,100 м3,машина,С211-1,Вібратор глибинний,маш.-год,0.8,120,96.0,True
6-2-4,Улаштування фундаментних плит залізобетонних товщиною 300–500 мм,100 м3,матеріал,С120-1,Бетон товарний В15–В25,м3,1.02,3200,3264.0,True
6-2-4,Улаштування фундаментних плит залізобетонних товщиною 300–500 мм,100 м3,матеріал,С121-1,Вода,м3,0.2,40,8.0,True
6-2-4,Улаштування фундаментних плит залізобетонних товщиною 300–500 мм,100 м3,труд_робітників,Т1,"Труд робітників, розряд 3.5",люд.-год,7.705,95.0,731.98,True
6-2-4,Улаштування фундаментних плит залізобетонних товщиною 300–500 мм,100 м3,труд_машиністів,Т2,Труд машиністів,люд.-год,0.6,110.0,66.0,True
6-2-5,Улаштування фундаментних плит залізобетонних товщиною понад 500 мм,100 м3,машина,С210-1,Кран / бетононасос,маш.-год,0.6,1500,900.0,True
6-2-5,Улаштування фундаментних плит залізобетонних товщиною понад 500 мм,100 м3,машина,С211-1,Вібратор глибинний,маш.-год,0.8,120,96.0,True
6-2-5,Улаштування фундаментних плит залізобетонних товщиною понад 500 мм,100 м3,матеріал,С120-1,Бетон товарний В15–В25,м3,1.02,3200,3264.0,True
6-2-5,Улаштування фундаментних плит залізобетонних товщиною понад 500 мм,100 м3,матеріал,С121-1,Вода,м3,0.2,40,8.0,True
6-2-5,Улаштування фундаментних плит залізобетонних товщиною понад 500 мм,100 м3,труд_робітників,Т1,"Труд робітників, розряд 3.5",люд.-год,7.53,95.0,715.35,True
6-2-5,Улаштування фундаментних плит залізобетонних товщиною понад 500 мм,100 м3,труд_машиністів,Т2,Труд машиністів,люд.-год,0.6,110.0,66.0,True
6-2-6,Улаштування ростверків залізобетонних стрічкових,100 м3,машина,С210-1,Кран / бетононасос,маш.-год,0.6,1500,900.0,True
6-2-6,Улаштування ростверків залізобетонних стрічкових,100 м3,машина,С211-1,Вібратор глибинний,маш.-год,0.8,120,96.0,True
6-2-6,Улаштування ростверків залізобетонних стрічкових,100 м3,матеріал,С120-1,Бетон товарний В15–В25,м3,1.02,3200,3264.0,True
6-2-6,Улаштування ростверків залізобетонних стрічкових,100 м3,матеріал,С121-1,Вода,м3,0.2,40,8.0,True
6-2-6,Улаштування ростверків залізобетонних стрічкових,100 м3,труд_робітників,Т1,"Труд робітників, розряд 3.5",люд.-год,7.641,95.0,725.89,True
6-2-6,Улаштування ростверків залізобетонних стрічкових,100 м3,труд_машиністів,Т2,Труд машиністів,люд.-год,0.6,110.0,66.0,True
6-2-7,Улаштування ростверків залізобетонних окремо розташованих,100 м3,машина,С210-1,Кран / бетононасос,маш.-год,0.6,1500,900.0,True
6-2-7,Улаштування ростверків залізобетонних окремо розташованих,100 м3,машина,С211-1,Вібратор глибинний,маш.-год,0.8,120,96.0,True
6-2-7,Улаштування ростверків залізобетонних окремо розташованих,100 м3,матеріал,С120-1,Бетон товарний В15–В25,м3,1.02,3200,3264.0,True
6-2-7,Улаштування ростверків залізобетонних окремо розташованих,100 м3,матеріал,С121-1,Вода,м3,0.2,40,8.0,True
6-2-7,Улаштування ростверків залізобетонних окремо розташованих,100 м3,труд_робітників,Т1,"Труд робітників, розряд 3.5",люд.-год,6.968,95.0,661.96,True
6-2-7,Улаштування ростверків залізобетонних окремо розташованих,100 м3,труд_машиністів,Т2,Труд машиністів,люд.-год,0.6,110.0,66.0,True
6-3-1,Улаштування стін підвалів залізобетонних товщиною до 200 мм,100 м3,машина,С210-1,Кран / бетононасос,маш.-год,0.6,1500,900.0,True
6-3-1,Улаштування стін підвалів залізобетонних товщиною до 200 мм,100 м3,машина,С211-1,Вібратор глибинний,маш.-год,0.8,120,96.0,True
6-3-1,Улаштування стін підвалів залізобетонних товщиною до 200 мм,100 м3,матеріал,С120-1,Бетон товарний В15–В25,м3,1.02,3200,3264.0,True
6-3-1,Улаштування стін підвалів залізобетонних товщиною до 200 мм,100 м3,матеріал,С121-1,Вода,м3,0.2,40,8.0,True
6-3-1,Улаштування стін підвалів залізобетонних товщиною до 200 мм,100 м3,труд_робітників,Т1,"Труд робітників, розряд 3.5",люд.-год,7.685,95.0,730.07,True
6-3-1,Улаштування стін підвалів залізобетонних товщиною до 200 мм,100 м3,труд_машиністів,Т2,Труд машиністів,люд.-год,0.6,110.0,66.0,True
6-3-2,Улаштування стін підвалів залізобетонних товщиною 200–400 мм,100 м3,машина,С210-1,Кран / бетононасос,маш.-год,0.6,1500,900.0,True
6-3-2,Улаштування стін підвалів залізобетонних товщиною 200–400 мм,100 м3,машина,С211-1,Вібратор глибинний,маш.-год,0.8,120,96.0,True
6-3-2,Улаштування стін підвалів залізобетонних товщиною 200–400 мм,100 м3,матеріал,С120-1,Бетон товарний В15–В25,м3,1.02,3200,3264.0,True
6-3-2,Улаштування стін підвалів залізобетонних товщиною 200–400 мм,100 м3,матеріал,С121-1,Вода,м3,0.2,40,8.0,True
6-3-2,Улаштування стін підвалів залізобетонних товщиною 200–400 мм,100 м3,труд_робітників,Т1,"Труд робітників, розряд 3.5",люд.-год,7.206,95.0,684.57,True
6-3-2,Улаштування стін підвалів залізобетонних товщиною 200–400 мм,100 м3,труд_машиністів,Т2,Труд машиністів,люд.-год,0.6,110.0,66.0,True
6-3-3,Улаштування стін підвалів залізобетонних товщиною понад 400 мм,100 м3,машина,С210-1,Кран / бетононасос,маш.-год,0.6,1500,900.0,True
6-3-3,Улаштування стін підвалів залізобетонних товщиною понад 400 мм,100 м3,машина,С211-1,Вібратор глибинний,маш.-год,0.8,120,96.0,True
6-3-3,Улаштування стін підвалів залізобетонних товщиною понад 400 мм,100 м3,матеріал,С120-1,Бетон товарний В15–В25,м3,1.02,3200,3264.0,True
6-3-3,Улаштування стін підвалів залізобетонних товщиною понад 400 мм,100 м3,матеріал,С121-1,Вода,м3,0.2,40,8.0,True
6-3-3,Улаштування стін підвалів залізобетонних товщиною понад 400 мм,100 м3,труд_робітників,Т1,"Труд робітників, розряд 3.5",люд.-год,7.613,95.0,723.24,True
6-3-3,Улаштування стін підвалів залізобетонних товщиною понад 400 мм,100 м3,труд_машиністів,Т2,Труд машиністів,люд.-год,0.6,110.0,66.0,True
6-3-4,Улаштування стін надземної частини залізобетонних,100 м3,машина,С210-1,Кран / бетононасос,маш.-год,0.6,1500,900.0,True
6-3-4,Улаштування стін надземної частини залізобетонних,100 м3,машина,С211-1,Вібратор глибинний,маш.-год,0.8,120,96.0,True
6-3-4,Улаштування стін надземної частини залізобетонних,100 м3,матеріал,С120-1,Бетон товарний В15–В25,м3,1.02,3200,3264.0,True
6-3-4,Улаштування стін надземної частини залізобетонних,100 м3,матеріал,С121-1,Вода,м3,0.2,40,8.0,True
6-3-4,Улаштування стін надземної частини залізобетонних,100 м3,труд_робітників,Т1,"Труд робітників, розряд 3.5",люд.-год,6.759,95.0,642.11,True
6-3-4,Улаштування стін надземної частини залізобетонних,100 м3,труд_машиністів,Т2,Труд машиністів,люд.-год,0.6,110.0,66.0,True
6-3-5,Улаштування діафрагм жорсткості,100 м3,матеріал,С190-1,Прилад санітарний / опалювальний,шт,1.0,3500,3500.0,True
6-3-5,Улаштування діафрагм жорсткості,100 м3,матеріал,С191-1,Підводка / кріплення / арматура,компл,1.0,650,650.0,True
6-3-5,Улаштування діафрагм жорсткості,100 м3,матеріал,С192-1,Герметик / ущільнювачі,компл,1.0,80,80.0,True
6-3-5,Улаштування діафрагм жорсткості,100 м3,труд_робітників,Т1,"Труд робітників, розряд 4.0",люд.-год,4.382,95.0,416.29,True
6-3-6,Улаштування перегородок залізобетонних,100 м3,машина,С210-1,Кран / бетононасос,маш.-год,0.6,1500,900.0,True
6-3-6,Улаштування перегородок залізобетонних,100 м3,машина,С211-1,Вібратор глибинний,маш.-год,0.8,120,96.0,True
6-3-6,Улаштування перегородок залізобетонних,100 м3,матеріал,С120-1,Бетон товарний В15–В25,м3,1.02,3200,3264.0,True
6-3-6,Улаштування перегородок залізобетонних,100 м3,матеріал,С121-1,Вода,м3,0.2,40,8.0,True
6-3-6,Улаштування перегородок залізобетонних,100 м3,труд_робітників,Т1,"Труд робітників, розряд 3.5",люд.-год,6.5,95.0,617.5,True
6-3-6,Улаштування перегородок залізобетонних,100 м3,труд_машиністів,Т2,Труд машиністів,люд.-год,0.6,110.0,66.0,True
6-4-1,"Улаштування колон прямокутних перерізом до 0,15 м2",100 м3,матеріал,С190-1,Прилад санітарний / опалювальний,шт,1.0,3500,3500.0,True
6-4-1,"Улаштування колон прямокутних перерізом до 0,15 м2",100 м3,матеріал,С191-1,Підводка / кріплення / арматура,компл,1.0,650,650.0,True
6-4-1,"Улаштування колон прямокутних перерізом до 0,15 м2",100 м3,матеріал,С192-1,Герметик / ущільнювачі,компл,1.0,80,80.0,True
6-4-1,"Улаштування колон прямокутних перерізом до 0,15 м2",100 м3,труд_робітників,Т1,"Труд робітників, розряд 4.0",люд.-год,4.184,95.0,397.48,True
6-4-2,"Улаштування колон прямокутних перерізом 0,15–0,3 м2",100 м3,матеріал,С190-1,Прилад санітарний / опалювальний,шт,1.0,3500,3500.0,True
6-4-2,"Улаштування колон прямокутних перерізом 0,15–0,3 м2",100 м3,матеріал,С191-1,Підводка / кріплення / арматура,компл,1.0,650,650.0,True
6-4-2,"Улаштування колон прямокутних перерізом 0,15–0,3 м2",100 м3,матеріал,С192-1,Герметик / ущільнювачі,компл,1.0,80,80.0,True
6-4-2,"Улаштування колон прямокутних перерізом 0,15–0,3 м2",100 м3,труд_робітників,Т1,"Труд робітників, розряд 4.0",люд.-год,4.45,95.0,422.75,True
6-4-3,"Улаштування колон прямокутних перерізом понад 0,3 м2",100 м3,матеріал,С190-1,Прилад санітарний / опалювальний,шт,1.0,3500,3500.0,True
6-4-3,"Улаштування колон прямокутних перерізом понад 0,3 м2",100 м3,матеріал,С191-1,Підводка / кріплення / арматура,компл,1.0,650,650.0,True
6-4-3,"Улаштування колон прямокутних перерізом понад 0,3 м2",100 м3,матеріал,С192-1,Герметик / ущільнювачі,компл,1.0,80,80.0,True
6-4-3,"Улаштування колон прямокутних перерізом понад 0,3 м2",100 м3,труд_робітників,Т1,"Труд робітників, розряд 4.0",люд.-год,4.18,95.0,397.1,True
6-4-4,Улаштування колон круглих діаметром до 400 мм,100 м3,матеріал,С190-1,Прилад санітарний / опалювальний,шт,1.0,3500,3500.0,True
6-4-4,Улаштування колон круглих діаметром до 400 мм,100 м3,матеріал,С191-1,Підводка / кріплення / арматура,компл,1.0,650,650.0,True
6-4-4,Улаштування колон круглих діаметром до 400 мм,100 м3,матеріал,С192-1,Герметик / ущільнювачі,компл,1.0,80,80.0,True
6-4-4,Улаштування колон круглих діаметром до 400 мм,100 м3,труд_робітників,Т1,"Труд робітників, розряд 4.0",люд.-год,3.566,95.0,338.77,True
6-4-5,Улаштування колон круглих діаметром понад 400 мм,100 м3,матеріал,С190-1,Прилад санітарний / опалювальний,шт,1.0,3500,3500.0,True
6-4-5,Улаштування колон круглих діаметром понад 400 мм,100 м3,матеріал,С191-1,Підводка / кріплення / арматура,компл,1.0,650,650.0,True
6-4-5,Улаштування колон круглих діаметром понад 400 мм,100 м3,матеріал,С192-1,Герметик / ущільнювачі,компл,1.0,80,80.0,True
6-4-5,Улаштування колон круглих діаметром понад 400 мм,100 м3,труд_робітників,Т1,"Труд робітників, розряд 4.0",люд.-год,3.97,95.0,377.15,True
6-5-1,Улаштування перекриттів безбалкових товщиною до 160 мм,100 м3,матеріал,С190-1,Прилад санітарний / опалювальний,шт,1.0,3500,3500.0,True
6-5-1,Улаштування перекриттів безбалкових товщиною до 160 мм,100 м3,матеріал,С191-1,Підводка / кріплення / арматура,компл,1.0,650,650.0,True
6-5-1,Улаштування перекриттів безбалкових товщиною до 160 мм,100 м3,матеріал,С192-1,Герметик / ущільнювачі,компл,1.0,80,80.0,True
6-5-1,Улаштування перекриттів безбалкових товщиною до 160 мм,100 м3,труд_робітників,Т1,"Труд робітників, розряд 4.0",люд.-год,3.671,95.0,348.75,True
6-5-2,Улаштування перекриттів безбалкових товщиною 160–200 мм,100 м3,матеріал,С190-1,Прилад санітарний / опалювальний,шт,1.0,3500,3500.0,True
6-5-2,Улаштування перекриттів безбалкових товщиною 160–200 мм,100 м3,матеріал,С191-1,Підводка / кріплення / арматура,компл,1.0,650,650.0,True
6-5-2,Улаштування перекриттів безбалкових товщиною 160–200 мм,100 м3,матеріал,С192-1,Герметик / ущільнювачі,компл,1.0,80,80.0,True
6-5-2,Улаштування перекриттів безбалкових товщиною 160–200 мм,100 м3,труд_робітників,Т1,"Труд робітників, розряд 4.0",люд.-год,3.89,95.0,369.55,True
6-5-3,Улаштування перекриттів безбалкових товщиною понад 200 мм,100 м3,матеріал,С190-1,Прилад санітарний / опалювальний,шт,1.0,3500,3500.0,True
6-5-3,Улаштування перекриттів безбалкових товщиною понад 200 мм,100 м3,матеріал,С191-1,Підводка / кріплення / арматура,компл,1.0,650,650.0,True
6-5-3,Улаштування перекриттів безбалкових товщиною понад 200 мм,100 м3,матеріал,С192-1,Герметик / ущільнювачі,компл,1.0,80,80.0,True
6-5-3,Улаштування перекриттів безбалкових товщиною понад 200 мм,100 м3,труд_робітників,Т1,"Труд робітників, розряд 4.0",люд.-год,3.797,95.0,360.72,True
6-5-4,Улаштування перекриттів ребристих,100 м3,матеріал,С190-1,Прилад санітарний / опалювальний,шт,1.0,3500,3500.0,True
6-5-4,Улаштування перекриттів ребристих,100 м3,матеріал,С191-1,Підводка / кріплення / арматура,компл,1.0,650,650.0,True
6-5-4,Улаштування перекриттів ребристих,100 м3,матеріал,С192-1,Герметик / ущільнювачі,компл,1.0,80,80.0,True
6-5-4,Улаштування перекриттів ребристих,100 м3,труд_робітників,Т1,"Труд робітників, розряд 4.0",люд.-год,3.912,95.0,371.64,True
6-5-5,Улаштування балок і ригелів висотою до 400 мм,100 м3,матеріал,С190-1,Прилад санітарний / опалювальний,шт,1.0,3500,3500.0,True
6-5-5,Улаштування балок і ригелів висотою до 400 мм,100 м3,матеріал,С191-1,Підводка / кріплення / арматура,компл,1.0,650,650.0,True
6-5-5,Улаштування балок і ригелів висотою до 400 мм,100 м3,матеріал,С192-1,Герметик / ущільнювачі,компл,1.0,80,80.0,True
6-5-5,Улаштування балок і ригелів висотою до 400 мм,100 м3,труд_робітників,Т1,"Труд робітників, розряд 4.0",люд.-год,3.514,95.0,333.83,True
6-5-6,Улаштування балок і ригелів висотою понад 400 мм,100 м3,матеріал,С190-1,Прилад санітарний / опалювальний,шт,1.0,3500,3500.0,True
6-5-6,Улаштування балок і ригелів висотою понад 400 мм,100 м3,матеріал,С191-1,Підводка / кріплення / арматура,компл,1.0,650,650.0,True
6-5-6,Улаштування балок і ригелів висотою понад 400 мм,100 м3,матеріал,С192-1,Герметик / ущільнювачі,компл,1.0,80,80.0,True
6-5-6,Улаштування балок і ригелів висотою понад 400 мм,100 м3,труд_робітників,Т1,"Труд робітників, розряд 4.0",люд.-год,3.906,95.0,371.07,True
6-5-7,Улаштування поясів і обв'язок залізобетонних,100 м3,машина,С210-1,Кран / бетононасос,маш.-год,0.6,1500,900.0,True
6-5-7,Улаштування поясів і обв'язок залізобетонних,100 м3,машина,С211-1,Вібратор глибинний,маш.-год,0.8,120,96.0,True
6-5-7,Улаштування поясів і обв'язок залізобетонних,100 м3,матеріал,С120-1,Бетон товарний В15–В25,м3,1.02,3200,3264.0,True
6-5-7,Улаштування поясів і обв'язок залізобетонних,100 м3,матеріал,С121-1,Вода,м3,0.2,40,8.0,True
6-5-7,Улаштування поясів і обв'язок залізобетонних,100 м3,труд_робітників,Т1,"Труд робітників, розряд 3.5",люд.-год,7.97,95.0,757.15,True
6-5-7,Улаштування поясів і обв'язок залізобетонних,100 м3,труд_машиністів,Т2,Труд машиністів,люд.-год,0.6,110.0,66.0,True
6-6-1,Установлення арматури окремих стержнів у фундаментах,т,машина,С210-1,Кран автомобільний 10 т,маш.-год,0.4,1400,560.0,True
6-6-1,Установлення арматури окремих стержнів у фундаментах,т,матеріал,С111-1,Арматура періодичного профілю А400/А500,т,1.02,32000,32640.0,True
6-6-1,Установлення арматури окремих стержнів у фундаментах,т,матеріал,С112-1,Дріт в'язальний,кг,8.0,45,360.0,True
6-6-1,Установлення арматури окремих стержнів у фундаментах,т,труд_робітників,Т1,"Труд робітників, розряд 4.0",люд.-год,18.655,95.0,1772.23,True
6-6-1,Установлення арматури окремих стержнів у фундаментах,т,труд_машиністів,Т2,Труд машиністів,люд.-год,0.4,110.0,44.0,True
6-6-2,Установлення арматури окремих стержнів у стінах,т,машина,С210-1,Кран автомобільний 10 т,маш.-год,0.4,1400,560.0,True
6-6-2,Установлення арматури окремих стержнів у стінах,т,матеріал,С111-1,Арматура періодичного профілю А400/А500,т,1.02,32000,32640.0,True
6-6-2,Установлення арматури окремих стержнів у стінах,т,матеріал,С112-1,Дріт в'язальний,кг,8.0,45,360.0,True
6-6-2,Установлення арматури окремих стержнів у стінах,т,труд_робітників,Т1,"Труд робітників, розряд 4.0",люд.-год,20.123,95.0,1911.69,True
6-6-2,Установлення арматури окремих стержнів у стінах,т,труд_машиністів,Т2,Труд машиністів,люд.-год,0.4,110.0,44.0,True
6-6-3,Установлення арматури окремих стержнів у колонах,т,машина,С210-1,Кран автомобільний 10 т,маш.-год,0.4,1400,560.0,True
6-6-3,Установлення арматури окремих стержнів у колонах,т,матеріал,С111-1,Арматура періодичного профілю А400/А500,т,1.02,32000,32640.0,True
6-6-3,Установлення арматури окремих стержнів у колонах,т,матеріал,С112-1,Дріт в'язальний,кг,8.0,45,360.0,True
6-6-3,Установлення арматури окремих стержнів у колонах,т,труд_робітників,Т1,"Труд робітників, розряд 4.0",люд.-год,18.298,95.0,1738.31,True
6-6-3,Установлення арматури окремих стержнів у колонах,т,труд_машиністів,Т2,Труд машиністів,люд.-год,0.4,110.0,44.0,True
6-6-4,Установлення арматури окремих стержнів у перекриттях,т,машина,С210-1,Кран автомобільний 10 т,маш.-год,0.4,1400,560.0,True
6-6-4,Установлення арматури окремих стержнів у перекриттях,т,матеріал,С111-1,Арматура періодичного профілю А400/А500,т,1.02,32000,32640.0,True
6-6-4,Установлення арматури окремих стержнів у перекриттях,т,матеріал,С112-1,Дріт в'язальний,кг,8.0,45,360.0,True
6-6-4,Установлення арматури окремих стержнів у перекриттях,т,труд_робітників,Т1,"Труд робітників, розряд 4.0",люд.-год,20.135,95.0,1912.83,True
6-6-4,Установлення арматури окремих стержнів у перекриттях,т,труд_машиністів,Т2,Труд машиністів,люд.-год,0.4,110.0,44.0,True
6-6-5,Установлення арматурних сіток плоских,т,машина,С210-1,Кран автомобільний 10 т,маш.-год,0.4,1400,560.0,True
6-6-5,Установлення арматурних сіток плоских,т,матеріал,С111-1,Арматура періодичного профілю А400/А500,т,1.02,32000,32640.0,True
6-6-5,Установлення арматурних сіток плоских,т,матеріал,С112-1,Дріт в'язальний,кг,8.0,45,360.0,True
6-6-5,Установлення арматурних сіток плоских,т,труд_робітників,Т1,"Труд робітників, розряд 4.0",люд.-год,18.693,95.0,1775.84,True
6-6-5,Установлення арматурних сіток плоских,т,труд_машиністів,Т2,Труд машиністів,люд.-год,0.4,110.0,44.0,True
6-6-6,Установлення арматурних каркасів просторових,т,машина,С210-1,Кран автомобільний 10 т,маш.-год,0.4,1400,560.0,True
6-6-6,Установлення арматурних каркасів просторових,т,матеріал,С111-1,Арматура періодичного профілю А400/А500,т,1.02,32000,32640.0,True
6-6-6,Установлення арматурних каркасів просторових,т,матеріал,С112-1,Дріт в'язальний,кг,8.0,45,360.0,True
6-6-6,Установлення арматурних каркасів просторових,т,труд_робітників,Т1,"Труд робітників, розряд 4.0",люд.-год,19.628,95.0,1864.66,True
6-6-6,Установлення арматурних каркасів просторових,т,труд_машиністів,Т2,Труд машиністів,люд.-год,0.4,110.0,44.0,True
6-6-7,Зварювання арматурних стиків,т,машина,С210-1,Кран автомобільний 10 т,маш.-год,0.4,1400,560.0,True
6-6-7,Зварювання арматурних стиків,т,матеріал,С111-1,Арматура періодичного профілю А400/А500,т,1.02,32000,32640.0,True
6-6-7,Зварювання арматурних стиків,т,матеріал,С112-1,Дріт в'язальний,кг,8.0,45,360.0,True
6-6-7,Зварювання арматурних стиків,т,труд_робітників,Т1,"Труд робітників, розряд 4.0",люд.-год,21.247,95.0,2018.46,True
6-6-7,Зварювання арматурних стиків,т,труд_машиністів,Т2,Труд машиністів,люд.-год,0.4,110.0,44.0,True
6-7-1,Установлення і розбирання опалубки фундаментів щитової,100 м2,матеріал,С101-1,Опалубка інвентарна (амортизація),м2,1.05,45,47.25,True
6-7-1,Установлення і розбирання опалубки фундаментів щитової,100 м2,матеріал,С102-1,Цвяхи будівельні,кг,0.3,55,16.5,True
6-7-1,Установлення і розбирання опалубки фундаментів щитової,100 м2,матеріал,С103-1,Мастило для опалубки,кг,0.2,40,8.0,True
6-7-1,Установлення і розбирання опалубки фундаментів щитової,100 м2,труд_робітників,Т1,"Труд робітників, розряд 3.8",люд.-год,12.536,95.0,1190.92,True
6-7-2,Установлення і розбирання опалубки стін щитової,100 м2,матеріал,С101-1,Опалубка інвентарна (амортизація),м2,1.05,45,47.25,True
6-7-2,Установлення і розбирання опалубки стін щитової,100 м2,матеріал,С102-1,Цвяхи будівельні,кг,0.3,55,16.5,True
6-7-2,Установлення і розбирання опалубки стін щитової,100 м2,матеріал,С103-1,Мастило для опалубки,кг,0.2,40,8.0,True
6-7-2,Установлення і розбирання опалубки стін щитової,100 м2,труд_робітників,Т1,"Труд робітників, розряд 3.8",люд.-год,14.872,95.0,1412.84,True
6-7-3,Установлення і розбирання опалубки колон,100 м2,матеріал,С101-1,Опалубка інвентарна (амортизація),м2,1.05,45,47.25,True
6-7-3,Установлення і розбирання опалубки колон,100 м2,матеріал,С102-1,Цвяхи будівельні,кг,0.3,55,16.5,True
6-7-3,Установлення і розбирання опалубки колон,100 м2,матеріал,С103-1,Мастило для опалубки,кг,0.2,40,8.0,True
6-7-3,Установлення і розбирання опалубки колон,100 м2,труд_робітників,Т1,"Труд робітників, розряд 3.8",люд.-год,13.514,95.0,1283.83,True
6-7-4,Установлення і розбирання опалубки перекриттів на телескопічних стійках,100 м2,матеріал,С101-1,Опалубка інвентарна (амортизація),м2,1.05,45,47.25,True
6-7-4,Установлення і розбирання опалубки перекриттів на телескопічних стійках,100 м2,матеріал,С102-1,Цвяхи будівельні,кг,0.3,55,16.5,True
6-7-4,Установлення і розбирання опалубки перекриттів на телескопічних стійках,100 м2,матеріал,С103-1,Мастило для опалубки,кг,0.2,40,8.0,True
6-7-4,Установлення і розбирання опалубки перекриттів на телескопічних стійках,100 м2,труд_робітників,Т1,"Труд робітників, розряд 3.8",люд.-год,14.454,95.0,1373.13,True
6-7-5,Установлення і розбирання опалубки балок і ригелів,100 м2,матеріал,С101-1,Опалубка інвентарна (амортизація),м2,1.05,45,47.25,True
6-7-5,Установлення і розбирання опалубки балок і ригелів,100 м2,матеріал,С102-1,Цвяхи будівельні,кг,0.3,55,16.5,True
6-7-5,Установлення і розбирання опалубки балок і ригелів,100 м2,матеріал,С103-1,Мастило для опалубки,кг,0.2,40,8.0,True
6-7-5,Установлення і розбирання опалубки балок і ригелів,100 м2,труд_робітників,Т1,"Труд робітників, розряд 3.8",люд.-год,13.036,95.0,1238.42,True
6-7-6,Установлення і розбирання опалубки сходів,100 м2,матеріал,С101-1,Опалубка інвентарна (амортизація),м2,1.05,45,47.25,True
6-7-6,Установлення і розбирання опалубки сходів,100 м2,матеріал,С102-1,Цвяхи будівельні,кг,0.3,55,16.5,True
6-7-6,Установлення і розбирання опалубки сходів,100 м2,матеріал,С103-1,Мастило для опалубки,кг,0.2,40,8.0,True
6-7-6,Установлення і розбирання опалубки сходів,100 м2,труд_робітників,Т1,"Труд робітників, розряд 3.8",люд.-год,13.085,95.0,1243.08,True
6-8-1,Улаштування сходових маршів залізобетонних,100 м3,машина,С210-1,Кран / бетононасос,маш.-год,0.6,1500,900.0,True
6-8-1,Улаштування сходових маршів залізобетонних,100 м3,машина,С211-1,Вібратор глибинний,маш.-год,0.8,120,96.0,True
6-8-1,Улаштування сходових маршів залізобетонних,100 м3,матеріал,С120-1,Бетон товарний В15–В25,м3,1.02,3200,3264.0,True
6-8-1,Улаштування сходових маршів залізобетонних,100 м3,матеріал,С121-1,Вода,м3,0.2,40,8.0,True
6-8-1,Улаштування сходових маршів залізобетонних,100 м3,труд_робітників,Т1,"Труд робітників, розряд 3.5",люд.-год,8.424,95.0,800.28,True
6-8-1,Улаштування сходових маршів залізобетонних,100 м3,труд_машиністів,Т2,Труд машиністів,люд.-год,0.6,110.0,66.0,True
6-8-2,Улаштування сходових площадок,100 м3,матеріал,С190-1,Прилад санітарний / опалювальний,шт,1.0,3500,3500.0,True
6-8-2,Улаштування сходових площадок,100 м3,матеріал,С191-1,Підводка / кріплення / арматура,компл,1.0,650,650.0,True
6-8-2,Улаштування сходових площадок,100 м3,матеріал,С192-1,Герметик / ущільнювачі,компл,1.0,80,80.0,True
6-8-2,Улаштування сходових площадок,100 м3,труд_робітників,Т1,"Труд робітників, розряд 4.0",люд.-год,4.399,95.0,417.91,True
6-8-3,Улаштування крилець і пандусів,100 м3,матеріал,С190-1,Прилад санітарний / опалювальний,шт,1.0,3500,3500.0,True
6-8-3,Улаштування крилець і пандусів,100 м3,матеріал,С191-1,Підводка / кріплення / арматура,компл,1.0,650,650.0,True
6-8-3,Улаштування крилець і пандусів,100 м3,матеріал,С192-1,Герметик / ущільнювачі,компл,1.0,80,80.0,True
6-8-3,Улаштування крилець і пандусів,100 м3,труд_робітників,Т1,"Труд робітників, розряд 4.0",люд.-год,4.15,95.0,394.25,True
6-8-4,Улаштування бетонних підлоги/вимощень товщиною до 100 мм,100 м3,машина,С210-1,Кран / бетононасос,маш.-год,0.6,1500,900.0,True
6-8-4,Улаштування бетонних підлоги/вимощень товщиною до 100 мм,100 м3,машина,С211-1,Вібратор глибинний,маш.-год,0.8,120,96.0,True
6-8-4,Улаштування бетонних підлоги/вимощень товщиною до 100 мм,100 м3,матеріал,С120-1,Бетон товарний В15–В25,м3,1.02,3200,3264.0,True
6-8-4,Улаштування бетонних підлоги/вимощень товщиною до 100 мм,100 м3,матеріал,С121-1,Вода,м3,0.2,40,8.0,True
6-8-4,Улаштування бетонних підлоги/вимощень товщиною до 100 мм,100 м3,труд_робітників,Т1,"Труд робітників, розряд 3.5",люд.-год,7.596,95.0,721.62,True
6-8-4,Улаштування бетонних підлоги/вимощень товщиною до 100 мм,100 м3,труд_машиністів,Т2,Труд машиністів,люд.-год,0.6,110.0,66.0,True
6-8-5,Улаштування закладних деталей у бетоні,т,машина,С210-1,Кран / бетононасос,маш.-год,0.6,1500,900.0,True
6-8-5,Улаштування закладних деталей у бетоні,т,машина,С211-1,Вібратор глибинний,маш.-год,0.8,120,96.0,True
6-8-5,Улаштування закладних деталей у бетоні,т,матеріал,С120-1,Бетон товарний В15–В25,м3,1.02,3200,3264.0,True
6-8-5,Улаштування закладних деталей у бетоні,т,матеріал,С121-1,Вода,м3,0.2,40,8.0,True
6-8-5,Улаштування закладних деталей у бетоні,т,труд_робітників,Т1,"Труд робітників, розряд 3.5",люд.-год,7.199,95.0,683.9,True
6-8-5,Улаштування закладних деталей у бетоні,т,труд_машиністів,Т2,Труд машиністів,люд.-год,0.6,110.0,66.0,True
7-1-1,"Укладання блоків фундаментних стінових масою до 0,5 т",100 шт,машина,С210-1,Кран / бетононасос,маш.-год,0.6,1500,900.0,True
7-1-1,"Укладання блоків фундаментних стінових масою до 0,5 т",100 шт,машина,С211-1,Вібратор глибинний,маш.-год,0.8,120,96.0,True
7-1-1,"Укладання блоків фундаментних стінових масою до 0,5 т",100 шт,матеріал,С120-1,Бетон товарний В15–В25,м3,1.02,3200,3264.0,True
7-1-1,"Укладання блоків фундаментних стінових масою до 0,5 т",100 шт,матеріал,С121-1,Вода,м3,0.2,40,8.0,True
7-1-1,"Укладання блоків фундаментних стінових масою до 0,5 т",100 шт,труд_робітників,Т1,"Труд робітників, розряд 3.5",люд.-год,6.821,95.0,648.0,True
7-1-1,"Укладання блоків фундаментних стінових масою до 0,5 т",100 шт,труд_машиністів,Т2,Труд машиністів,люд.-год,0.6,110.0,66.0,True
7-1-2,"Укладання блоків фундаментних стінових масою до 1,0 т",100 шт,машина,С210-1,Кран / бетононасос,маш.-год,0.6,1500,900.0,True
7-1-2,"Укладання блоків фундаментних стінових масою до 1,0 т",100 шт,машина,С211-1,Вібратор глибинний,маш.-год,0.8,120,96.0,True
7-1-2,"Укладання блоків фундаментних стінових масою до 1,0 т",100 шт,матеріал,С120-1,Бетон товарний В15–В25,м3,1.02,3200,3264.0,True
7-1-2,"Укладання блоків фундаментних стінових масою до 1,0 т",100 шт,матеріал,С121-1,Вода,м3,0.2,40,8.0,True
7-1-2,"Укладання блоків фундаментних стінових масою до 1,0 т",100 шт,труд_робітників,Т1,"Труд робітників, розряд 3.5",люд.-год,7.782,95.0,739.29,True
7-1-2,"Укладання блоків фундаментних стінових масою до 1,0 т",100 шт,труд_машиністів,Т2,Труд машиністів,люд.-год,0.6,110.0,66.0,True
7-1-3,"Укладання блоків фундаментних стінових масою до 1,5 т",100 шт,машина,С210-1,Кран / бетононасос,маш.-год,0.6,1500,900.0,True
7-1-3,"Укладання блоків фундаментних стінових масою до 1,5 т",100 шт,машина,С211-1,Вібратор глибинний,маш.-год,0.8,120,96.0,True
7-1-3,"Укладання блоків фундаментних стінових масою до 1,5 т",100 шт,матеріал,С120-1,Бетон товарний В15–В25,м3,1.02,3200,3264.0,True
7-1-3,"Укладання блоків фундаментних стінових масою до 1,5 т",100 шт,матеріал,С121-1,Вода,м3,0.2,40,8.0,True
7-1-3,"Укладання блоків фундаментних стінових масою до 1,5 т",100 шт,труд_робітників,Т1,"Труд робітників, розряд 3.5",люд.-год,8.142,95.0,773.49,True
7-1-3,"Укладання блоків фундаментних стінових масою до 1,5 т",100 шт,труд_машиністів,Т2,Труд машиністів,люд.-год,0.6,110.0,66.0,True
7-1-4,Укладання подушок фундаментних,100 шт,машина,С210-1,Кран / бетононасос,маш.-год,0.6,1500,900.0,True
7-1-4,Укладання подушок фундаментних,100 шт,машина,С211-1,Вібратор глибинний,маш.-год,0.8,120,96.0,True
7-1-4,Укладання подушок фундаментних,100 шт,матеріал,С120-1,Бетон товарний В15–В25,м3,1.02,3200,3264.0,True
7-1-4,Укладання подушок фундаментних,100 шт,матеріал,С121-1,Вода,м3,0.2,40,8.0,True
7-1-4,Укладання подушок фундаментних,100 шт,труд_робітників,Т1,"Труд робітників, розряд 3.5",люд.-год,6.757,95.0,641.91,True
7-1-4,Укладання подушок фундаментних,100 шт,труд_машиністів,Т2,Труд машиністів,люд.-год,0.6,110.0,66.0,True
7-2-1,Установлення колон одноповерхових масою до 2 т,шт,матеріал,С301-1,Допоміжні матеріали,компл,1.0,150,150.0,True
7-2-1,Установлення колон одноповерхових масою до 2 т,шт,труд_робітників,Т1,"Труд робітників, розряд 3.2",люд.-год,2.663,95.0,252.98,True
7-2-2,Установлення колон багатоповерхових масою до 4 т,шт,матеріал,С301-1,Допоміжні матеріали,компл,1.0,150,150.0,True
7-2-2,Установлення колон багатоповерхових масою до 4 т,шт,труд_робітників,Т1,"Труд робітників, розряд 3.2",люд.-год,3.479,95.0,330.5,True
7-2-3,Укладання ригелів масою до 3 т,шт,матеріал,С301-1,Допоміжні матеріали,компл,1.0,150,150.0,True
7-2-3,Укладання ригелів масою до 3 т,шт,труд_робітників,Т1,"Труд робітників, розряд 3.2",люд.-год,2.785,95.0,264.57,True
7-3-1,Укладання плит перекриттів багатопустотних,100 м2,матеріал,С301-1,Допоміжні матеріали,компл,1.0,150,150.0,True
7-3-1,Укладання плит перекриттів багатопустотних,100 м2,труд_робітників,Т1,"Труд робітників, розряд 3.2",люд.-год,3.25,95.0,308.75,True
7-3-2,Укладання плит покриттів ребристих,100 м2,матеріал,С301-1,Допоміжні матеріали,компл,1.0,150,150.0,True
7-3-2,Укладання плит покриттів ребристих,100 м2,труд_робітників,Т1,"Труд робітників, розряд 3.2",люд.-год,3.31,95.0,314.45,True
7-3-3,Замонолічування стиків плит перекриттів,100 м,машина,С210-1,Кран / бетононасос,маш.-год,0.6,1500,900.0,True
7-3-3,Замонолічування стиків плит перекриттів,100 м,машина,С211-1,Вібратор глибинний,маш.-год,0.8,120,96.0,True
7-3-3,Замонолічування стиків плит перекриттів,100 м,матеріал,С120-1,Бетон товарний В15–В25,м3,1.02,3200,3264.0,True
7-3-3,Замонолічування стиків плит перекриттів,100 м,матеріал,С121-1,Вода,м3,0.2,40,8.0,True
7-3-3,Замонолічування стиків плит перекриттів,100 м,труд_робітників,Т1,"Труд робітників, розряд 3.5",люд.-год,7.529,95.0,715.25,True
7-3-3,Замонолічування стиків плит перекриттів,100 м,труд_машиністів,Т2,Труд машиністів,люд.-год,0.6,110.0,66.0,True
7-4-1,Установлення панелей стінових зовнішніх,100 м2,матеріал,С301-1,Допоміжні матеріали,компл,1.0,150,150.0,True
7-4-1,Установлення панелей стінових зовнішніх,100 м2,труд_робітників,Т1,"Труд робітників, розряд 3.2",люд.-год,2.582,95.0,245.29,True
7-4-2,Установлення панелей стінових внутрішніх,100 м2,матеріал,С301-1,Допоміжні матеріали,компл,1.0,150,150.0,True
7-4-2,Установлення панелей стінових внутрішніх,100 м2,труд_робітників,Т1,"Труд робітників, розряд 3.2",люд.-год,3.199,95.0,303.9,True
7-4-3,Установлення панелей перегородок,100 м2,машина,С212-1,Підйомник / кран (подача матеріалів),маш.-год,0.15,900,135.0,True
7-4-3,Установлення панелей перегородок,100 м2,матеріал,С137-1,Цегла керамічна,шт,5100,12,61200,True
7-4-3,Установлення панелей перегородок,100 м2,матеріал,С135-1,Розчин мурувальний,м3,2.4,2200,5280.0,True
7-4-3,Установлення панелей перегородок,100 м2,труд_робітників,Т1,"Труд робітників, розряд 3.5",люд.-год,58.806,95.0,5586.57,True
7-4-3,Установлення панелей перегородок,100 м2,труд_машиністів,Т2,Труд машиністів,люд.-год,0.15,110.0,16.5,True
7-5-1,Установлення сходових маршів,шт,матеріал,С301-1,Допоміжні матеріали,компл,1.0,150,150.0,True
7-5-1,Установлення сходових маршів,шт,труд_робітників,Т1,"Труд робітників, розряд 3.2",люд.-год,2.673,95.0,253.94,True
7-5-2,Установлення сходових площадок,шт,матеріал,С301-1,Допоміжні матеріали,компл,1.0,150,150.0,True
7-5-2,Установлення сходових площадок,шт,труд_робітників,Т1,"Труд робітників, розряд 3.2",люд.-год,3.161,95.0,300.3,True
7-5-3,Установлення елементів огородження сходів,м,матеріал,С301-1,Допоміжні матеріали,компл,1.0,150,150.0,True
7-5-3,Установлення елементів огородження сходів,м,труд_робітників,Т1,"Труд робітників, розряд 3.2",люд.-год,3.089,95.0,293.45,True
7-6-1,Установлення санітарно-технічних кабін,шт,матеріал,С301-1,Допоміжні матеріали,компл,1.0,150,150.0,True
7-6-1,Установлення санітарно-технічних кабін,шт,труд_робітників,Т1,"Труд робітників, розряд 3.2",люд.-год,3.485,95.0,331.07,True
7-6-2,Установлення вентиляційних блоків,шт,машина,С212-1,Підйомник / кран (подача матеріалів),маш.-год,0.15,900,135.0,True
7-6-2,Установлення вентиляційних блоків,шт,матеріал,С137-1,Цегла керамічна рядова 250×120×65,шт,400.82,12,4809.84,True
7-6-2,Установлення вентиляційних блоків,шт,матеріал,С135-1,Розчин мурувальний М50–М75,м3,0.24,2200,528.0,True
7-6-2,Установлення вентиляційних блоків,шт,матеріал,С138-1,Вода,м3,0.15,40,6.0,True
7-6-2,Установлення вентиляційних блоків,шт,труд_робітників,Т1,"Труд робітників, розряд 3.5",люд.-год,4.866,95.0,462.27,True
7-6-2,Установлення вентиляційних блоків,шт,труд_машиністів,Т2,Труд машиністів,люд.-год,0.15,110.0,16.5,True
7-6-3,Установлення ліфтових шахт збірних,шт,матеріал,С301-1,Допоміжні матеріали,компл,1.0,150,150.0,True
7-6-3,Установлення ліфтових шахт збірних,шт,труд_робітників,Т1,"Труд робітників, розряд 3.2",люд.-год,2.851,95.0,270.84,True
8-1-1,Улаштування фундаментів із бутового каменю під лопату,м3,машина,С212-1,Підйомник / кран (подача матеріалів),маш.-год,0.15,900,135.0,True
8-1-1,Улаштування фундаментів із бутового каменю під лопату,м3,матеріал,С134-1,Камінь бутовий,м3,1.05,900,945.0,True
8-1-1,Улаштування фундаментів із бутового каменю під лопату,м3,матеріал,С135-1,Розчин мурувальний М50–М75,м3,0.38,2200,836.0,True
8-1-1,Улаштування фундаментів із бутового каменю під лопату,м3,труд_робітників,Т1,"Труд робітників, розряд 3.3",люд.-год,6.141,95.0,583.39,True
8-1-1,Улаштування фундаментів із бутового каменю під лопату,м3,труд_машиністів,Т2,Труд машиністів,люд.-год,0.15,110.0,16.5,True
8-1-2,Улаштування фундаментів із бутового каменю під скобу,м3,машина,С212-1,Підйомник / кран (подача матеріалів),маш.-год,0.15,900,135.0,True
8-1-2,Улаштування фундаментів із бутового каменю під скобу,м3,матеріал,С134-1,Камінь бутовий,м3,1.05,900,945.0,True
8-1-2,Улаштування фундаментів із бутового каменю під скобу,м3,матеріал,С135-1,Розчин мурувальний М50–М75,м3,0.38,2200,836.0,True
8-1-2,Улаштування фундаментів із бутового каменю під скобу,м3,труд_робітників,Т1,"Труд робітників, розряд 3.3",люд.-год,6.469,95.0,614.56,True
8-1-2,Улаштування фундаментів із бутового каменю під скобу,м3,труд_машиністів,Т2,Труд машиністів,люд.-год,0.15,110.0,16.5,True
8-1-3,Мурування стін підвалів із бутового каменю під лопату,м3,машина,С212-1,Підйомник / кран (подача матеріалів),маш.-год,0.15,900,135.0,True
8-1-3,Мурування стін підвалів із бутового каменю під лопату,м3,матеріал,С134-1,Камінь бутовий,м3,1.05,900,945.0,True
8-1-3,Мурування стін підвалів із бутового каменю під лопату,м3,матеріал,С135-1,Розчин мурувальний М50–М75,м3,0.38,2200,836.0,True
8-1-3,Мурування стін підвалів із бутового каменю під лопату,м3,труд_робітників,Т1,"Труд робітників, розряд 3.3",люд.-год,6.055,95.0,575.23,True
8-1-3,Мурування стін підвалів із бутового каменю під лопату,м3,труд_машиністів,Т2,Труд машиністів,люд.-год,0.15,110.0,16.5,True
8-1-4,Мурування стін підвалів із бутового каменю під скобу,м3,машина,С212-1,Підйомник / кран (подача матеріалів),маш.-год,0.15,900,135.0,True
8-1-4,Мурування стін підвалів із бутового каменю під скобу,м3,матеріал,С134-1,Камінь бутовий,м3,1.05,900,945.0,True
8-1-4,Мурування стін підвалів із бутового каменю під скобу,м3,матеріал,С135-1,Розчин мурувальний М50–М75,м3,0.38,2200,836.0,True
8-1-4,Мурування стін підвалів із бутового каменю під скобу,м3,труд_робітників,Т1,"Труд робітників, розряд 3.3",люд.-год,6.113,95.0,580.74,True
8-1-4,Мурування стін підвалів із бутового каменю під скобу,м3,труд_машиністів,Т2,Труд машиністів,люд.-год,0.15,110.0,16.5,True
8-1-5,Мурування стін із бутового каменю з облицюванням цеглою,м3,машина,С212-1,Підйомник / кран (подача матеріалів),маш.-год,0.15,900,135.0,True
8-1-5,Мурування стін із бутового каменю з облицюванням цеглою,м3,матеріал,С134-1,Камінь бутовий,м3,1.05,900,945.0,True
8-1-5,Мурування стін із бутового каменю з облицюванням цеглою,м3,матеріал,С135-1,Розчин мурувальний М50–М75,м3,0.38,2200,836.0,True
8-1-5,Мурування стін із бутового каменю з облицюванням цеглою,м3,труд_робітників,Т1,"Труд робітників, розряд 3.3",люд.-год,6.626,95.0,629.47,True
8-1-5,Мурування стін із бутового каменю з облицюванням цеглою,м3,труд_машиністів,Т2,Труд машиністів,люд.-год,0.15,110.0,16.5,True
8-2-1,Улаштування піщаної основи під фундаменти з ущільненням,м3,машина,С201-2,Бульдозер / трамбівка,маш.-год,0.5,600,300.0,True
8-2-1,Улаштування піщаної основи під фундаменти з ущільненням,м3,матеріал,С300-1,Пальне дизельне (орієнтовно),л,4.25,55,233.75,True
8-2-1,Улаштування піщаної основи під фундаменти з ущільненням,м3,матеріал,С300-2,Мастильні матеріали,кг,0.2125,120,25.5,True
8-2-1,Улаштування піщаної основи під фундаменти з ущільненням,м3,труд_робітників,Т1,"Труд робітників, розряд 2.8",люд.-год,9.969,95.0,947.05,True
8-2-1,Улаштування піщаної основи під фундаменти з ущільненням,м3,труд_машиністів,Т2,Труд машиністів,люд.-год,0.5,110.0,55.0,True
8-2-2,Улаштування щебеневої основи під фундаменти з ущільненням,м3,машина,С201-2,Бульдозер / трамбівка,маш.-год,0.5,600,300.0,True
8-2-2,Улаштування щебеневої основи під фундаменти з ущільненням,м3,матеріал,С300-1,Пальне дизельне (орієнтовно),л,4.25,55,233.75,True
8-2-2,Улаштування щебеневої основи під фундаменти з ущільненням,м3,матеріал,С300-2,Мастильні матеріали,кг,0.2125,120,25.5,True
8-2-2,Улаштування щебеневої основи під фундаменти з ущільненням,м3,труд_робітників,Т1,"Труд робітників, розряд 2.8",люд.-год,10.63,95.0,1009.85,True
8-2-2,Улаштування щебеневої основи під фундаменти з ущільненням,м3,труд_машиністів,Т2,Труд машиністів,люд.-год,0.5,110.0,55.0,True
8-2-3,Улаштування бетонної підготовки товщиною 100 мм,м3,машина,С212-1,Підйомник / кран (подача матеріалів),маш.-год,0.15,900,135.0,True
8-2-3,Улаштування бетонної підготовки товщиною 100 мм,м3,матеріал,С137-1,Цегла керамічна рядова 250×120×65,шт,401.66,12,4819.92,True
8-2-3,Улаштування бетонної підготовки товщиною 100 мм,м3,матеріал,С135-1,Розчин мурувальний М50–М75,м3,0.24,2200,528.0,True
8-2-3,Улаштування бетонної підготовки товщиною 100 мм,м3,матеріал,С138-1,Вода,м3,0.15,40,6.0,True
8-2-3,Улаштування бетонної підготовки товщиною 100 мм,м3,труд_робітників,Т1,"Труд робітників, розряд 3.5",люд.-год,4.933,95.0,468.63,True
8-2-3,Улаштування бетонної підготовки товщиною 100 мм,м3,труд_машиністів,Т2,Труд машиністів,люд.-год,0.15,110.0,16.5,True
8-3-1,Горизонтальна ізоляція цементним розчином 1:2 товщиною 20 мм,100 м2,машина,С212-1,Підйомник / кран (подача матеріалів),маш.-год,0.15,900,135.0,True
8-3-1,Горизонтальна ізоляція цементним розчином 1:2 товщиною 20 мм,100 м2,матеріал,С137-1,Цегла керамічна,шт,5100,12,61200,True
8-3-1,Горизонтальна ізоляція цементним розчином 1:2 товщиною 20 мм,100 м2,матеріал,С135-1,Розчин мурувальний,м3,2.4,2200,5280.0,True
8-3-1,Горизонтальна ізоляція цементним розчином 1:2 товщиною 20 мм,100 м2,труд_робітників,Т1,"Труд робітників, розряд 3.5",люд.-год,59.358,95.0,5639.01,True
8-3-1,Горизонтальна ізоляція цементним розчином 1:2 товщиною 20 мм,100 м2,труд_машиністів,Т2,Труд машиністів,люд.-год,0.15,110.0,16.5,True
8-3-2,Горизонтальна ізоляція рулонними матеріалами в 1 шар,100 м2,машина,С212-1,Підйомник / кран (подача матеріалів),маш.-год,0.15,900,135.0,True
8-3-2,Горизонтальна ізоляція рулонними матеріалами в 1 шар,100 м2,матеріал,С137-1,Цегла керамічна,шт,5100,12,61200,True
8-3-2,Горизонтальна ізоляція рулонними матеріалами в 1 шар,100 м2,матеріал,С135-1,Розчин мурувальний,м3,2.4,2200,5280.0,True
8-3-2,Горизонтальна ізоляція рулонними матеріалами в 1 шар,100 м2,труд_робітників,Т1,"Труд робітників, розряд 3.5",люд.-год,56.427,95.0,5360.56,True
8-3-2,Горизонтальна ізоляція рулонними матеріалами в 1 шар,100 м2,труд_машиністів,Т2,Труд машиністів,люд.-год,0.15,110.0,16.5,True
8-3-3,Горизонтальна ізоляція рулонними матеріалами в 2 шари,100 м2,машина,С212-1,Підйомник / кран (подача матеріалів),маш.-год,0.15,900,135.0,True
8-3-3,Горизонтальна ізоляція рулонними матеріалами в 2 шари,100 м2,матеріал,С137-1,Цегла керамічна,шт,5100,12,61200,True
8-3-3,Горизонтальна ізоляція рулонними матеріалами в 2 шари,100 м2,матеріал,С135-1,Розчин мурувальний,м3,2.4,2200,5280.0,True
8-3-3,Горизонтальна ізоляція рулонними матеріалами в 2 шари,100 м2,труд_робітників,Т1,"Труд робітників, розряд 3.5",люд.-год,58.605,95.0,5567.47,True
8-3-3,Горизонтальна ізоляція рулонними матеріалами в 2 шари,100 м2,труд_машиністів,Т2,Труд машиністів,люд.-год,0.15,110.0,16.5,True
8-3-4,Бокова обмазувальна ізоляція бітумною мастикою в 2 шари,100 м2,машина,С212-1,Підйомник / кран (подача матеріалів),маш.-год,0.15,900,135.0,True
8-3-4,Бокова обмазувальна ізоляція бітумною мастикою в 2 шари,100 м2,матеріал,С137-1,Цегла керамічна,шт,5100,12,61200,True
8-3-4,Бокова обмазувальна ізоляція бітумною мастикою в 2 шари,100 м2,матеріал,С135-1,Розчин мурувальний,м3,2.4,2200,5280.0,True
8-3-4,Бокова обмазувальна ізоляція бітумною мастикою в 2 шари,100 м2,труд_робітників,Т1,"Труд робітників, розряд 3.5",люд.-год,62.594,95.0,5946.43,True
8-3-4,Бокова обмазувальна ізоляція бітумною мастикою в 2 шари,100 м2,труд_машиністів,Т2,Труд машиністів,люд.-год,0.15,110.0,16.5,True
8-3-5,Бокова обклеювальна ізоляція рулонними матеріалами в 1 шар,100 м2,машина,С212-1,Підйомник / кран (подача матеріалів),маш.-год,0.15,900,135.0,True
8-3-5,Бокова обклеювальна ізоляція рулонними матеріалами в 1 шар,100 м2,матеріал,С130-1,Блоки газобетонні,м3,1.02,2800,2856.0,True
8-3-5,Бокова обклеювальна ізоляція рулонними матеріалами в 1 шар,100 м2,матеріал,С131-1,Клейова суміш для газобетону,кг,25,18,450,True
8-3-5,Бокова обклеювальна ізоляція рулонними матеріалами в 1 шар,100 м2,матеріал,С132-1,Арматура для армопоясів / сітка,кг,2.5,35,87.5,True
8-3-5,Бокова обклеювальна ізоляція рулонними матеріалами в 1 шар,100 м2,труд_робітників,Т1,"Труд робітників, розряд 3.6",люд.-год,4.361,95.0,414.29,True
8-3-5,Бокова обклеювальна ізоляція рулонними матеріалами в 1 шар,100 м2,труд_машиністів,Т2,Труд машиністів,люд.-год,0.15,110.0,16.5,True
8-3-6,Бокова обклеювальна ізоляція рулонними матеріалами в 2 шари,100 м2,машина,С212-1,Підйомник / кран (подача матеріалів),маш.-год,0.15,900,135.0,True
8-3-6,Бокова обклеювальна ізоляція рулонними матеріалами в 2 шари,100 м2,матеріал,С130-1,Блоки газобетонні,м3,1.02,2800,2856.0,True
8-3-6,Бокова обклеювальна ізоляція рулонними матеріалами в 2 шари,100 м2,матеріал,С131-1,Клейова суміш для газобетону,кг,25,18,450,True
8-3-6,Бокова обклеювальна ізоляція рулонними матеріалами в 2 шари,100 м2,матеріал,С132-1,Арматура для армопоясів / сітка,кг,2.5,35,87.5,True
8-3-6,Бокова обклеювальна ізоляція рулонними матеріалами в 2 шари,100 м2,труд_робітників,Т1,"Труд робітників, розряд 3.6",люд.-год,4.725,95.0,448.87,True
8-3-6,Бокова обклеювальна ізоляція рулонними матеріалами в 2 шари,100 м2,труд_машиністів,Т2,Труд машиністів,люд.-год,0.15,110.0,16.5,True
8-3-7,Обмазувальна ізоляція полімерцементними складами,100 м2,машина,С212-1,Підйомник / кран (подача матеріалів),маш.-год,0.15,900,135.0,True
8-3-7,Обмазувальна ізоляція полімерцементними складами,100 м2,матеріал,С137-1,Цегла керамічна,шт,5100,12,61200,True
8-3-7,Обмазувальна ізоляція полімерцементними складами,100 м2,матеріал,С135-1,Розчин мурувальний,м3,2.4,2200,5280.0,True
8-3-7,Обмазувальна ізоляція полімерцементними складами,100 м2,труд_робітників,Т1,"Труд робітників, розряд 3.5",люд.-год,57.023,95.0,5417.19,True
8-3-7,Обмазувальна ізоляція полімерцементними складами,100 м2,труд_машиністів,Т2,Труд машиністів,люд.-год,0.15,110.0,16.5,True
8-3-8,Вирівнювання бутових поверхонь розчином під ізоляцію,100 м2,машина,С212-1,Підйомник / кран (подача матеріалів),маш.-год,0.15,900,135.0,True
8-3-8,Вирівнювання бутових поверхонь розчином під ізоляцію,100 м2,матеріал,С134-1,Камінь бутовий,м3,1.05,900,945.0,True
8-3-8,Вирівнювання бутових поверхонь розчином під ізоляцію,100 м2,матеріал,С135-1,Розчин мурувальний М50–М75,м3,0.38,2200,836.0,True
8-3-8,Вирівнювання бутових поверхонь розчином під ізоляцію,100 м2,труд_робітників,Т1,"Труд робітників, розряд 3.3",люд.-год,5.814,95.0,552.33,True
8-3-8,Вирівнювання бутових поверхонь розчином під ізоляцію,100 м2,труд_машиністів,Т2,Труд машиністів,люд.-год,0.15,110.0,16.5,True
8-5-1,"Мурування зовнішніх простих стін із цегли керамічної, висота поверху до 4 м",м3,машина,С212-1,Підйомник / кран (подача матеріалів),маш.-год,0.15,900,135.0,True
8-5-1,"Мурування зовнішніх простих стін із цегли керамічної, висота поверху до 4 м",м3,матеріал,С137-1,Цегла керамічна рядова 250×120×65,шт,407.98,12,4895.76,True
8-5-1,"Мурування зовнішніх простих стін із цегли керамічної, висота поверху до 4 м",м3,матеріал,С135-1,Розчин мурувальний М50–М75,м3,0.24,2200,528.0,True
8-5-1,"Мурування зовнішніх простих стін із цегли керамічної, висота поверху до 4 м",м3,матеріал,С138-1,Вода,м3,0.15,40,6.0,True
8-5-1,"Мурування зовнішніх простих стін із цегли керамічної, висота поверху до 4 м",м3,труд_робітників,Т1,"Труд робітників, розряд 3.5",люд.-год,5.438,95.0,516.61,True
8-5-1,"Мурування зовнішніх простих стін із цегли керамічної, висота поверху до 4 м",м3,труд_машиністів,Т2,Труд машиністів,люд.-год,0.15,110.0,16.5,True
8-5-2,"Мурування зовнішніх стін середньої складності із цегли керамічної, висота поверху до 4 м",м3,машина,С212-1,Підйомник / кран (подача матеріалів),маш.-год,0.15,900,135.0,True
8-5-2,"Мурування зовнішніх стін середньої складності із цегли керамічної, висота поверху до 4 м",м3,матеріал,С137-1,Цегла керамічна рядова 250×120×65,шт,402.41,12,4828.92,True
8-5-2,"Мурування зовнішніх стін середньої складності із цегли керамічної, висота поверху до 4 м",м3,матеріал,С135-1,Розчин мурувальний М50–М75,м3,0.24,2200,528.0,True
8-5-2,"Мурування зовнішніх стін середньої складності із цегли керамічної, висота поверху до 4 м",м3,матеріал,С138-1,Вода,м3,0.15,40,6.0,True
8-5-2,"Мурування зовнішніх стін середньої складності із цегли керамічної, висота поверху до 4 м",м3,труд_робітників,Т1,"Труд робітників, розряд 3.5",люд.-год,4.992,95.0,474.24,True
8-5-2,"Мурування зовнішніх стін середньої складності із цегли керамічної, висота поверху до 4 м",м3,труд_машиністів,Т2,Труд машиністів,люд.-год,0.15,110.0,16.5,True
8-5-3,"Мурування зовнішніх складних стін із цегли керамічної, висота поверху до 4 м",м3,машина,С212-1,Підйомник / кран (подача матеріалів),маш.-год,0.15,900,135.0,True
8-5-3,"Мурування зовнішніх складних стін із цегли керамічної, висота поверху до 4 м",м3,матеріал,С137-1,Цегла керамічна рядова 250×120×65,шт,404.94,12,4859.28,True
8-5-3,"Мурування зовнішніх складних стін із цегли керамічної, висота поверху до 4 м",м3,матеріал,С135-1,Розчин мурувальний М50–М75,м3,0.24,2200,528.0,True
8-5-3,"Мурування зовнішніх складних стін із цегли керамічної, висота поверху до 4 м",м3,матеріал,С138-1,Вода,м3,0.15,40,6.0,True
8-5-3,"Мурування зовнішніх складних стін із цегли керамічної, висота поверху до 4 м",м3,труд_робітників,Т1,"Труд робітників, розряд 3.5",люд.-год,5.195,95.0,493.53,True
8-5-3,"Мурування зовнішніх складних стін із цегли керамічної, висота поверху до 4 м",м3,труд_машиністів,Т2,Труд машиністів,люд.-год,0.15,110.0,16.5,True
8-5-4,"Мурування внутрішніх стін із цегли керамічної, висота поверху до 4 м",м3,машина,С212-1,Підйомник / кран (подача матеріалів),маш.-год,0.15,900,135.0,True
8-5-4,"Мурування внутрішніх стін із цегли керамічної, висота поверху до 4 м",м3,матеріал,С137-1,Цегла керамічна рядова 250×120×65,шт,402.34,12,4828.08,True
8-5-4,"Мурування внутрішніх стін із цегли керамічної, висота поверху до 4 м",м3,матеріал,С135-1,Розчин мурувальний М50–М75,м3,0.24,2200,528.0,True
8-5-4,"Мурування внутрішніх стін із цегли керамічної, висота поверху до 4 м",м3,матеріал,С138-1,Вода,м3,0.15,40,6.0,True
8-5-4,"Мурування внутрішніх стін із цегли керамічної, висота поверху до 4 м",м3,труд_робітників,Т1,"Труд робітників, розряд 3.5",люд.-год,4.987,95.0,473.76,True
8-5-4,"Мурування внутрішніх стін із цегли керамічної, висота поверху до 4 м",м3,труд_машиністів,Т2,Труд машиністів,люд.-год,0.15,110.0,16.5,True
8-5-5,"Мурування зовнішніх простих стін із цегли силікатної, висота поверху до 4 м",м3,машина,С212-1,Підйомник / кран (подача матеріалів),маш.-год,0.15,900,135.0,True
8-5-5,"Мурування зовнішніх простих стін із цегли силікатної, висота поверху до 4 м",м3,матеріал,С137-2,Цегла силікатна,шт,400,10,4000,True
8-5-5,"Мурування зовнішніх простих стін із цегли силікатної, висота поверху до 4 м",м3,матеріал,С135-1,Розчин мурувальний М50–М75,м3,0.24,2200,528.0,True
8-5-5,"Мурування зовнішніх простих стін із цегли силікатної, висота поверху до 4 м",м3,матеріал,С138-1,Вода,м3,0.15,40,6.0,True
8-5-5,"Мурування зовнішніх простих стін із цегли силікатної, висота поверху до 4 м",м3,труд_робітників,Т1,"Труд робітників, розряд 3.5",люд.-год,5.025,95.0,477.38,True
8-5-5,"Мурування зовнішніх простих стін із цегли силікатної, висота поверху до 4 м",м3,труд_машиністів,Т2,Труд машиністів,люд.-год,0.15,110.0,16.5,True
8-5-6,"Мурування внутрішніх стін із цегли силікатної, висота поверху до 4 м",м3,машина,С212-1,Підйомник / кран (подача матеріалів),маш.-год,0.15,900,135.0,True
8-5-6,"Мурування внутрішніх стін із цегли силікатної, висота поверху до 4 м",м3,матеріал,С137-2,Цегла силікатна,шт,400,10,4000,True
8-5-6,"Мурування внутрішніх стін із цегли силікатної, висота поверху до 4 м",м3,матеріал,С135-1,Розчин мурувальний М50–М75,м3,0.24,2200,528.0,True
8-5-6,"Мурування внутрішніх стін із цегли силікатної, висота поверху до 4 м",м3,матеріал,С138-1,Вода,м3,0.15,40,6.0,True
8-5-6,"Мурування внутрішніх стін із цегли силікатної, висота поверху до 4 м",м3,труд_робітників,Т1,"Труд робітників, розряд 3.5",люд.-год,5.265,95.0,500.17,True
8-5-6,"Мурування внутрішніх стін із цегли силікатної, висота поверху до 4 м",м3,труд_машиністів,Т2,Труд машиністів,люд.-год,0.15,110.0,16.5,True
8-5-7,"Мурування зовнішніх простих стін із цегли керамічної, висота поверху понад 4 м",м3,машина,С212-1,Підйомник / кран (подача матеріалів),маш.-год,0.15,900,135.0,True
8-5-7,"Мурування зовнішніх простих стін із цегли керамічної, висота поверху понад 4 м",м3,матеріал,С137-1,Цегла керамічна рядова 250×120×65,шт,408.08,12,4896.96,True
8-5-7,"Мурування зовнішніх простих стін із цегли керамічної, висота поверху понад 4 м",м3,матеріал,С135-1,Розчин мурувальний М50–М75,м3,0.24,2200,528.0,True
8-5-7,"Мурування зовнішніх простих стін із цегли керамічної, висота поверху понад 4 м",м3,матеріал,С138-1,Вода,м3,0.15,40,6.0,True
8-5-7,"Мурування зовнішніх простих стін із цегли керамічної, висота поверху понад 4 м",м3,труд_робітників,Т1,"Труд робітників, розряд 3.5",люд.-год,5.447,95.0,517.47,True
8-5-7,"Мурування зовнішніх простих стін із цегли керамічної, висота поверху понад 4 м",м3,труд_машиністів,Т2,Труд машиністів,люд.-год,0.15,110.0,16.5,True
8-5-8,Мурування внутрішніх стін при висоті поверху понад 4 м,м3,машина,С212-1,Підйомник / кран (подача матеріалів),маш.-год,0.15,900,135.0,True
8-5-8,Мурування внутрішніх стін при висоті поверху понад 4 м,м3,матеріал,С137-1,Цегла керамічна рядова 250×120×65,шт,406.57,12,4878.84,True
8-5-8,Мурування внутрішніх стін при висоті поверху понад 4 м,м3,матеріал,С135-1,Розчин мурувальний М50–М75,м3,0.24,2200,528.0,True
8-5-8,Мурування внутрішніх стін при висоті поверху понад 4 м,м3,матеріал,С138-1,Вода,м3,0.15,40,6.0,True
8-5-8,Мурування внутрішніх стін при висоті поверху понад 4 м,м3,труд_робітників,Т1,"Труд робітників, розряд 3.5",люд.-год,5.326,95.0,505.97,True
8-5-8,Мурування внутрішніх стін при висоті поверху понад 4 м,м3,труд_машиністів,Т2,Труд машиністів,люд.-год,0.15,110.0,16.5,True
8-5-9,Мурування стін із цегли з облицюванням лицьовою цеглою одночасно,м3,машина,С212-1,Підйомник / кран (подача матеріалів),маш.-год,0.15,900,135.0,True
8-5-9,Мурування стін із цегли з облицюванням лицьовою цеглою одночасно,м3,матеріал,С137-1,Цегла керамічна рядова 250×120×65,шт,400.27,12,4803.24,True
8-5-9,Мурування стін із цегли з облицюванням лицьовою цеглою одночасно,м3,матеріал,С135-1,Розчин мурувальний М50–М75,м3,0.24,2200,528.0,True
8-5-9,Мурування стін із цегли з облицюванням лицьовою цеглою одночасно,м3,матеріал,С138-1,Вода,м3,0.15,40,6.0,True
8-5-9,Мурування стін із цегли з облицюванням лицьовою цеглою одночасно,м3,труд_робітників,Т1,"Труд робітників, розряд 3.5",люд.-год,4.821,95.0,457.99,True
8-5-9,Мурування стін із цегли з облицюванням лицьовою цеглою одночасно,м3,труд_машиністів,Т2,Труд машиністів,люд.-год,0.15,110.0,16.5,True
8-5-10,Мурування стін криволінійних у плані із цегли,м3,машина,С212-1,Підйомник / кран (подача матеріалів),маш.-год,0.15,900,135.0,True
8-5-10,Мурування стін криволінійних у плані із цегли,м3,матеріал,С137-1,Цегла керамічна рядова 250×120×65,шт,400.42,12,4805.04,True
8-5-10,Мурування стін криволінійних у плані із цегли,м3,матеріал,С135-1,Розчин мурувальний М50–М75,м3,0.24,2200,528.0,True
8-5-10,Мурування стін криволінійних у плані із цегли,м3,матеріал,С138-1,Вода,м3,0.15,40,6.0,True
8-5-10,Мурування стін криволінійних у плані із цегли,м3,труд_робітників,Т1,"Труд робітників, розряд 3.5",люд.-год,4.833,95.0,459.13,True
8-5-10,Мурування стін криволінійних у плані із цегли,м3,труд_машиністів,Т2,Труд машиністів,люд.-год,0.15,110.0,16.5,True
8-6-1,Мурування перегородок товщиною 1/2 цегли неармованих,100 м2,машина,С212-1,Підйомник / кран (подача матеріалів),маш.-год,0.15,900,135.0,True
8-6-1,Мурування перегородок товщиною 1/2 цегли неармованих,100 м2,матеріал,С137-1,Цегла керамічна,шт,5100,12,61200,True
8-6-1,Мурування перегородок товщиною 1/2 цегли неармованих,100 м2,матеріал,С135-1,Розчин мурувальний,м3,2.4,2200,5280.0,True
8-6-1,Мурування перегородок товщиною 1/2 цегли неармованих,100 м2,труд_робітників,Т1,"Труд робітників, розряд 3.5",люд.-год,62.215,95.0,5910.43,True
8-6-1,Мурування перегородок товщиною 1/2 цегли неармованих,100 м2,труд_машиністів,Т2,Труд машиністів,люд.-год,0.15,110.0,16.5,True
8-6-2,Мурування перегородок товщиною 1/2 цегли армованих,100 м2,машина,С212-1,Підйомник / кран (подача матеріалів),маш.-год,0.15,900,135.0,True
8-6-2,Мурування перегородок товщиною 1/2 цегли армованих,100 м2,матеріал,С137-1,Цегла керамічна,шт,5100,12,61200,True
8-6-2,Мурування перегородок товщиною 1/2 цегли армованих,100 м2,матеріал,С135-1,Розчин мурувальний,м3,2.4,2200,5280.0,True
8-6-2,Мурування перегородок товщиною 1/2 цегли армованих,100 м2,труд_робітників,Т1,"Труд робітників, розряд 3.5",люд.-год,57.409,95.0,5453.85,True
8-6-2,Мурування перегородок товщиною 1/2 цегли армованих,100 м2,труд_машиністів,Т2,Труд машиністів,люд.-год,0.15,110.0,16.5,True
8-6-3,Мурування перегородок товщиною 1 цеглу неармованих,100 м2,машина,С212-1,Підйомник / кран (подача матеріалів),маш.-год,0.15,900,135.0,True
8-6-3,Мурування перегородок товщиною 1 цеглу неармованих,100 м2,матеріал,С137-1,Цегла керамічна,шт,5100,12,61200,True
8-6-3,Мурування перегородок товщиною 1 цеглу неармованих,100 м2,матеріал,С135-1,Розчин мурувальний,м3,2.4,2200,5280.0,True
8-6-3,Мурування перегородок товщиною 1 цеглу неармованих,100 м2,труд_робітників,Т1,"Труд робітників, розряд 3.5",люд.-год,62.928,95.0,5978.16,True
8-6-3,Мурування перегородок товщиною 1 цеглу неармованих,100 м2,труд_машиністів,Т2,Труд машиністів,люд.-год,0.15,110.0,16.5,True
8-6-4,Мурування перегородок товщиною 1 цеглу армованих,100 м2,машина,С212-1,Підйомник / кран (подача матеріалів),маш.-год,0.15,900,135.0,True
8-6-4,Мурування перегородок товщиною 1 цеглу армованих,100 м2,матеріал,С137-1,Цегла керамічна,шт,5100,12,61200,True
8-6-4,Мурування перегородок товщиною 1 цеглу армованих,100 м2,матеріал,С135-1,Розчин мурувальний,м3,2.4,2200,5280.0,True
8-6-4,Мурування перегородок товщиною 1 цеглу армованих,100 м2,труд_робітників,Т1,"Труд робітників, розряд 3.5",люд.-год,63.123,95.0,5996.68,True
8-6-4,Мурування перегородок товщиною 1 цеглу армованих,100 м2,труд_машиністів,Т2,Труд машиністів,люд.-год,0.15,110.0,16.5,True
8-6-5,Мурування перегородок криволінійних товщиною 1/2 цегли,100 м2,машина,С212-1,Підйомник / кран (подача матеріалів),маш.-год,0.15,900,135.0,True
8-6-5,Мурування перегородок криволінійних товщиною 1/2 цегли,100 м2,матеріал,С137-1,Цегла керамічна,шт,5100,12,61200,True
8-6-5,Мурування перегородок криволінійних товщиною 1/2 цегли,100 м2,матеріал,С135-1,Розчин мурувальний,м3,2.4,2200,5280.0,True
8-6-5,Мурування перегородок криволінійних товщиною 1/2 цегли,100 м2,труд_робітників,Т1,"Труд робітників, розряд 3.5",люд.-год,61.082,95.0,5802.79,True
8-6-5,Мурування перегородок криволінійних товщиною 1/2 цегли,100 м2,труд_машиністів,Т2,Труд машиністів,люд.-год,0.15,110.0,16.5,True
8-7-1,Мурування стовпів прямокутних із цегли,м3,машина,С212-1,Підйомник / кран (подача матеріалів),маш.-год,0.15,900,135.0,True
8-7-1,Мурування стовпів прямокутних із цегли,м3,матеріал,С137-1,Цегла керамічна рядова 250×120×65,шт,406.96,12,4883.52,True
8-7-1,Мурування стовпів прямокутних із цегли,м3,матеріал,С135-1,Розчин мурувальний М50–М75,м3,0.24,2200,528.0,True
8-7-1,Мурування стовпів прямокутних із цегли,м3,матеріал,С138-1,Вода,м3,0.15,40,6.0,True
8-7-1,Мурування стовпів прямокутних із цегли,м3,труд_робітників,Т1,"Труд робітників, розряд 3.5",люд.-год,5.357,95.0,508.92,True
8-7-1,Мурування стовпів прямокутних із цегли,м3,труд_машиністів,Т2,Труд машиністів,люд.-год,0.15,110.0,16.5,True
8-7-2,Мурування стовпів з ускладненнями,м3,машина,С212-1,Підйомник / кран (подача матеріалів),маш.-год,0.15,900,135.0,True
8-7-2,Мурування стовпів з ускладненнями,м3,матеріал,С137-1,Цегла керамічна рядова 250×120×65,шт,402.95,12,4835.4,True
8-7-2,Мурування стовпів з ускладненнями,м3,матеріал,С135-1,Розчин мурувальний М50–М75,м3,0.24,2200,528.0,True
8-7-2,Мурування стовпів з ускладненнями,м3,матеріал,С138-1,Вода,м3,0.15,40,6.0,True
8-7-2,Мурування стовпів з ускладненнями,м3,труд_робітників,Т1,"Труд робітників, розряд 3.5",люд.-год,5.036,95.0,478.42,True
8-7-2,Мурування стовпів з ускладненнями,м3,труд_машиністів,Т2,Труд машиністів,люд.-год,0.15,110.0,16.5,True
8-7-3,Мурування карнизів і архітектурних деталей,м3,машина,С212-1,Підйомник / кран (подача матеріалів),маш.-год,0.15,900,135.0,True
8-7-3,Мурування карнизів і архітектурних деталей,м3,матеріал,С137-1,Цегла керамічна рядова 250×120×65,шт,406.66,12,4879.92,True
8-7-3,Мурування карнизів і архітектурних деталей,м3,матеріал,С135-1,Розчин мурувальний М50–М75,м3,0.24,2200,528.0,True
8-7-3,Мурування карнизів і архітектурних деталей,м3,матеріал,С138-1,Вода,м3,0.15,40,6.0,True
8-7-3,Мурування карнизів і архітектурних деталей,м3,труд_робітників,Т1,"Труд робітників, розряд 3.5",люд.-год,5.333,95.0,506.63,True
8-7-3,Мурування карнизів і архітектурних деталей,м3,труд_машиністів,Т2,Труд машиністів,люд.-год,0.15,110.0,16.5,True
8-7-4,Мурування каналів вентиляційних і димових у стінах,м3,машина,С212-1,Підйомник / кран (подача матеріалів),маш.-год,0.15,900,135.0,True
8-7-4,Мурування каналів вентиляційних і димових у стінах,м3,матеріал,С137-1,Цегла керамічна рядова 250×120×65,шт,401.25,12,4815.0,True
8-7-4,Мурування каналів вентиляційних і димових у стінах,м3,матеріал,С135-1,Розчин мурувальний М50–М75,м3,0.24,2200,528.0,True
8-7-4,Мурування каналів вентиляційних і димових у стінах,м3,матеріал,С138-1,Вода,м3,0.15,40,6.0,True
8-7-4,Мурування каналів вентиляційних і димових у стінах,м3,труд_робітників,Т1,"Труд робітників, розряд 3.5",люд.-год,4.9,95.0,465.5,True
8-7-4,Мурування каналів вентиляційних і димових у стінах,м3,труд_машиністів,Т2,Труд машиністів,люд.-год,0.15,110.0,16.5,True
8-7-5,Мурування перемичок рядових із цегли,м3,машина,С212-1,Підйомник / кран (подача матеріалів),маш.-год,0.15,900,135.0,True
8-7-5,Мурування перемичок рядових із цегли,м3,матеріал,С137-1,Цегла керамічна рядова 250×120×65,шт,409.71,12,4916.52,True
8-7-5,Мурування перемичок рядових із цегли,м3,матеріал,С135-1,Розчин мурувальний М50–М75,м3,0.24,2200,528.0,True
8-7-5,Мурування перемичок рядових із цегли,м3,матеріал,С138-1,Вода,м3,0.15,40,6.0,True
8-7-5,Мурування перемичок рядових із цегли,м3,труд_робітників,Т1,"Труд робітників, розряд 3.5",люд.-год,5.576,95.0,529.72,True
8-7-5,Мурування перемичок рядових із цегли,м3,труд_машиністів,Т2,Труд машиністів,люд.-год,0.15,110.0,16.5,True
8-7-6,Мурування перемичок клинчастих і аркових,м3,машина,С212-1,Підйомник / кран (подача матеріалів),маш.-год,0.15,900,135.0,True
8-7-6,Мурування перемичок клинчастих і аркових,м3,матеріал,С137-1,Цегла керамічна рядова 250×120×65,шт,409.36,12,4912.32,True
8-7-6,Мурування перемичок клинчастих і аркових,м3,матеріал,С135-1,Розчин мурувальний М50–М75,м3,0.24,2200,528.0,True
8-7-6,Мурування перемичок клинчастих і аркових,м3,матеріал,С138-1,Вода,м3,0.15,40,6.0,True
8-7-6,Мурування перемичок клинчастих і аркових,м3,труд_робітників,Т1,"Труд робітників, розряд 3.5",люд.-год,5.549,95.0,527.16,True
8-7-6,Мурування перемичок клинчастих і аркових,м3,труд_машиністів,Т2,Труд машиністів,люд.-год,0.15,110.0,16.5,True
8-10-1,Розшивання швів зовнішніх стін,100 м2,машина,С212-1,Підйомник / кран (подача матеріалів),маш.-год,0.15,900,135.0,True
8-10-1,Розшивання швів зовнішніх стін,100 м2,матеріал,С137-1,Цегла керамічна,шт,5100,12,61200,True
8-10-1,Розшивання швів зовнішніх стін,100 м2,матеріал,С135-1,Розчин мурувальний,м3,2.4,2200,5280.0,True
8-10-1,Розшивання швів зовнішніх стін,100 м2,труд_робітників,Т1,"Труд робітників, розряд 3.5",люд.-год,62.016,95.0,5891.52,True
8-10-1,Розшивання швів зовнішніх стін,100 м2,труд_машиністів,Т2,Труд машиністів,люд.-год,0.15,110.0,16.5,True
8-10-2,Розшивання швів внутрішніх стін,100 м2,машина,С212-1,Підйомник / кран (подача матеріалів),маш.-год,0.15,900,135.0,True
8-10-2,Розшивання швів внутрішніх стін,100 м2,матеріал,С137-1,Цегла керамічна,шт,5100,12,61200,True
8-10-2,Розшивання швів внутрішніх стін,100 м2,матеріал,С135-1,Розчин мурувальний,м3,2.4,2200,5280.0,True
8-10-2,Розшивання швів внутрішніх стін,100 м2,труд_робітників,Т1,"Труд робітників, розряд 3.5",люд.-год,59.065,95.0,5611.18,True
8-10-2,Розшивання швів внутрішніх стін,100 м2,труд_машиністів,Т2,Труд машиністів,люд.-год,0.15,110.0,16.5,True
8-10-3,Зменшення витрат при муруванні під штукатурку (виключити розшивання),100 м2,машина,С212-1,Підйомник / кран (подача матеріалів),маш.-год,0.15,900,135.0,True
8-10-3,Зменшення витрат при муруванні під штукатурку (виключити розшивання),100 м2,матеріал,С137-1,Цегла керамічна,шт,5100,12,61200,True
8-10-3,Зменшення витрат при муруванні під штукатурку (виключити розшивання),100 м2,матеріал,С135-1,Розчин мурувальний,м3,2.4,2200,5280.0,True
8-10-3,Зменшення витрат при муруванні під штукатурку (виключити розшивання),100 м2,труд_робітників,Т1,"Труд робітників, розряд 3.5",люд.-год,58.992,95.0,5604.24,True
8-10-3,Зменшення витрат при муруванні під штукатурку (виключити розшивання),100 м2,труд_машиністів,Т2,Труд машиністів,люд.-год,0.15,110.0,16.5,True
8-11-1,"Армування мурування стін, перемичок, простінків сітками/стержнями",т,машина,С210-1,Кран / бетононасос,маш.-год,0.6,1500,900.0,True
8-11-1,"Армування мурування стін, перемичок, простінків сітками/стержнями",т,машина,С211-1,Вібратор глибинний,маш.-год,0.8,120,96.0,True
8-11-1,"Армування мурування стін, перемичок, простінків сітками/стержнями",т,матеріал,С120-1,Бетон товарний В15–В25,м3,1.02,3200,3264.0,True
8-11-1,"Армування мурування стін, перемичок, простінків сітками/стержнями",т,матеріал,С121-1,Вода,м3,0.2,40,8.0,True
8-11-1,"Армування мурування стін, перемичок, простінків сітками/стержнями",т,труд_робітників,Т1,"Труд робітників, розряд 3.5",люд.-год,7.55,95.0,717.25,True
8-11-1,"Армування мурування стін, перемичок, простінків сітками/стержнями",т,труд_машиністів,Т2,Труд машиністів,люд.-год,0.6,110.0,66.0,True
8-11-2,Установлення металевих зв'язків і ґрат,т,машина,С212-1,Підйомник / кран (подача матеріалів),маш.-год,0.15,900,135.0,True
8-11-2,Установлення металевих зв'язків і ґрат,т,матеріал,С137-1,Цегла керамічна рядова 250×120×65,шт,401.07,12,4812.84,True
8-11-2,Установлення металевих зв'язків і ґрат,т,матеріал,С135-1,Розчин мурувальний М50–М75,м3,0.24,2200,528.0,True
8-11-2,Установлення металевих зв'язків і ґрат,т,матеріал,С138-1,Вода,м3,0.15,40,6.0,True
8-11-2,Установлення металевих зв'язків і ґрат,т,труд_робітників,Т1,"Труд робітників, розряд 3.5",люд.-год,4.886,95.0,464.17,True
8-11-2,Установлення металевих зв'язків і ґрат,т,труд_машиністів,Т2,Труд машиністів,люд.-год,0.15,110.0,16.5,True
8-11-3,Улаштування армопоясів із сітки в муруванні,т,машина,С212-1,Підйомник / кран (подача матеріалів),маш.-год,0.15,900,135.0,True
8-11-3,Улаштування армопоясів із сітки в муруванні,т,матеріал,С137-1,Цегла керамічна рядова 250×120×65,шт,404.68,12,4856.16,True
8-11-3,Улаштування армопоясів із сітки в муруванні,т,матеріал,С135-1,Розчин мурувальний М50–М75,м3,0.24,2200,528.0,True
8-11-3,Улаштування армопоясів із сітки в муруванні,т,матеріал,С138-1,Вода,м3,0.15,40,6.0,True
8-11-3,Улаштування армопоясів із сітки в муруванні,т,труд_робітників,Т1,"Труд робітників, розряд 3.5",люд.-год,5.175,95.0,491.62,True
8-11-3,Улаштування армопоясів із сітки в муруванні,т,труд_машиністів,Т2,Труд машиністів,люд.-год,0.15,110.0,16.5,True
8-12-1,Мурування зовнішніх простих стін із каменів керамічних,м3,машина,С212-1,Підйомник / кран (подача матеріалів),маш.-год,0.15,900,135.0,True
8-12-1,Мурування зовнішніх простих стін із каменів керамічних,м3,матеріал,С137-1,Цегла керамічна рядова 250×120×65,шт,404.51,12,4854.12,True
8-12-1,Мурування зовнішніх простих стін із каменів керамічних,м3,матеріал,С135-1,Розчин мурувальний М50–М75,м3,0.24,2200,528.0,True
8-12-1,Мурування зовнішніх простих стін із каменів керамічних,м3,матеріал,С138-1,Вода,м3,0.15,40,6.0,True
8-12-1,Мурування зовнішніх простих стін із каменів керамічних,м3,труд_робітників,Т1,"Труд робітників, розряд 3.5",люд.-год,5.161,95.0,490.29,True
8-12-1,Мурування зовнішніх простих стін із каменів керамічних,м3,труд_машиністів,Т2,Труд машиністів,люд.-год,0.15,110.0,16.5,True
8-12-2,Мурування зовнішніх стін середньої складності із каменів,м3,машина,С212-1,Підйомник / кран (подача матеріалів),маш.-год,0.15,900,135.0,True
8-12-2,Мурування зовнішніх стін середньої складності із каменів,м3,матеріал,С137-1,Цегла керамічна рядова 250×120×65,шт,406.17,12,4874.04,True
8-12-2,Мурування зовнішніх стін середньої складності із каменів,м3,матеріал,С135-1,Розчин мурувальний М50–М75,м3,0.24,2200,528.0,True
8-12-2,Мурування зовнішніх стін середньої складності із каменів,м3,матеріал,С138-1,Вода,м3,0.15,40,6.0,True
8-12-2,Мурування зовнішніх стін середньої складності із каменів,м3,труд_робітників,Т1,"Труд робітників, розряд 3.5",люд.-год,5.293,95.0,502.84,True
8-12-2,Мурування зовнішніх стін середньої складності із каменів,м3,труд_машиністів,Т2,Труд машиністів,люд.-год,0.15,110.0,16.5,True
8-12-3,Мурування внутрішніх стін із каменів керамічних,м3,машина,С212-1,Підйомник / кран (подача матеріалів),маш.-год,0.15,900,135.0,True
8-12-3,Мурування внутрішніх стін із каменів керамічних,м3,матеріал,С137-1,Цегла керамічна рядова 250×120×65,шт,402.0,12,4824.0,True
8-12-3,Мурування внутрішніх стін із каменів керамічних,м3,матеріал,С135-1,Розчин мурувальний М50–М75,м3,0.24,2200,528.0,True
8-12-3,Мурування внутрішніх стін із каменів керамічних,м3,матеріал,С138-1,Вода,м3,0.15,40,6.0,True
8-12-3,Мурування внутрішніх стін із каменів керамічних,м3,труд_робітників,Т1,"Труд робітників, розряд 3.5",люд.-год,4.96,95.0,471.2,True
8-12-3,Мурування внутрішніх стін із каменів керамічних,м3,труд_машиністів,Т2,Труд машиністів,люд.-год,0.15,110.0,16.5,True
8-12-4,Мурування зовнішніх стін із каменів силікатних,м3,машина,С212-1,Підйомник / кран (подача матеріалів),маш.-год,0.15,900,135.0,True
8-12-4,Мурування зовнішніх стін із каменів силікатних,м3,матеріал,С137-2,Цегла силікатна,шт,400,10,4000,True
8-12-4,Мурування зовнішніх стін із каменів силікатних,м3,матеріал,С135-1,Розчин мурувальний М50–М75,м3,0.24,2200,528.0,True
8-12-4,Мурування зовнішніх стін із каменів силікатних,м3,матеріал,С138-1,Вода,м3,0.15,40,6.0,True
8-12-4,Мурування зовнішніх стін із каменів силікатних,м3,труд_робітників,Т1,"Труд робітників, розряд 3.5",люд.-год,5.121,95.0,486.5,True
8-12-4,Мурування зовнішніх стін із каменів силікатних,м3,труд_машиністів,Т2,Труд машиністів,люд.-год,0.15,110.0,16.5,True
8-20-1,Мурування зовнішніх стін із легкобетонних каменів,м3,машина,С212-1,Підйомник / кран (подача матеріалів),маш.-год,0.15,900,135.0,True
8-20-1,Мурування зовнішніх стін із легкобетонних каменів,м3,матеріал,С137-1,Цегла керамічна рядова 250×120×65,шт,401.13,12,4813.56,True
8-20-1,Мурування зовнішніх стін із легкобетонних каменів,м3,матеріал,С135-1,Розчин мурувальний М50–М75,м3,0.24,2200,528.0,True
8-20-1,Мурування зовнішніх стін із легкобетонних каменів,м3,матеріал,С138-1,Вода,м3,0.15,40,6.0,True
8-20-1,Мурування зовнішніх стін із легкобетонних каменів,м3,труд_робітників,Т1,"Труд робітників, розряд 3.5",люд.-год,4.89,95.0,464.55,True
8-20-1,Мурування зовнішніх стін із легкобетонних каменів,м3,труд_машиністів,Т2,Труд машиністів,люд.-год,0.15,110.0,16.5,True
8-20-2,Мурування внутрішніх стін із легкобетонних каменів,м3,машина,С212-1,Підйомник / кран (подача матеріалів),маш.-год,0.15,900,135.0,True
8-20-2,Мурування внутрішніх стін із легкобетонних каменів,м3,матеріал,С137-1,Цегла керамічна рядова 250×120×65,шт,407.47,12,4889.64,True
8-20-2,Мурування внутрішніх стін із легкобетонних каменів,м3,матеріал,С135-1,Розчин мурувальний М50–М75,м3,0.24,2200,528.0,True
8-20-2,Мурування внутрішніх стін із легкобетонних каменів,м3,матеріал,С138-1,Вода,м3,0.15,40,6.0,True
8-20-2,Мурування внутрішніх стін із легкобетонних каменів,м3,труд_робітників,Т1,"Труд робітників, розряд 3.5",люд.-год,5.398,95.0,512.81,True
8-20-2,Мурування внутрішніх стін із легкобетонних каменів,м3,труд_машиністів,Т2,Труд машиністів,люд.-год,0.15,110.0,16.5,True
8-20-3,Заповнення каркасів і фахверків легкобетонними каменями,м3,машина,С212-1,Підйомник / кран (подача матеріалів),маш.-год,0.15,900,135.0,True
8-20-3,Заповнення каркасів і фахверків легкобетонними каменями,м3,матеріал,С137-1,Цегла керамічна рядова 250×120×65,шт,403.36,12,4840.32,True
8-20-3,Заповнення каркасів і фахверків легкобетонними каменями,м3,матеріал,С135-1,Розчин мурувальний М50–М75,м3,0.24,2200,528.0,True
8-20-3,Заповнення каркасів і фахверків легкобетонними каменями,м3,матеріал,С138-1,Вода,м3,0.15,40,6.0,True
8-20-3,Заповнення каркасів і фахверків легкобетонними каменями,м3,труд_робітників,Т1,"Труд робітників, розряд 3.5",люд.-год,5.069,95.0,481.56,True
8-20-3,Заповнення каркасів і фахверків легкобетонними каменями,м3,труд_машиністів,Т2,Труд машиністів,люд.-год,0.15,110.0,16.5,True
8-20-4,Засипання порожнин у каменях легким бетоном/засипкою,м3,машина,С201-2,Бульдозер / трамбівка,маш.-год,0.5,600,300.0,True
8-20-4,Засипання порожнин у каменях легким бетоном/засипкою,м3,матеріал,С300-1,Пальне дизельне (орієнтовно),л,4.25,55,233.75,True
8-20-4,Засипання порожнин у каменях легким бетоном/засипкою,м3,матеріал,С300-2,Мастильні матеріали,кг,0.2125,120,25.5,True
8-20-4,Засипання порожнин у каменях легким бетоном/засипкою,м3,труд_робітників,Т1,"Труд робітників, розряд 2.8",люд.-год,8.926,95.0,847.97,True
8-20-4,Засипання порожнин у каменях легким бетоном/засипкою,м3,труд_машиністів,Т2,Труд машиністів,люд.-год,0.5,110.0,55.0,True
8-21-1,Мурування стін із керамзитобетонних блоків у каркасних будівлях,м3,машина,С212-1,Підйомник / кран (подача матеріалів),маш.-год,0.15,900,135.0,True
8-21-1,Мурування стін із керамзитобетонних блоків у каркасних будівлях,м3,матеріал,С137-1,Цегла керамічна рядова 250×120×65,шт,404.21,12,4850.52,True
8-21-1,Мурування стін із керамзитобетонних блоків у каркасних будівлях,м3,матеріал,С135-1,Розчин мурувальний М50–М75,м3,0.24,2200,528.0,True
8-21-1,Мурування стін із керамзитобетонних блоків у каркасних будівлях,м3,матеріал,С138-1,Вода,м3,0.15,40,6.0,True
8-21-1,Мурування стін із керамзитобетонних блоків у каркасних будівлях,м3,труд_робітників,Т1,"Труд робітників, розряд 3.5",люд.-год,5.136,95.0,487.92,True
8-21-1,Мурування стін із керамзитобетонних блоків у каркасних будівлях,м3,труд_машиністів,Т2,Труд машиністів,люд.-год,0.15,110.0,16.5,True
8-21-2,Мурування стін із бетонних пазогребеневих блоків,м3,машина,С212-1,Підйомник / кран (подача матеріалів),маш.-год,0.15,900,135.0,True
8-21-2,Мурування стін із бетонних пазогребеневих блоків,м3,матеріал,С137-1,Цегла керамічна рядова 250×120×65,шт,409.99,12,4919.88,True
8-21-2,Мурування стін із бетонних пазогребеневих блоків,м3,матеріал,С135-1,Розчин мурувальний М50–М75,м3,0.24,2200,528.0,True
8-21-2,Мурування стін із бетонних пазогребеневих блоків,м3,матеріал,С138-1,Вода,м3,0.15,40,6.0,True
8-21-2,Мурування стін із бетонних пазогребеневих блоків,м3,труд_робітників,Т1,"Труд робітників, розряд 3.5",люд.-год,5.599,95.0,531.9,True
8-21-2,Мурування стін із бетонних пазогребеневих блоків,м3,труд_машиністів,Т2,Труд машиністів,люд.-год,0.15,110.0,16.5,True
8-21-3,Мурування стін із керамзитобетонних блоків з облицюванням цеглою,м3,машина,С212-1,Підйомник / кран (подача матеріалів),маш.-год,0.15,900,135.0,True
8-21-3,Мурування стін із керамзитобетонних блоків з облицюванням цеглою,м3,матеріал,С137-1,Цегла керамічна рядова 250×120×65,шт,405.26,12,4863.12,True
8-21-3,Мурування стін із керамзитобетонних блоків з облицюванням цеглою,м3,матеріал,С135-1,Розчин мурувальний М50–М75,м3,0.24,2200,528.0,True
8-21-3,Мурування стін із керамзитобетонних блоків з облицюванням цеглою,м3,матеріал,С138-1,Вода,м3,0.15,40,6.0,True
8-21-3,Мурування стін із керамзитобетонних блоків з облицюванням цеглою,м3,труд_робітників,Т1,"Труд робітників, розряд 3.5",люд.-год,5.221,95.0,496.0,True
8-21-3,Мурування стін із керамзитобетонних блоків з облицюванням цеглою,м3,труд_машиністів,Т2,Труд машиністів,люд.-год,0.15,110.0,16.5,True
8-22-1,"Мурування зовнішніх стін із газобетонних блоків на клею, товщина 300 мм",м3,машина,С212-1,Підйомник / кран (подача матеріалів),маш.-год,0.15,900,135.0,True
8-22-1,"Мурування зовнішніх стін із газобетонних блоків на клею, товщина 300 мм",м3,матеріал,С130-1,Блоки газобетонні,м3,1.02,2800,2856.0,True
8-22-1,"Мурування зовнішніх стін із газобетонних блоків на клею, товщина 300 мм",м3,матеріал,С131-1,Клейова суміш для газобетону,кг,25,18,450,True
8-22-1,"Мурування зовнішніх стін із газобетонних блоків на клею, товщина 300 мм",м3,матеріал,С132-1,Арматура для армопоясів / сітка,кг,2.5,35,87.5,True
8-22-1,"Мурування зовнішніх стін із газобетонних блоків на клею, товщина 300 мм",м3,труд_робітників,Т1,"Труд робітників, розряд 3.6",люд.-год,3.871,95.0,367.75,True
8-22-1,"Мурування зовнішніх стін із газобетонних блоків на клею, товщина 300 мм",м3,труд_машиністів,Т2,Труд машиністів,люд.-год,0.15,110.0,16.5,True
8-22-2,"Мурування зовнішніх стін із газобетонних блоків на клею, товщина 375–400 мм",м3,машина,С212-1,Підйомник / кран (подача матеріалів),маш.-год,0.15,900,135.0,True
8-22-2,"Мурування зовнішніх стін із газобетонних блоків на клею, товщина 375–400 мм",м3,матеріал,С130-1,Блоки газобетонні,м3,1.02,2800,2856.0,True
8-22-2,"Мурування зовнішніх стін із газобетонних блоків на клею, товщина 375–400 мм",м3,матеріал,С131-1,Клейова суміш для газобетону,кг,25,18,450,True
8-22-2,"Мурування зовнішніх стін із газобетонних блоків на клею, товщина 375–400 мм",м3,матеріал,С132-1,Арматура для армопоясів / сітка,кг,2.5,35,87.5,True
8-22-2,"Мурування зовнішніх стін із газобетонних блоків на клею, товщина 375–400 мм",м3,труд_робітників,Т1,"Труд робітників, розряд 3.6",люд.-год,4.501,95.0,427.6,True
8-22-2,"Мурування зовнішніх стін із газобетонних блоків на клею, товщина 375–400 мм",м3,труд_машиністів,Т2,Труд машиністів,люд.-год,0.15,110.0,16.5,True
8-22-3,Мурування внутрішніх стін із газобетонних блоків на клею,м3,машина,С212-1,Підйомник / кран (подача матеріалів),маш.-год,0.15,900,135.0,True
8-22-3,Мурування внутрішніх стін із газобетонних блоків на клею,м3,матеріал,С130-1,Блоки газобетонні,м3,1.02,2800,2856.0,True
8-22-3,Мурування внутрішніх стін із газобетонних блоків на клею,м3,матеріал,С131-1,Клейова суміш для газобетону,кг,25,18,450,True
8-22-3,Мурування внутрішніх стін із газобетонних блоків на клею,м3,матеріал,С132-1,Арматура для армопоясів / сітка,кг,2.5,35,87.5,True
8-22-3,Мурування внутрішніх стін із газобетонних блоків на клею,м3,труд_робітників,Т1,"Труд робітників, розряд 3.6",люд.-год,4.091,95.0,388.65,True
8-22-3,Мурування внутрішніх стін із газобетонних блоків на клею,м3,труд_машиністів,Т2,Труд машиністів,люд.-год,0.15,110.0,16.5,True
8-22-4,Улаштування перемичок із U-блоків газобетонних з армуванням і бетонуванням,м3,машина,С210-1,Кран / бетононасос,маш.-год,0.6,1500,900.0,True
8-22-4,Улаштування перемичок із U-блоків газобетонних з армуванням і бетонуванням,м3,машина,С211-1,Вібратор глибинний,маш.-год,0.8,120,96.0,True
8-22-4,Улаштування перемичок із U-блоків газобетонних з армуванням і бетонуванням,м3,матеріал,С120-1,Бетон товарний В15–В25,м3,1.02,3200,3264.0,True
8-22-4,Улаштування перемичок із U-блоків газобетонних з армуванням і бетонуванням,м3,матеріал,С121-1,Вода,м3,0.2,40,8.0,True
8-22-4,Улаштування перемичок із U-блоків газобетонних з армуванням і бетонуванням,м3,труд_робітників,Т1,"Труд робітників, розряд 3.5",люд.-год,7.451,95.0,707.84,True
8-22-4,Улаштування перемичок із U-блоків газобетонних з армуванням і бетонуванням,м3,труд_машиністів,Т2,Труд машиністів,люд.-год,0.6,110.0,66.0,True
8-22-5,Улаштування монолітного армопоясу по газобетонних стінах,м3,машина,С212-1,Підйомник / кран (подача матеріалів),маш.-год,0.15,900,135.0,True
8-22-5,Улаштування монолітного армопоясу по газобетонних стінах,м3,матеріал,С130-1,Блоки газобетонні,м3,1.02,2800,2856.0,True
8-22-5,Улаштування монолітного армопоясу по газобетонних стінах,м3,матеріал,С131-1,Клейова суміш для газобетону,кг,25,18,450,True
8-22-5,Улаштування монолітного армопоясу по газобетонних стінах,м3,матеріал,С132-1,Арматура для армопоясів / сітка,кг,2.5,35,87.5,True
8-22-5,Улаштування монолітного армопоясу по газобетонних стінах,м3,труд_робітників,Т1,"Труд робітників, розряд 3.6",люд.-год,4.638,95.0,440.61,True
8-22-5,Улаштування монолітного армопоясу по газобетонних стінах,м3,труд_машиністів,Т2,Труд машиністів,люд.-год,0.15,110.0,16.5,True
8-24-1,Улаштування перегородок із гіпсових плит у 1 шар,100 м2,машина,С212-1,Підйомник / кран (подача матеріалів),маш.-год,0.15,900,135.0,True
8-24-1,Улаштування перегородок із гіпсових плит у 1 шар,100 м2,матеріал,С133-1,Плити гіпсові / пазогребеневі,м2,105,220,23100,True
8-24-1,Улаштування перегородок із гіпсових плит у 1 шар,100 м2,матеріал,С131-2,Клей гіпсовий,кг,500,16,8000,True
8-24-1,Улаштування перегородок із гіпсових плит у 1 шар,100 м2,труд_робітників,Т1,"Труд робітників, розряд 3.4",люд.-год,192.33,95.0,18271.35,True
8-24-1,Улаштування перегородок із гіпсових плит у 1 шар,100 м2,труд_машиністів,Т2,Труд машиністів,люд.-год,0.15,110.0,16.5,True
8-24-2,Улаштування перегородок із гіпсових плит у 2 шари,100 м2,машина,С212-1,Підйомник / кран (подача матеріалів),маш.-год,0.15,900,135.0,True
8-24-2,Улаштування перегородок із гіпсових плит у 2 шари,100 м2,матеріал,С133-1,Плити гіпсові / пазогребеневі,м2,105,220,23100,True
8-24-2,Улаштування перегородок із гіпсових плит у 2 шари,100 м2,матеріал,С131-2,Клей гіпсовий,кг,500,16,8000,True
8-24-2,Улаштування перегородок із гіпсових плит у 2 шари,100 м2,труд_робітників,Т1,"Труд робітників, розряд 3.4",люд.-год,187.041,95.0,17768.9,True
8-24-2,Улаштування перегородок із гіпсових плит у 2 шари,100 м2,труд_машиністів,Т2,Труд машиністів,люд.-год,0.15,110.0,16.5,True
8-24-3,Улаштування перегородок із легкобетонних плит,100 м2,машина,С212-1,Підйомник / кран (подача матеріалів),маш.-год,0.15,900,135.0,True
8-24-3,Улаштування перегородок із легкобетонних плит,100 м2,матеріал,С133-1,Плити гіпсові / пазогребеневі,м2,105,220,23100,True
8-24-3,Улаштування перегородок із легкобетонних плит,100 м2,матеріал,С131-2,Клей гіпсовий,кг,500,16,8000,True
8-24-3,Улаштування перегородок із легкобетонних плит,100 м2,труд_робітників,Т1,"Труд робітників, розряд 3.4",люд.-год,213.742,95.0,20305.49,True
8-24-3,Улаштування перегородок із легкобетонних плит,100 м2,труд_машиністів,Т2,Труд машиністів,люд.-год,0.15,110.0,16.5,True
8-24-4,Улаштування перегородок вологостійких гіпсових у санвузлах,100 м2,машина,С212-1,Підйомник / кран (подача матеріалів),маш.-год,0.15,900,135.0,True
8-24-4,Улаштування перегородок вологостійких гіпсових у санвузлах,100 м2,матеріал,С133-1,Плити гіпсові / пазогребеневі,м2,105,220,23100,True
8-24-4,Улаштування перегородок вологостійких гіпсових у санвузлах,100 м2,матеріал,С131-2,Клей гіпсовий,кг,500,16,8000,True
8-24-4,Улаштування перегородок вологостійких гіпсових у санвузлах,100 м2,труд_робітників,Т1,"Труд робітників, розряд 3.4",люд.-год,206.489,95.0,19616.46,True
8-24-4,Улаштування перегородок вологостійких гіпсових у санвузлах,100 м2,труд_машиністів,Т2,Труд машиністів,люд.-год,0.15,110.0,16.5,True
8-25-1,Улаштування перегородок товщиною 100 мм на клею,100 м2,машина,С212-1,Підйомник / кран (подача матеріалів),маш.-год,0.15,900,135.0,True
8-25-1,Улаштування перегородок товщиною 100 мм на клею,100 м2,матеріал,С130-1,Блоки газобетонні,м3,1.02,2800,2856.0,True
8-25-1,Улаштування перегородок товщиною 100 мм на клею,100 м2,матеріал,С131-1,Клейова суміш для газобетону,кг,25,18,450,True
8-25-1,Улаштування перегородок товщиною 100 мм на клею,100 м2,матеріал,С132-1,Арматура для армопоясів / сітка,кг,2.5,35,87.5,True
8-25-1,Улаштування перегородок товщиною 100 мм на клею,100 м2,труд_робітників,Т1,"Труд робітників, розряд 3.6",люд.-год,4.224,95.0,401.28,True
8-25-1,Улаштування перегородок товщиною 100 мм на клею,100 м2,труд_машиністів,Т2,Труд машиністів,люд.-год,0.15,110.0,16.5,True
8-25-2,Улаштування перегородок товщиною 150 мм на клею,100 м2,машина,С212-1,Підйомник / кран (подача матеріалів),маш.-год,0.15,900,135.0,True
8-25-2,Улаштування перегородок товщиною 150 мм на клею,100 м2,матеріал,С130-1,Блоки газобетонні,м3,1.02,2800,2856.0,True
8-25-2,Улаштування перегородок товщиною 150 мм на клею,100 м2,матеріал,С131-1,Клейова суміш для газобетону,кг,25,18,450,True
8-25-2,Улаштування перегородок товщиною 150 мм на клею,100 м2,матеріал,С132-1,Арматура для армопоясів / сітка,кг,2.5,35,87.5,True
8-25-2,Улаштування перегородок товщиною 150 мм на клею,100 м2,труд_робітників,Т1,"Труд робітників, розряд 3.6",люд.-год,3.914,95.0,371.83,True
8-25-2,Улаштування перегородок товщиною 150 мм на клею,100 м2,труд_машиністів,Т2,Труд машиністів,люд.-год,0.15,110.0,16.5,True
8-25-3,Улаштування перегородок товщиною 200 мм на клею,100 м2,машина,С212-1,Підйомник / кран (подача матеріалів),маш.-год,0.15,900,135.0,True
8-25-3,Улаштування перегородок товщиною 200 мм на клею,100 м2,матеріал,С130-1,Блоки газобетонні,м3,1.02,2800,2856.0,True
8-25-3,Улаштування перегородок товщиною 200 мм на клею,100 м2,матеріал,С131-1,Клейова суміш для газобетону,кг,25,18,450,True
8-25-3,Улаштування перегородок товщиною 200 мм на клею,100 м2,матеріал,С132-1,Арматура для армопоясів / сітка,кг,2.5,35,87.5,True
8-25-3,Улаштування перегородок товщиною 200 мм на клею,100 м2,труд_робітників,Т1,"Труд робітників, розряд 3.6",люд.-год,4.083,95.0,387.88,True
8-25-3,Улаштування перегородок товщиною 200 мм на клею,100 м2,труд_машиністів,Т2,Труд машиністів,люд.-год,0.15,110.0,16.5,True
8-26-1,Улаштування перегородок із скляних блоків,100 м2,машина,С212-1,Підйомник / кран (подача матеріалів),маш.-год,0.15,900,135.0,True
8-26-1,Улаштування перегородок із скляних блоків,100 м2,матеріал,С137-1,Цегла керамічна,шт,5100,12,61200,True
8-26-1,Улаштування перегородок із скляних блоків,100 м2,матеріал,С135-1,Розчин мурувальний,м3,2.4,2200,5280.0,True
8-26-1,Улаштування перегородок із скляних блоків,100 м2,труд_робітників,Т1,"Труд робітників, розряд 3.5",люд.-год,64.31,95.0,6109.45,True
8-26-1,Улаштування перегородок із скляних блоків,100 м2,труд_машиністів,Т2,Труд машиністів,люд.-год,0.15,110.0,16.5,True
8-26-2,Заповнення прорізів скляними блоками,100 м2,машина,С212-1,Підйомник / кран (подача матеріалів),маш.-год,0.15,900,135.0,True
8-26-2,Заповнення прорізів скляними блоками,100 м2,матеріал,С137-1,Цегла керамічна,шт,5100,12,61200,True
8-26-2,Заповнення прорізів скляними блоками,100 м2,матеріал,С135-1,Розчин мурувальний,м3,2.4,2200,5280.0,True
8-26-2,Заповнення прорізів скляними блоками,100 м2,труд_робітників,Т1,"Труд робітників, розряд 3.5",люд.-год,56.619,95.0,5378.81,True
8-26-2,Заповнення прорізів скляними блоками,100 м2,труд_машиністів,Т2,Труд машиністів,люд.-год,0.15,110.0,16.5,True
8-27-1,"Укладання підвіконних плит залізобетонних шириною до 0,3 м",100 м,машина,С212-1,Підйомник / кран (подача матеріалів),маш.-год,0.15,900,135.0,True
8-27-1,"Укладання підвіконних плит залізобетонних шириною до 0,3 м",100 м,матеріал,С137-1,Цегла керамічна,шт,5100,12,61200,True
8-27-1,"Укладання підвіконних плит залізобетонних шириною до 0,3 м",100 м,матеріал,С135-1,Розчин мурувальний,м3,2.4,2200,5280.0,True
8-27-1,"Укладання підвіконних плит залізобетонних шириною до 0,3 м",100 м,труд_робітників,Т1,"Труд робітників, розряд 3.5",люд.-год,61.065,95.0,5801.18,True
8-27-1,"Укладання підвіконних плит залізобетонних шириною до 0,3 м",100 м,труд_машиністів,Т2,Труд машиністів,люд.-год,0.15,110.0,16.5,True
8-27-2,"Укладання підвіконних плит шириною понад 0,3 м",100 м,машина,С212-1,Підйомник / кран (подача матеріалів),маш.-год,0.15,900,135.0,True
8-27-2,"Укладання підвіконних плит шириною понад 0,3 м",100 м,матеріал,С137-1,Цегла керамічна,шт,5100,12,61200,True
8-27-2,"Укладання підвіконних плит шириною понад 0,3 м",100 м,матеріал,С135-1,Розчин мурувальний,м3,2.4,2200,5280.0,True
8-27-2,"Укладання підвіконних плит шириною понад 0,3 м",100 м,труд_робітників,Т1,"Труд робітників, розряд 3.5",люд.-год,56.03,95.0,5322.85,True
8-27-2,"Укладання підвіконних плит шириною понад 0,3 м",100 м,труд_машиністів,Т2,Труд машиністів,люд.-год,0.15,110.0,16.5,True
8-27-3,Установлення підвіконників з ПВХ/МДФ,100 м,машина,С212-1,Підйомник / кран (подача матеріалів),маш.-год,0.15,900,135.0,True
8-27-3,Установлення підвіконників з ПВХ/МДФ,100 м,матеріал,С137-1,Цегла керамічна,шт,5100,12,61200,True
8-27-3,Установлення підвіконників з ПВХ/МДФ,100 м,матеріал,С135-1,Розчин мурувальний,м3,2.4,2200,5280.0,True
8-27-3,Установлення підвіконників з ПВХ/МДФ,100 м,труд_робітників,Т1,"Труд робітників, розряд 3.5",люд.-год,63.708,95.0,6052.26,True
8-27-3,Установлення підвіконників з ПВХ/МДФ,100 м,труд_машиністів,Т2,Труд машиністів,люд.-год,0.15,110.0,16.5,True
8-28-1,Улаштування ґанків із цегли з сходами,м2,машина,С212-1,Підйомник / кран (подача матеріалів),маш.-год,0.15,900,135.0,True
8-28-1,Улаштування ґанків із цегли з сходами,м2,матеріал,С137-1,Цегла керамічна рядова 250×120×65,шт,401.78,12,4821.36,True
8-28-1,Улаштування ґанків із цегли з сходами,м2,матеріал,С135-1,Розчин мурувальний М50–М75,м3,0.24,2200,528.0,True
8-28-1,Улаштування ґанків із цегли з сходами,м2,матеріал,С138-1,Вода,м3,0.15,40,6.0,True
8-28-1,Улаштування ґанків із цегли з сходами,м2,труд_робітників,Т1,"Труд робітників, розряд 3.5",люд.-год,4.942,95.0,469.49,True
8-28-1,Улаштування ґанків із цегли з сходами,м2,труд_машиністів,Т2,Труд машиністів,люд.-год,0.15,110.0,16.5,True
8-28-2,Улаштування ґанків із бетонних елементів,м2,машина,С212-1,Підйомник / кран (подача матеріалів),маш.-год,0.15,900,135.0,True
8-28-2,Улаштування ґанків із бетонних елементів,м2,матеріал,С137-1,Цегла керамічна рядова 250×120×65,шт,408.2,12,4898.4,True
8-28-2,Улаштування ґанків із бетонних елементів,м2,матеріал,С135-1,Розчин мурувальний М50–М75,м3,0.24,2200,528.0,True
8-28-2,Улаштування ґанків із бетонних елементів,м2,матеріал,С138-1,Вода,м3,0.15,40,6.0,True
8-28-2,Улаштування ґанків із бетонних елементів,м2,труд_робітників,Т1,"Труд робітників, розряд 3.5",люд.-год,5.456,95.0,518.32,True
8-28-2,Улаштування ґанків із бетонних елементів,м2,труд_машиністів,Т2,Труд машиністів,люд.-год,0.15,110.0,16.5,True
8-28-3,Улаштування пандусів для маломобільних груп,м2,машина,С212-1,Підйомник / кран (подача матеріалів),маш.-год,0.15,900,135.0,True
8-28-3,Улаштування пандусів для маломобільних груп,м2,матеріал,С137-1,Цегла керамічна рядова 250×120×65,шт,405.81,12,4869.72,True
8-28-3,Улаштування пандусів для маломобільних груп,м2,матеріал,С135-1,Розчин мурувальний М50–М75,м3,0.24,2200,528.0,True
8-28-3,Улаштування пандусів для маломобільних груп,м2,матеріал,С138-1,Вода,м3,0.15,40,6.0,True
8-28-3,Улаштування пандусів для маломобільних груп,м2,труд_робітників,Т1,"Труд робітників, розряд 3.5",люд.-год,5.265,95.0,500.17,True
8-28-3,Улаштування пандусів для маломобільних груп,м2,труд_машиністів,Т2,Труд машиністів,люд.-год,0.15,110.0,16.5,True
8-36-1,Установлення і розбирання трубчастих риштувань для мурування висотою до 16 м,100 м2,машина,С212-1,Підйомник / кран (подача матеріалів),маш.-год,0.15,900,135.0,True
8-36-1,Установлення і розбирання трубчастих риштувань для мурування висотою до 16 м,100 м2,матеріал,С136-1,Риштування інвентарні (амортизація),м2,100,25,2500,True
8-36-1,Установлення і розбирання трубчастих риштувань для мурування висотою до 16 м,100 м2,труд_робітників,Т1,"Труд робітників, розряд 3.2",люд.-год,29.354,95.0,2788.63,True
8-36-1,Установлення і розбирання трубчастих риштувань для мурування висотою до 16 м,100 м2,труд_машиністів,Т2,Труд машиністів,люд.-год,0.15,110.0,16.5,True
8-36-2,Установлення і розбирання трубчастих риштувань для опорядження висотою до 16 м,100 м2,машина,С212-1,Підйомник / кран (подача матеріалів),маш.-год,0.15,900,135.0,True
8-36-2,Установлення і розбирання трубчастих риштувань для опорядження висотою до 16 м,100 м2,матеріал,С136-1,Риштування інвентарні (амортизація),м2,100,25,2500,True
8-36-2,Установлення і розбирання трубчастих риштувань для опорядження висотою до 16 м,100 м2,труд_робітників,Т1,"Труд робітників, розряд 3.2",люд.-год,26.549,95.0,2522.15,True
8-36-2,Установлення і розбирання трубчастих риштувань для опорядження висотою до 16 м,100 м2,труд_машиністів,Т2,Труд машиністів,люд.-год,0.15,110.0,16.5,True
8-36-3,Додавати на кожні наступні 4 м висоти риштувань,100 м2,машина,С212-1,Підйомник / кран (подача матеріалів),маш.-год,0.15,900,135.0,True
8-36-3,Додавати на кожні наступні 4 м висоти риштувань,100 м2,матеріал,С136-1,Риштування інвентарні (амортизація),м2,100,25,2500,True
8-36-3,Додавати на кожні наступні 4 м висоти риштувань,100 м2,труд_робітників,Т1,"Труд робітників, розряд 3.2",люд.-год,28.2,95.0,2679.0,True
8-36-3,Додавати на кожні наступні 4 м висоти риштувань,100 м2,труд_машиністів,Т2,Труд машиністів,люд.-год,0.15,110.0,16.5,True
8-36-4,Установлення і розбирання підвісних риштувань,100 м2,машина,С212-1,Підйомник / кран (подача матеріалів),маш.-год,0.15,900,135.0,True
8-36-4,Установлення і розбирання підвісних риштувань,100 м2,матеріал,С136-1,Риштування інвентарні (амортизація),м2,100,25,2500,True
8-36-4,Установлення і розбирання підвісних риштувань,100 м2,труд_робітників,Т1,"Труд робітників, розряд 3.2",люд.-год,27.921,95.0,2652.49,True
8-36-4,Установлення і розбирання підвісних риштувань,100 м2,труд_машиністів,Т2,Труд машиністів,люд.-год,0.15,110.0,16.5,True
8-37-1,Установлення і розбирання внутрішніх риштувань висотою до 4 м,100 м2,машина,С212-1,Підйомник / кран (подача матеріалів),маш.-год,0.15,900,135.0,True
8-37-1,Установлення і розбирання внутрішніх риштувань висотою до 4 м,100 м2,матеріал,С136-1,Риштування інвентарні (амортизація),м2,100,25,2500,True
8-37-1,Установлення і розбирання внутрішніх риштувань висотою до 4 м,100 м2,труд_робітників,Т1,"Труд робітників, розряд 3.2",люд.-год,26.977,95.0,2562.82,True
8-37-1,Установлення і розбирання внутрішніх риштувань висотою до 4 м,100 м2,труд_машиністів,Т2,Труд машиністів,люд.-год,0.15,110.0,16.5,True
8-37-2,Додавати на кожні наступні 4 м висоти приміщення,100 м2,машина,С212-1,Підйомник / кран (подача матеріалів),маш.-год,0.15,900,135.0,True
8-37-2,Додавати на кожні наступні 4 м висоти приміщення,100 м2,матеріал,С137-1,Цегла керамічна,шт,5100,12,61200,True
8-37-2,Додавати на кожні наступні 4 м висоти приміщення,100 м2,матеріал,С135-1,Розчин мурувальний,м3,2.4,2200,5280.0,True
8-37-2,Додавати на кожні наступні 4 м висоти приміщення,100 м2,труд_робітників,Т1,"Труд робітників, розряд 3.5",люд.-год,62.643,95.0,5951.09,True
8-37-2,Додавати на кожні наступні 4 м висоти приміщення,100 м2,труд_машиністів,Т2,Труд машиністів,люд.-год,0.15,110.0,16.5,True
9-1-1,Установлення колон суцільних масою до 1 т,т,машина,С210-2,Кран стріловий 16–25 т,маш.-год,1.0,1800,1800.0,True
9-1-1,Установлення колон суцільних масою до 1 т,т,машина,С213-1,Апарат зварювальний,маш.-год,2.0,80,160.0,True
9-1-1,Установлення колон суцільних масою до 1 т,т,матеріал,С140-1,Конструкції сталеві,т,1.03,45000,46350.0,True
9-1-1,Установлення колон суцільних масою до 1 т,т,матеріал,С141-1,Електроди / зварювальні матеріали,кг,6.0,90,540.0,True
9-1-1,Установлення колон суцільних масою до 1 т,т,матеріал,С142-1,Болти високоміцні / метизи,кг,8.0,70,560.0,True
9-1-1,Установлення колон суцільних масою до 1 т,т,труд_робітників,Т1,"Труд робітників, розряд 4.2",люд.-год,14.19,95.0,1348.05,True
9-1-1,Установлення колон суцільних масою до 1 т,т,труд_машиністів,Т2,Труд машиністів,люд.-год,1.0,110.0,110.0,True
9-1-2,Установлення колон суцільних масою до 3 т,т,машина,С210-2,Кран стріловий 16–25 т,маш.-год,1.0,1800,1800.0,True
9-1-2,Установлення колон суцільних масою до 3 т,т,машина,С213-1,Апарат зварювальний,маш.-год,2.0,80,160.0,True
9-1-2,Установлення колон суцільних масою до 3 т,т,матеріал,С140-1,Конструкції сталеві,т,1.03,45000,46350.0,True
9-1-2,Установлення колон суцільних масою до 3 т,т,матеріал,С141-1,Електроди / зварювальні матеріали,кг,6.0,90,540.0,True
9-1-2,Установлення колон суцільних масою до 3 т,т,матеріал,С142-1,Болти високоміцні / метизи,кг,8.0,70,560.0,True
9-1-2,Установлення колон суцільних масою до 3 т,т,труд_робітників,Т1,"Труд робітників, розряд 4.2",люд.-год,14.902,95.0,1415.69,True
9-1-2,Установлення колон суцільних масою до 3 т,т,труд_машиністів,Т2,Труд машиністів,люд.-год,1.0,110.0,110.0,True
9-1-3,Установлення колон наскрізних,т,машина,С210-2,Кран стріловий 16–25 т,маш.-год,1.0,1800,1800.0,True
9-1-3,Установлення колон наскрізних,т,машина,С213-1,Апарат зварювальний,маш.-год,2.0,80,160.0,True
9-1-3,Установлення колон наскрізних,т,матеріал,С140-1,Конструкції сталеві,т,1.03,45000,46350.0,True
9-1-3,Установлення колон наскрізних,т,матеріал,С141-1,Електроди / зварювальні матеріали,кг,6.0,90,540.0,True
9-1-3,Установлення колон наскрізних,т,матеріал,С142-1,Болти високоміцні / метизи,кг,8.0,70,560.0,True
9-1-3,Установлення колон наскрізних,т,труд_робітників,Т1,"Труд робітників, розряд 4.2",люд.-год,15.314,95.0,1454.83,True
9-1-3,Установлення колон наскрізних,т,труд_машиністів,Т2,Труд машиністів,люд.-год,1.0,110.0,110.0,True
9-2-1,Укладання балок і ригелів масою до 1 т,т,машина,С210-2,Кран стріловий 16–25 т,маш.-год,1.0,1800,1800.0,True
9-2-1,Укладання балок і ригелів масою до 1 т,т,машина,С213-1,Апарат зварювальний,маш.-год,2.0,80,160.0,True
9-2-1,Укладання балок і ригелів масою до 1 т,т,матеріал,С140-1,Конструкції сталеві,т,1.03,45000,46350.0,True
9-2-1,Укладання балок і ригелів масою до 1 т,т,матеріал,С141-1,Електроди / зварювальні матеріали,кг,6.0,90,540.0,True
9-2-1,Укладання балок і ригелів масою до 1 т,т,матеріал,С142-1,Болти високоміцні / метизи,кг,8.0,70,560.0,True
9-2-1,Укладання балок і ригелів масою до 1 т,т,труд_робітників,Т1,"Труд робітників, розряд 4.2",люд.-год,14.945,95.0,1419.78,True
9-2-1,Укладання балок і ригелів масою до 1 т,т,труд_машиністів,Т2,Труд машиністів,люд.-год,1.0,110.0,110.0,True
9-2-2,Укладання балок і ригелів масою до 3 т,т,машина,С210-2,Кран стріловий 16–25 т,маш.-год,1.0,1800,1800.0,True
9-2-2,Укладання балок і ригелів масою до 3 т,т,машина,С213-1,Апарат зварювальний,маш.-год,2.0,80,160.0,True
9-2-2,Укладання балок і ригелів масою до 3 т,т,матеріал,С140-1,Конструкції сталеві,т,1.03,45000,46350.0,True
9-2-2,Укладання балок і ригелів масою до 3 т,т,матеріал,С141-1,Електроди / зварювальні матеріали,кг,6.0,90,540.0,True
9-2-2,Укладання балок і ригелів масою до 3 т,т,матеріал,С142-1,Болти високоміцні / метизи,кг,8.0,70,560.0,True
9-2-2,Укладання балок і ригелів масою до 3 т,т,труд_робітників,Т1,"Труд робітників, розряд 4.2",люд.-год,14.586,95.0,1385.67,True
9-2-2,Укладання балок і ригелів масою до 3 т,т,труд_машиністів,Т2,Труд машиністів,люд.-год,1.0,110.0,110.0,True
9-2-3,Установлення ферм покриття,т,машина,С210-2,Кран стріловий 16–25 т,маш.-год,1.0,1800,1800.0,True
9-2-3,Установлення ферм покриття,т,машина,С213-1,Апарат зварювальний,маш.-год,2.0,80,160.0,True
9-2-3,Установлення ферм покриття,т,матеріал,С140-1,Конструкції сталеві,т,1.03,45000,46350.0,True
9-2-3,Установлення ферм покриття,т,матеріал,С141-1,Електроди / зварювальні матеріали,кг,6.0,90,540.0,True
9-2-3,Установлення ферм покриття,т,матеріал,С142-1,Болти високоміцні / метизи,кг,8.0,70,560.0,True
9-2-3,Установлення ферм покриття,т,труд_робітників,Т1,"Труд робітників, розряд 4.2",люд.-год,16.813,95.0,1597.23,True
9-2-3,Установлення ферм покриття,т,труд_машиністів,Т2,Труд машиністів,люд.-год,1.0,110.0,110.0,True
9-3-1,Установлення зв'язків вертикальних,т,матеріал,С301-1,Допоміжні матеріали,компл,1.0,150,150.0,True
9-3-1,Установлення зв'язків вертикальних,т,труд_робітників,Т1,"Труд робітників, розряд 3.2",люд.-год,2.893,95.0,274.83,True
9-3-2,Установлення зв'язків горизонтальних,т,матеріал,С301-1,Допоміжні матеріали,компл,1.0,150,150.0,True
9-3-2,Установлення зв'язків горизонтальних,т,труд_робітників,Т1,"Труд робітників, розряд 3.2",люд.-год,3.331,95.0,316.44,True
9-3-3,Укладання прогонів,т,матеріал,С301-1,Допоміжні матеріали,компл,1.0,150,150.0,True
9-3-3,Укладання прогонів,т,труд_робітників,Т1,"Труд робітників, розряд 3.2",люд.-год,2.698,95.0,256.31,True
9-4-1,Улаштування стінових панелей із профнастилу,100 м2,машина,С210-2,Кран стріловий 16–25 т,маш.-год,1.0,1800,1800.0,True
9-4-1,Улаштування стінових панелей із профнастилу,100 м2,машина,С213-1,Апарат зварювальний,маш.-год,2.0,80,160.0,True
9-4-1,Улаштування стінових панелей із профнастилу,100 м2,матеріал,С140-1,Конструкції сталеві,т,1.03,45000,46350.0,True
9-4-1,Улаштування стінових панелей із профнастилу,100 м2,матеріал,С141-1,Електроди / зварювальні матеріали,кг,6.0,90,540.0,True
9-4-1,Улаштування стінових панелей із профнастилу,100 м2,матеріал,С142-1,Болти високоміцні / метизи,кг,8.0,70,560.0,True
9-4-1,Улаштування стінових панелей із профнастилу,100 м2,труд_робітників,Т1,"Труд робітників, розряд 4.2",люд.-год,15.049,95.0,1429.65,True
9-4-1,Улаштування стінових панелей із профнастилу,100 м2,труд_машиністів,Т2,Труд машиністів,люд.-год,1.0,110.0,110.0,True
9-4-2,Улаштування покриттів із профнастилу,100 м2,машина,С210-2,Кран стріловий 16–25 т,маш.-год,1.0,1800,1800.0,True
9-4-2,Улаштування покриттів із профнастилу,100 м2,машина,С213-1,Апарат зварювальний,маш.-год,2.0,80,160.0,True
9-4-2,Улаштування покриттів із профнастилу,100 м2,матеріал,С140-1,Конструкції сталеві,т,1.03,45000,46350.0,True
9-4-2,Улаштування покриттів із профнастилу,100 м2,матеріал,С141-1,Електроди / зварювальні матеріали,кг,6.0,90,540.0,True
9-4-2,Улаштування покриттів із профнастилу,100 м2,матеріал,С142-1,Болти високоміцні / метизи,кг,8.0,70,560.0,True
9-4-2,Улаштування покриттів із профнастилу,100 м2,труд_робітників,Т1,"Труд робітників, розряд 4.2",люд.-год,14.177,95.0,1346.82,True
9-4-2,Улаштування покриттів із профнастилу,100 м2,труд_машиністів,Т2,Труд машиністів,люд.-год,1.0,110.0,110.0,True
9-4-3,Улаштування огороджень сходів і балконів,100 м,матеріал,С190-1,Прилад санітарний / опалювальний,шт,1.0,3500,3500.0,True
9-4-3,Улаштування огороджень сходів і балконів,100 м,матеріал,С191-1,Підводка / кріплення / арматура,компл,1.0,650,650.0,True
9-4-3,Улаштування огороджень сходів і балконів,100 м,матеріал,С192-1,Герметик / ущільнювачі,компл,1.0,80,80.0,True
9-4-3,Улаштування огороджень сходів і балконів,100 м,труд_робітників,Т1,"Труд робітників, розряд 4.0",люд.-год,3.754,95.0,356.63,True
9-5-1,Зварювання монтажних стиків,т,машина,С210-2,Кран стріловий 16–25 т,маш.-год,1.0,1800,1800.0,True
9-5-1,Зварювання монтажних стиків,т,машина,С213-1,Апарат зварювальний,маш.-год,2.0,80,160.0,True
9-5-1,Зварювання монтажних стиків,т,матеріал,С140-1,Конструкції сталеві,т,1.03,45000,46350.0,True
9-5-1,Зварювання монтажних стиків,т,матеріал,С141-1,Електроди / зварювальні матеріали,кг,6.0,90,540.0,True
9-5-1,Зварювання монтажних стиків,т,матеріал,С142-1,Болти високоміцні / метизи,кг,8.0,70,560.0,True
9-5-1,Зварювання монтажних стиків,т,труд_робітників,Т1,"Труд робітників, розряд 4.2",люд.-год,15.951,95.0,1515.35,True
9-5-1,Зварювання монтажних стиків,т,труд_машиністів,Т2,Труд машиністів,люд.-год,1.0,110.0,110.0,True
9-5-2,Установлення високоміцних болтів,100 шт,матеріал,С301-1,Допоміжні матеріали,компл,1.0,150,150.0,True
9-5-2,Установлення високоміцних болтів,100 шт,труд_робітників,Т1,"Труд робітників, розряд 3.2",люд.-год,2.802,95.0,266.19,True
9-5-3,Антикорозійний захист металевих конструкцій,100 м2,машина,С210-2,Кран стріловий 16–25 т,маш.-год,1.0,1800,1800.0,True
9-5-3,Антикорозійний захист металевих конструкцій,100 м2,машина,С213-1,Апарат зварювальний,маш.-год,2.0,80,160.0,True
9-5-3,Антикорозійний захист металевих конструкцій,100 м2,матеріал,С140-1,Конструкції сталеві,т,1.03,45000,46350.0,True
9-5-3,Антикорозійний захист металевих конструкцій,100 м2,матеріал,С141-1,Електроди / зварювальні матеріали,кг,6.0,90,540.0,True
9-5-3,Антикорозійний захист металевих конструкцій,100 м2,матеріал,С142-1,Болти високоміцні / метизи,кг,8.0,70,560.0,True
9-5-3,Антикорозійний захист металевих конструкцій,100 м2,труд_робітників,Т1,"Труд робітників, розряд 4.2",люд.-год,16.282,95.0,1546.79,True
9-5-3,Антикорозійний захист металевих конструкцій,100 м2,труд_машиністів,Т2,Труд машиністів,люд.-год,1.0,110.0,110.0,True
10-1-1,Улаштування стійок і колонок,м3,матеріал,С156-1,Пиломатеріали хвойні,м3,1.1,12000,13200.0,True
10-1-1,Улаштування стійок і колонок,м3,матеріал,С157-1,"Цвяхи, кріплення",кг,5.0,55,275.0,True
10-1-1,Улаштування стійок і колонок,м3,матеріал,С158-1,Антисептик,л,1.5,80,120.0,True
10-1-1,Улаштування стійок і колонок,м3,труд_робітників,Т1,"Труд робітників, розряд 3.6",люд.-год,9.005,95.0,855.48,True
10-1-2,Улаштування обв'язок і прогонів,м3,матеріал,С156-1,Пиломатеріали хвойні,м3,1.1,12000,13200.0,True
10-1-2,Улаштування обв'язок і прогонів,м3,матеріал,С157-1,"Цвяхи, кріплення",кг,5.0,55,275.0,True
10-1-2,Улаштування обв'язок і прогонів,м3,матеріал,С158-1,Антисептик,л,1.5,80,120.0,True
10-1-2,Улаштування обв'язок і прогонів,м3,труд_робітників,Т1,"Труд робітників, розряд 3.6",люд.-год,9.302,95.0,883.69,True
10-1-3,Улаштування кроквяних ніг,м3,матеріал,С156-1,Пиломатеріали хвойні,м3,1.1,12000,13200.0,True
10-1-3,Улаштування кроквяних ніг,м3,матеріал,С157-1,"Цвяхи, кріплення",кг,5.0,55,275.0,True
10-1-3,Улаштування кроквяних ніг,м3,матеріал,С158-1,Антисептик,л,1.5,80,120.0,True
10-1-3,Улаштування кроквяних ніг,м3,труд_робітників,Т1,"Труд робітників, розряд 3.6",люд.-год,8.274,95.0,786.03,True
10-1-4,Улаштування мауерлатів,м3,матеріал,С156-1,Пиломатеріали хвойні,м3,1.1,12000,13200.0,True
10-1-4,Улаштування мауерлатів,м3,матеріал,С157-1,"Цвяхи, кріплення",кг,5.0,55,275.0,True
10-1-4,Улаштування мауерлатів,м3,матеріал,С158-1,Антисептик,л,1.5,80,120.0,True
10-1-4,Улаштування мауерлатів,м3,труд_робітників,Т1,"Труд робітників, розряд 3.6",люд.-год,9.638,95.0,915.61,True
10-2-1,Улаштування балок перекриттів,м3,матеріал,С156-1,Пиломатеріали хвойні,м3,1.1,12000,13200.0,True
10-2-1,Улаштування балок перекриттів,м3,матеріал,С157-1,"Цвяхи, кріплення",кг,5.0,55,275.0,True
10-2-1,Улаштування балок перекриттів,м3,матеріал,С158-1,Антисептик,л,1.5,80,120.0,True
10-2-1,Улаштування балок перекриттів,м3,труд_робітників,Т1,"Труд робітників, розряд 3.6",люд.-год,8.488,95.0,806.36,True
10-2-2,Улаштування настилів суцільних,100 м2,матеріал,С156-1,Пиломатеріали хвойні,м3,1.1,12000,13200.0,True
10-2-2,Улаштування настилів суцільних,100 м2,матеріал,С157-1,"Цвяхи, кріплення",кг,5.0,55,275.0,True
10-2-2,Улаштування настилів суцільних,100 м2,матеріал,С158-1,Антисептик,л,1.5,80,120.0,True
10-2-2,Улаштування настилів суцільних,100 м2,труд_робітників,Т1,"Труд робітників, розряд 3.6",люд.-год,8.923,95.0,847.69,True
10-2-3,Улаштування латання під покрівлю,100 м2,матеріал,С156-1,Пиломатеріали хвойні,м3,1.1,12000,13200.0,True
10-2-3,Улаштування латання під покрівлю,100 м2,матеріал,С157-1,"Цвяхи, кріплення",кг,5.0,55,275.0,True
10-2-3,Улаштування латання під покрівлю,100 м2,матеріал,С158-1,Антисептик,л,1.5,80,120.0,True
10-2-3,Улаштування латання під покрівлю,100 м2,труд_робітників,Т1,"Труд робітників, розряд 3.6",люд.-год,9.077,95.0,862.31,True
10-3-1,Установлення віконних блоків дерев'яних,100 м2,машина,С212-1,Підйомник / кран (подача матеріалів),маш.-год,0.15,900,135.0,True
10-3-1,Установлення віконних блоків дерев'яних,100 м2,матеріал,С137-1,Цегла керамічна,шт,5100,12,61200,True
10-3-1,Установлення віконних блоків дерев'яних,100 м2,матеріал,С135-1,Розчин мурувальний,м3,2.4,2200,5280.0,True
10-3-1,Установлення віконних блоків дерев'яних,100 м2,труд_робітників,Т1,"Труд робітників, розряд 3.5",люд.-год,55.444,95.0,5267.18,True
10-3-1,Установлення віконних блоків дерев'яних,100 м2,труд_машиністів,Т2,Труд машиністів,люд.-год,0.15,110.0,16.5,True
10-3-2,Установлення дверних блоків внутрішніх,100 м2,машина,С212-1,Підйомник / кран (подача матеріалів),маш.-год,0.15,900,135.0,True
10-3-2,Установлення дверних блоків внутрішніх,100 м2,матеріал,С137-1,Цегла керамічна,шт,5100,12,61200,True
10-3-2,Установлення дверних блоків внутрішніх,100 м2,матеріал,С135-1,Розчин мурувальний,м3,2.4,2200,5280.0,True
10-3-2,Установлення дверних блоків внутрішніх,100 м2,труд_робітників,Т1,"Труд робітників, розряд 3.5",люд.-год,57.233,95.0,5437.13,True
10-3-2,Установлення дверних блоків внутрішніх,100 м2,труд_машиністів,Т2,Труд машиністів,люд.-год,0.15,110.0,16.5,True
10-3-3,Установлення дверних блоків зовнішніх,100 м2,машина,С212-1,Підйомник / кран (подача матеріалів),маш.-год,0.15,900,135.0,True
10-3-3,Установлення дверних блоків зовнішніх,100 м2,матеріал,С137-1,Цегла керамічна,шт,5100,12,61200,True
10-3-3,Установлення дверних блоків зовнішніх,100 м2,матеріал,С135-1,Розчин мурувальний,м3,2.4,2200,5280.0,True
10-3-3,Установлення дверних блоків зовнішніх,100 м2,труд_робітників,Т1,"Труд робітників, розряд 3.5",люд.-год,59.007,95.0,5605.66,True
10-3-3,Установлення дверних блоків зовнішніх,100 м2,труд_машиністів,Т2,Труд машиністів,люд.-год,0.15,110.0,16.5,True
10-3-4,Установлення підвіконних дощок,100 м,матеріал,С150-1,Блок віконний/дверний,м2,100,2500,250000,True
10-3-4,Установлення підвіконних дощок,100 м,матеріал,С151-1,Піна монтажна / герметик,л,80,120,9600,True
10-3-4,Установлення підвіконних дощок,100 м,матеріал,С152-1,"Кріплення (анкери, шурупи)",компл,100,45,4500,True
10-3-4,Установлення підвіконних дощок,100 м,труд_робітників,Т1,"Труд робітників, розряд 3.8",люд.-год,256.154,95.0,24334.63,True
10-4-1,Улаштування каркасних перегородок обшитих гіпсокартоном,100 м2,машина,С212-1,Підйомник / кран (подача матеріалів),маш.-год,0.15,900,135.0,True
10-4-1,Улаштування каркасних перегородок обшитих гіпсокартоном,100 м2,матеріал,С133-1,Плити гіпсові / пазогребеневі,м2,105,220,23100,True
10-4-1,Улаштування каркасних перегородок обшитих гіпсокартоном,100 м2,матеріал,С131-2,Клей гіпсовий,кг,500,16,8000,True
10-4-1,Улаштування каркасних перегородок обшитих гіпсокартоном,100 м2,труд_робітників,Т1,"Труд робітників, розряд 3.4",люд.-год,207.856,95.0,19746.32,True
10-4-1,Улаштування каркасних перегородок обшитих гіпсокартоном,100 м2,труд_машиністів,Т2,Труд машиністів,люд.-год,0.15,110.0,16.5,True
10-4-2,Обшивка стін дошкою,100 м2,матеріал,С156-1,Пиломатеріали хвойні,м3,1.1,12000,13200.0,True
10-4-2,Обшивка стін дошкою,100 м2,матеріал,С157-1,"Цвяхи, кріплення",кг,5.0,55,275.0,True
10-4-2,Обшивка стін дошкою,100 м2,матеріал,С158-1,Антисептик,л,1.5,80,120.0,True
10-4-2,Обшивка стін дошкою,100 м2,труд_робітників,Т1,"Труд робітників, розряд 3.6",люд.-год,9.981,95.0,948.19,True
10-4-3,Улаштування підшивки стель,100 м2,матеріал,С156-1,Пиломатеріали хвойні,м3,1.1,12000,13200.0,True
10-4-3,Улаштування підшивки стель,100 м2,матеріал,С157-1,"Цвяхи, кріплення",кг,5.0,55,275.0,True
10-4-3,Улаштування підшивки стель,100 м2,матеріал,С158-1,Антисептик,л,1.5,80,120.0,True
10-4-3,Улаштування підшивки стель,100 м2,труд_робітників,Т1,"Труд робітників, розряд 3.6",люд.-год,9.235,95.0,877.32,True
11-1-1,Улаштування підстилаючого шару з бетону товщиною 80 мм,100 м2,матеріал,С160-1,Суміш для стяжки,м3,4.0,2800,11200.0,True
11-1-1,Улаштування підстилаючого шару з бетону товщиною 80 мм,100 м2,матеріал,С161-1,Ґрунтовка,л,20,90,1800,True
11-1-1,Улаштування підстилаючого шару з бетону товщиною 80 мм,100 м2,труд_робітників,Т1,"Труд робітників, розряд 3.3",люд.-год,94.527,95.0,8980.07,True
11-1-2,Улаштування підстилаючого шару з бетону товщиною 100 мм,100 м2,матеріал,С160-1,Суміш для стяжки,м3,4.0,2800,11200.0,True
11-1-2,Улаштування підстилаючого шару з бетону товщиною 100 мм,100 м2,матеріал,С161-1,Ґрунтовка,л,20,90,1800,True
11-1-2,Улаштування підстилаючого шару з бетону товщиною 100 мм,100 м2,труд_робітників,Т1,"Труд робітників, розряд 3.3",люд.-год,99.534,95.0,9455.73,True
11-1-3,Улаштування стяжки цементної товщиною 40 мм,100 м2,матеріал,С160-1,Суміш для стяжки,м3,4.0,2800,11200.0,True
11-1-3,Улаштування стяжки цементної товщиною 40 мм,100 м2,матеріал,С161-1,Ґрунтовка,л,20,90,1800,True
11-1-3,Улаштування стяжки цементної товщиною 40 мм,100 м2,труд_робітників,Т1,"Труд робітників, розряд 3.3",люд.-год,101.132,95.0,9607.54,True
11-1-4,Улаштування стяжки цементної товщиною 50 мм,100 м2,матеріал,С160-1,Суміш для стяжки,м3,4.0,2800,11200.0,True
11-1-4,Улаштування стяжки цементної товщиною 50 мм,100 м2,матеріал,С161-1,Ґрунтовка,л,20,90,1800,True
11-1-4,Улаштування стяжки цементної товщиною 50 мм,100 м2,труд_робітників,Т1,"Труд робітників, розряд 3.3",люд.-год,108.81,95.0,10336.95,True
11-1-5,Улаштування стяжки цементної товщиною 70 мм,100 м2,матеріал,С160-1,Суміш для стяжки,м3,4.0,2800,11200.0,True
11-1-5,Улаштування стяжки цементної товщиною 70 мм,100 м2,матеріал,С161-1,Ґрунтовка,л,20,90,1800,True
11-1-5,Улаштування стяжки цементної товщиною 70 мм,100 м2,труд_робітників,Т1,"Труд робітників, розряд 3.3",люд.-год,105.391,95.0,10012.15,True
11-1-6,Улаштування стяжки самовирівнювальної товщиною до 10 мм,100 м2,матеріал,С160-1,Суміш для стяжки,м3,4.0,2800,11200.0,True
11-1-6,Улаштування стяжки самовирівнювальної товщиною до 10 мм,100 м2,матеріал,С161-1,Ґрунтовка,л,20,90,1800,True
11-1-6,Улаштування стяжки самовирівнювальної товщиною до 10 мм,100 м2,труд_робітників,Т1,"Труд робітників, розряд 3.3",люд.-год,97.454,95.0,9258.13,True
11-1-7,Улаштування стяжки самовирівнювальної товщиною до 20 мм,100 м2,матеріал,С160-1,Суміш для стяжки,м3,4.0,2800,11200.0,True
11-1-7,Улаштування стяжки самовирівнювальної товщиною до 20 мм,100 м2,матеріал,С161-1,Ґрунтовка,л,20,90,1800,True
11-1-7,Улаштування стяжки самовирівнювальної товщиною до 20 мм,100 м2,труд_робітників,Т1,"Труд робітників, розряд 3.3",люд.-год,100.743,95.0,9570.58,True
11-1-8,Гідроізоляція підлоги обмазувальна в 2 шари,100 м2,матеріал,С167-1,Плитка керамічна / керамограніт,м2,105,420,44100,True
11-1-8,Гідроізоляція підлоги обмазувальна в 2 шари,100 м2,матеріал,С168-1,Клей плитковий,кг,500,14,7000,True
11-1-8,Гідроізоляція підлоги обмазувальна в 2 шари,100 м2,матеріал,С169-1,Затирка,кг,50,45,2250,True
11-1-8,Гідроізоляція підлоги обмазувальна в 2 шари,100 м2,труд_робітників,Т1,"Труд робітників, розряд 3.8",люд.-год,134.986,95.0,12823.67,True
11-1-9,Гідроізоляція підлоги рулонна в 1 шар,100 м2,матеріал,С167-1,Плитка керамічна / керамограніт,м2,105,420,44100,True
11-1-9,Гідроізоляція підлоги рулонна в 1 шар,100 м2,матеріал,С168-1,Клей плитковий,кг,500,14,7000,True
11-1-9,Гідроізоляція підлоги рулонна в 1 шар,100 м2,матеріал,С169-1,Затирка,кг,50,45,2250,True
11-1-9,Гідроізоляція підлоги рулонна в 1 шар,100 м2,труд_робітників,Т1,"Труд робітників, розряд 3.8",люд.-год,131.013,95.0,12446.24,True
11-1-10,Тепло-/звукоізоляція підлоги плитним утеплювачем,100 м2,матеріал,С167-1,Плитка керамічна / керамограніт,м2,105,420,44100,True
11-1-10,Тепло-/звукоізоляція підлоги плитним утеплювачем,100 м2,матеріал,С168-1,Клей плитковий,кг,500,14,7000,True
11-1-10,Тепло-/звукоізоляція підлоги плитним утеплювачем,100 м2,матеріал,С169-1,Затирка,кг,50,45,2250,True
11-1-10,Тепло-/звукоізоляція підлоги плитним утеплювачем,100 м2,труд_робітників,Т1,"Труд робітників, розряд 3.8",люд.-год,154.079,95.0,14637.51,True
11-2-1,Улаштування підлог із керамічної плитки 300×300 по готовій стяжці,100 м2,матеріал,С167-1,Плитка керамічна / керамограніт,м2,105,420,44100,True
11-2-1,Улаштування підлог із керамічної плитки 300×300 по готовій стяжці,100 м2,матеріал,С168-1,Клей плитковий,кг,500,14,7000,True
11-2-1,Улаштування підлог із керамічної плитки 300×300 по готовій стяжці,100 м2,матеріал,С169-1,Затирка,кг,50,45,2250,True
11-2-1,Улаштування підлог із керамічної плитки 300×300 по готовій стяжці,100 м2,труд_робітників,Т1,"Труд робітників, розряд 3.8",люд.-год,133.286,95.0,12662.17,True
11-2-2,Улаштування підлог із керамічної плитки 600×600,100 м2,матеріал,С167-1,Плитка керамічна / керамограніт,м2,105,420,44100,True
11-2-2,Улаштування підлог із керамічної плитки 600×600,100 м2,матеріал,С168-1,Клей плитковий,кг,500,14,7000,True
11-2-2,Улаштування підлог із керамічної плитки 600×600,100 м2,матеріал,С169-1,Затирка,кг,50,45,2250,True
11-2-2,Улаштування підлог із керамічної плитки 600×600,100 м2,труд_робітників,Т1,"Труд робітників, розряд 3.8",люд.-год,133.654,95.0,12697.13,True
11-2-3,Улаштування підлог із керамограніту,100 м2,матеріал,С167-1,Плитка керамічна / керамограніт,м2,105,420,44100,True
11-2-3,Улаштування підлог із керамограніту,100 м2,матеріал,С168-1,Клей плитковий,кг,500,14,7000,True
11-2-3,Улаштування підлог із керамограніту,100 м2,матеріал,С169-1,Затирка,кг,50,45,2250,True
11-2-3,Улаштування підлог із керамограніту,100 м2,труд_робітників,Т1,"Труд робітників, розряд 3.8",люд.-год,142.101,95.0,13499.59,True
11-2-4,Улаштування підлог із плитки по діагоналі,100 м2,матеріал,С167-1,Плитка керамічна / керамограніт,м2,105,420,44100,True
11-2-4,Улаштування підлог із плитки по діагоналі,100 м2,матеріал,С168-1,Клей плитковий,кг,500,14,7000,True
11-2-4,Улаштування підлог із плитки по діагоналі,100 м2,матеріал,С169-1,Затирка,кг,50,45,2250,True
11-2-4,Улаштування підлог із плитки по діагоналі,100 м2,труд_робітників,Т1,"Труд робітників, розряд 3.8",люд.-год,134.803,95.0,12806.28,True
11-2-5,Улаштування підлог у мокрих приміщеннях із гідроізоляцією,100 м2,матеріал,С167-1,Плитка керамічна / керамограніт,м2,105,420,44100,True
11-2-5,Улаштування підлог у мокрих приміщеннях із гідроізоляцією,100 м2,матеріал,С168-1,Клей плитковий,кг,500,14,7000,True
11-2-5,Улаштування підлог у мокрих приміщеннях із гідроізоляцією,100 м2,матеріал,С169-1,Затирка,кг,50,45,2250,True
11-2-5,Улаштування підлог у мокрих приміщеннях із гідроізоляцією,100 м2,труд_робітників,Т1,"Труд робітників, розряд 3.8",люд.-год,142.939,95.0,13579.2,True
11-2-6,Улаштування плінтусів із керамічної плитки,100 м,матеріал,С167-1,Плитка керамічна / керамограніт,м2,105,420,44100,True
11-2-6,Улаштування плінтусів із керамічної плитки,100 м,матеріал,С168-1,Клей плитковий,кг,500,14,7000,True
11-2-6,Улаштування плінтусів із керамічної плитки,100 м,матеріал,С169-1,Затирка,кг,50,45,2250,True
11-2-6,Улаштування плінтусів із керамічної плитки,100 м,труд_робітників,Т1,"Труд робітників, розряд 3.8",люд.-год,130.99,95.0,12444.05,True
11-2-7,Улаштування бордюрів і декоративних елементів,100 м,матеріал,С167-1,Плитка керамічна / керамограніт,м2,105,420,44100,True
11-2-7,Улаштування бордюрів і декоративних елементів,100 м,матеріал,С168-1,Клей плитковий,кг,500,14,7000,True
11-2-7,Улаштування бордюрів і декоративних елементів,100 м,матеріал,С169-1,Затирка,кг,50,45,2250,True
11-2-7,Улаштування бордюрів і декоративних елементів,100 м,труд_робітників,Т1,"Труд робітників, розряд 3.8",люд.-год,149.483,95.0,14200.89,True
11-3-1,Улаштування підлог із лінолеуму на клейовій основі,100 м2,матеріал,С162-1,Лінолеум / ПВХ-покриття,м2,105,450,47250,True
11-3-1,Улаштування підлог із лінолеуму на клейовій основі,100 м2,матеріал,С163-1,Клей для лінолеуму,кг,40,85,3400,True
11-3-1,Улаштування підлог із лінолеуму на клейовій основі,100 м2,матеріал,С164-1,Плінтус ПВХ,м,40,55,2200,True
11-3-1,Улаштування підлог із лінолеуму на клейовій основі,100 м2,труд_робітників,Т1,"Труд робітників, розряд 3.4",люд.-год,55.63,95.0,5284.85,True
11-3-2,Улаштування підлог із комерційного ПВХ-покриття,100 м2,матеріал,С162-1,Лінолеум / ПВХ-покриття,м2,105,450,47250,True
11-3-2,Улаштування підлог із комерційного ПВХ-покриття,100 м2,матеріал,С163-1,Клей для лінолеуму,кг,40,85,3400,True
11-3-2,Улаштування підлог із комерційного ПВХ-покриття,100 м2,матеріал,С164-1,Плінтус ПВХ,м,40,55,2200,True
11-3-2,Улаштування підлог із комерційного ПВХ-покриття,100 м2,труд_робітників,Т1,"Труд робітників, розряд 3.4",люд.-год,64.085,95.0,6088.07,True
11-3-3,Улаштування підлог із ПВХ-плитки,100 м2,матеріал,С162-1,Лінолеум / ПВХ-покриття,м2,105,450,47250,True
11-3-3,Улаштування підлог із ПВХ-плитки,100 м2,матеріал,С163-1,Клей для лінолеуму,кг,40,85,3400,True
11-3-3,Улаштування підлог із ПВХ-плитки,100 м2,матеріал,С164-1,Плінтус ПВХ,м,40,55,2200,True
11-3-3,Улаштування підлог із ПВХ-плитки,100 м2,труд_робітників,Т1,"Труд робітників, розряд 3.4",люд.-год,56.312,95.0,5349.64,True
11-3-4,Улаштування плінтусів полівінілхлоридних,100 м,матеріал,С167-1,Плитка керамічна / керамограніт,м2,105,420,44100,True
11-3-4,Улаштування плінтусів полівінілхлоридних,100 м,матеріал,С168-1,Клей плитковий,кг,500,14,7000,True
11-3-4,Улаштування плінтусів полівінілхлоридних,100 м,матеріал,С169-1,Затирка,кг,50,45,2250,True
11-3-4,Улаштування плінтусів полівінілхлоридних,100 м,труд_робітників,Т1,"Труд робітників, розряд 3.8",люд.-год,132.331,95.0,12571.44,True
11-3-5,Зварювання швів лінолеуму шнуром,100 м,матеріал,С162-1,Лінолеум / ПВХ-покриття,м2,105,450,47250,True
11-3-5,Зварювання швів лінолеуму шнуром,100 м,матеріал,С163-1,Клей для лінолеуму,кг,40,85,3400,True
11-3-5,Зварювання швів лінолеуму шнуром,100 м,матеріал,С164-1,Плінтус ПВХ,м,40,55,2200,True
11-3-5,Зварювання швів лінолеуму шнуром,100 м,труд_робітників,Т1,"Труд робітників, розряд 3.4",люд.-год,55.386,95.0,5261.67,True
11-4-1,Улаштування підлог дощатих по лагах,100 м2,матеріал,С165-1,Ламінат / дошка / паркет,м2,108,650,70200,True
11-4-1,Улаштування підлог дощатих по лагах,100 м2,матеріал,С166-1,Підкладка,м2,105,45,4725,True
11-4-1,Улаштування підлог дощатих по лагах,100 м2,матеріал,С164-2,Плінтус,м,40,70,2800,True
11-4-1,Улаштування підлог дощатих по лагах,100 м2,труд_робітників,Т1,"Труд робітників, розряд 3.7",люд.-год,78.175,95.0,7426.62,True
11-4-2,Улаштування підлог із ламінату по підкладці,100 м2,матеріал,С165-1,Ламінат / дошка / паркет,м2,108,650,70200,True
11-4-2,Улаштування підлог із ламінату по підкладці,100 м2,матеріал,С166-1,Підкладка,м2,105,45,4725,True
11-4-2,Улаштування підлог із ламінату по підкладці,100 м2,матеріал,С164-2,Плінтус,м,40,70,2800,True
11-4-2,Улаштування підлог із ламінату по підкладці,100 м2,труд_робітників,Т1,"Труд робітників, розряд 3.7",люд.-год,83.677,95.0,7949.32,True
11-4-3,Улаштування підлог паркетних штучних,100 м2,матеріал,С165-1,Ламінат / дошка / паркет,м2,108,650,70200,True
11-4-3,Улаштування підлог паркетних штучних,100 м2,матеріал,С166-1,Підкладка,м2,105,45,4725,True
11-4-3,Улаштування підлог паркетних штучних,100 м2,матеріал,С164-2,Плінтус,м,40,70,2800,True
11-4-3,Улаштування підлог паркетних штучних,100 м2,труд_робітників,Т1,"Труд робітників, розряд 3.7",люд.-год,76.588,95.0,7275.86,True
11-4-4,Улаштування підлог із інженерної дошки,100 м2,матеріал,С167-1,Плитка керамічна / керамограніт,м2,105,420,44100,True
11-4-4,Улаштування підлог із інженерної дошки,100 м2,матеріал,С168-1,Клей плитковий,кг,500,14,7000,True
11-4-4,Улаштування підлог із інженерної дошки,100 м2,матеріал,С169-1,Затирка,кг,50,45,2250,True
11-4-4,Улаштування підлог із інженерної дошки,100 м2,труд_робітників,Т1,"Труд робітників, розряд 3.8",люд.-год,151.578,95.0,14399.91,True
11-5-1,Улаштування підлог бетонних з залізненням,100 м2,матеріал,С160-1,Суміш для стяжки,м3,4.0,2800,11200.0,True
11-5-1,Улаштування підлог бетонних з залізненням,100 м2,матеріал,С161-1,Ґрунтовка,л,20,90,1800,True
11-5-1,Улаштування підлог бетонних з залізненням,100 м2,труд_робітників,Т1,"Труд робітників, розряд 3.3",люд.-год,95.599,95.0,9081.91,True
11-5-2,Улаштування підлог мозаїчних,100 м2,матеріал,С167-1,Плитка керамічна / керамограніт,м2,105,420,44100,True
11-5-2,Улаштування підлог мозаїчних,100 м2,матеріал,С168-1,Клей плитковий,кг,500,14,7000,True
11-5-2,Улаштування підлог мозаїчних,100 м2,матеріал,С169-1,Затирка,кг,50,45,2250,True
11-5-2,Улаштування підлог мозаїчних,100 м2,труд_робітників,Т1,"Труд робітників, розряд 3.8",люд.-год,152.824,95.0,14518.28,True
11-5-3,Улаштування підлог із гумової плитки / покриття,100 м2,матеріал,С167-1,Плитка керамічна / керамограніт,м2,105,420,44100,True
11-5-3,Улаштування підлог із гумової плитки / покриття,100 м2,матеріал,С168-1,Клей плитковий,кг,500,14,7000,True
11-5-3,Улаштування підлог із гумової плитки / покриття,100 м2,матеріал,С169-1,Затирка,кг,50,45,2250,True
11-5-3,Улаштування підлог із гумової плитки / покриття,100 м2,труд_робітників,Т1,"Труд робітників, розряд 3.8",люд.-год,144.239,95.0,13702.7,True
12-1-1,Улаштування пароізоляції рулонної,100 м2,машина,С214-1,Пальник газовий покрівельний,маш.-год,0.8,50,40.0,True
12-1-1,Улаштування пароізоляції рулонної,100 м2,матеріал,С174-1,Матеріал рулонний наплавлюваний,м2,115,180,20700,True
12-1-1,Улаштування пароізоляції рулонної,100 м2,матеріал,С175-1,Праймер бітумний,л,30,70,2100,True
12-1-1,Улаштування пароізоляції рулонної,100 м2,труд_робітників,Т1,"Труд робітників, розряд 3.6",люд.-год,96.62,95.0,9178.9,True
12-1-1,Улаштування пароізоляції рулонної,100 м2,труд_машиністів,Т2,Труд машиністів,люд.-год,0.2,110.0,22.0,True
12-1-2,Улаштування утеплювача з плит мінеральної вати товщиною до 150 мм,100 м2,машина,С214-1,Пальник газовий покрівельний,маш.-год,0.8,50,40.0,True
12-1-2,Улаштування утеплювача з плит мінеральної вати товщиною до 150 мм,100 м2,матеріал,С174-1,Матеріал рулонний наплавлюваний,м2,115,180,20700,True
12-1-2,Улаштування утеплювача з плит мінеральної вати товщиною до 150 мм,100 м2,матеріал,С175-1,Праймер бітумний,л,30,70,2100,True
12-1-2,Улаштування утеплювача з плит мінеральної вати товщиною до 150 мм,100 м2,труд_робітників,Т1,"Труд робітників, розряд 3.6",люд.-год,92.323,95.0,8770.68,True
12-1-2,Улаштування утеплювача з плит мінеральної вати товщиною до 150 мм,100 м2,труд_машиністів,Т2,Труд машиністів,люд.-год,0.2,110.0,22.0,True
12-1-3,Улаштування утеплювача товщиною 150–250 мм,100 м2,машина,С214-1,Пальник газовий покрівельний,маш.-год,0.8,50,40.0,True
12-1-3,Улаштування утеплювача товщиною 150–250 мм,100 м2,матеріал,С174-1,Матеріал рулонний наплавлюваний,м2,115,180,20700,True
12-1-3,Улаштування утеплювача товщиною 150–250 мм,100 м2,матеріал,С175-1,Праймер бітумний,л,30,70,2100,True
12-1-3,Улаштування утеплювача товщиною 150–250 мм,100 м2,труд_робітників,Т1,"Труд робітників, розряд 3.6",люд.-год,93.342,95.0,8867.49,True
12-1-3,Улаштування утеплювача товщиною 150–250 мм,100 м2,труд_машиністів,Т2,Труд машиністів,люд.-год,0.2,110.0,22.0,True
12-1-4,Улаштування стяжки цементної під покрівлю товщиною 40 мм,100 м2,матеріал,С160-1,Суміш для стяжки,м3,4.0,2800,11200.0,True
12-1-4,Улаштування стяжки цементної під покрівлю товщиною 40 мм,100 м2,матеріал,С161-1,Ґрунтовка,л,20,90,1800,True
12-1-4,Улаштування стяжки цементної під покрівлю товщиною 40 мм,100 м2,труд_робітників,Т1,"Труд робітників, розряд 3.3",люд.-год,105.897,95.0,10060.22,True
12-1-5,Улаштування обрешітки під металочерепицю,100 м2,матеріал,С170-1,Металочерепиця / профнастил,м2,110,320,35200,True
12-1-5,Улаштування обрешітки під металочерепицю,100 м2,матеріал,С171-1,Саморізи покрівельні,шт,800,2.5,2000.0,True
12-1-5,Улаштування обрешітки під металочерепицю,100 м2,матеріал,С172-1,Плівки / ущільнювачі,м2,110,35,3850,True
12-1-5,Улаштування обрешітки під металочерепицю,100 м2,труд_робітників,Т1,"Труд робітників, розряд 3.7",люд.-год,110.395,95.0,10487.52,True
12-1-6,Улаштування суцільного настилу / ОСБ під покрівлю,100 м2,машина,С214-1,Пальник газовий покрівельний,маш.-год,0.8,50,40.0,True
12-1-6,Улаштування суцільного настилу / ОСБ під покрівлю,100 м2,матеріал,С174-1,Матеріал рулонний наплавлюваний,м2,115,180,20700,True
12-1-6,Улаштування суцільного настилу / ОСБ під покрівлю,100 м2,матеріал,С175-1,Праймер бітумний,л,30,70,2100,True
12-1-6,Улаштування суцільного настилу / ОСБ під покрівлю,100 м2,труд_робітників,Т1,"Труд робітників, розряд 3.6",люд.-год,86.385,95.0,8206.58,True
12-1-6,Улаштування суцільного настилу / ОСБ під покрівлю,100 м2,труд_машиністів,Т2,Труд машиністів,люд.-год,0.2,110.0,22.0,True
12-2-1,Улаштування покрівлі з наплавлюваних матеріалів у 1 шар,100 м2,машина,С214-1,Пальник газовий покрівельний,маш.-год,0.8,50,40.0,True
12-2-1,Улаштування покрівлі з наплавлюваних матеріалів у 1 шар,100 м2,матеріал,С174-1,Матеріал рулонний наплавлюваний,м2,115,180,20700,True
12-2-1,Улаштування покрівлі з наплавлюваних матеріалів у 1 шар,100 м2,матеріал,С175-1,Праймер бітумний,л,30,70,2100,True
12-2-1,Улаштування покрівлі з наплавлюваних матеріалів у 1 шар,100 м2,труд_робітників,Т1,"Труд робітників, розряд 3.6",люд.-год,94.006,95.0,8930.57,True
12-2-1,Улаштування покрівлі з наплавлюваних матеріалів у 1 шар,100 м2,труд_машиністів,Т2,Труд машиністів,люд.-год,0.2,110.0,22.0,True
12-2-2,Улаштування покрівлі з наплавлюваних матеріалів у 2 шари,100 м2,машина,С214-1,Пальник газовий покрівельний,маш.-год,0.8,50,40.0,True
12-2-2,Улаштування покрівлі з наплавлюваних матеріалів у 2 шари,100 м2,матеріал,С174-1,Матеріал рулонний наплавлюваний,м2,115,180,20700,True
12-2-2,Улаштування покрівлі з наплавлюваних матеріалів у 2 шари,100 м2,матеріал,С175-1,Праймер бітумний,л,30,70,2100,True
12-2-2,Улаштування покрівлі з наплавлюваних матеріалів у 2 шари,100 м2,труд_робітників,Т1,"Труд робітників, розряд 3.6",люд.-год,89.357,95.0,8488.91,True
12-2-2,Улаштування покрівлі з наплавлюваних матеріалів у 2 шари,100 м2,труд_машиністів,Т2,Труд машиністів,люд.-год,0.2,110.0,22.0,True
12-2-3,Улаштування примикань рулонної покрівлі до стін,100 м,машина,С214-1,Пальник газовий покрівельний,маш.-год,0.8,50,40.0,True
12-2-3,Улаштування примикань рулонної покрівлі до стін,100 м,матеріал,С174-1,Матеріал рулонний наплавлюваний,м2,115,180,20700,True
12-2-3,Улаштування примикань рулонної покрівлі до стін,100 м,матеріал,С175-1,Праймер бітумний,л,30,70,2100,True
12-2-3,Улаштування примикань рулонної покрівлі до стін,100 м,труд_робітників,Т1,"Труд робітників, розряд 3.6",люд.-год,98.914,95.0,9396.83,True
12-2-3,Улаштування примикань рулонної покрівлі до стін,100 м,труд_машиністів,Т2,Труд машиністів,люд.-год,0.2,110.0,22.0,True
12-2-4,Улаштування покрівлі з ПВХ-мембрани,100 м2,машина,С214-1,Пальник газовий покрівельний,маш.-год,0.8,50,40.0,True
12-2-4,Улаштування покрівлі з ПВХ-мембрани,100 м2,матеріал,С174-1,Матеріал рулонний наплавлюваний,м2,115,180,20700,True
12-2-4,Улаштування покрівлі з ПВХ-мембрани,100 м2,матеріал,С175-1,Праймер бітумний,л,30,70,2100,True
12-2-4,Улаштування покрівлі з ПВХ-мембрани,100 м2,труд_робітників,Т1,"Труд робітників, розряд 3.6",люд.-год,93.363,95.0,8869.49,True
12-2-4,Улаштування покрівлі з ПВХ-мембрани,100 м2,труд_машиністів,Т2,Труд машиністів,люд.-год,0.2,110.0,22.0,True
12-3-1,Улаштування покрівлі з металочерепиці,100 м2,матеріал,С170-1,Металочерепиця / профнастил,м2,110,320,35200,True
12-3-1,Улаштування покрівлі з металочерепиці,100 м2,матеріал,С171-1,Саморізи покрівельні,шт,800,2.5,2000.0,True
12-3-1,Улаштування покрівлі з металочерепиці,100 м2,матеріал,С172-1,Плівки / ущільнювачі,м2,110,35,3850,True
12-3-1,Улаштування покрівлі з металочерепиці,100 м2,труд_робітників,Т1,"Труд робітників, розряд 3.7",люд.-год,114.224,95.0,10851.28,True
12-3-2,Улаштування покрівлі з профнастилу,100 м2,матеріал,С170-1,Металочерепиця / профнастил,м2,110,320,35200,True
12-3-2,Улаштування покрівлі з профнастилу,100 м2,матеріал,С171-1,Саморізи покрівельні,шт,800,2.5,2000.0,True
12-3-2,Улаштування покрівлі з профнастилу,100 м2,матеріал,С172-1,Плівки / ущільнювачі,м2,110,35,3850,True
12-3-2,Улаштування покрівлі з профнастилу,100 м2,труд_робітників,Т1,"Труд робітників, розряд 3.7",люд.-год,123.751,95.0,11756.35,True
12-3-3,Улаштування покрівлі з фальцевої сталі,100 м2,матеріал,С170-1,Металочерепиця / профнастил,м2,110,320,35200,True
12-3-3,Улаштування покрівлі з фальцевої сталі,100 м2,матеріал,С171-1,Саморізи покрівельні,шт,800,2.5,2000.0,True
12-3-3,Улаштування покрівлі з фальцевої сталі,100 м2,матеріал,С172-1,Плівки / ущільнювачі,м2,110,35,3850,True
12-3-3,Улаштування покрівлі з фальцевої сталі,100 м2,труд_робітників,Т1,"Труд робітників, розряд 3.7",люд.-год,111.248,95.0,10568.56,True
12-3-4,Улаштування єндов і примикань металевої покрівлі,100 м,машина,С214-1,Пальник газовий покрівельний,маш.-год,0.8,50,40.0,True
12-3-4,Улаштування єндов і примикань металевої покрівлі,100 м,матеріал,С174-1,Матеріал рулонний наплавлюваний,м2,115,180,20700,True
12-3-4,Улаштування єндов і примикань металевої покрівлі,100 м,матеріал,С175-1,Праймер бітумний,л,30,70,2100,True
12-3-4,Улаштування єндов і примикань металевої покрівлі,100 м,труд_робітників,Т1,"Труд робітників, розряд 3.6",люд.-год,85.009,95.0,8075.86,True
12-3-4,Улаштування єндов і примикань металевої покрівлі,100 м,труд_машиністів,Т2,Труд машиністів,люд.-год,0.2,110.0,22.0,True
12-4-1,Улаштування ринв підвісних,100 м,матеріал,С173-1,Елементи водостоку / планки,м,105,180,18900,True
12-4-1,Улаштування ринв підвісних,100 м,матеріал,С171-2,Кріплення,компл,100,40,4000,True
12-4-1,Улаштування ринв підвісних,100 м,труд_робітників,Т1,"Труд робітників, розряд 3.5",люд.-год,70.531,95.0,6700.45,True
12-4-2,Улаштування водостічних труб,100 м,машина,С214-1,Пальник газовий покрівельний,маш.-год,0.8,50,40.0,True
12-4-2,Улаштування водостічних труб,100 м,матеріал,С174-1,Матеріал рулонний наплавлюваний,м2,115,180,20700,True
12-4-2,Улаштування водостічних труб,100 м,матеріал,С175-1,Праймер бітумний,л,30,70,2100,True
12-4-2,Улаштування водостічних труб,100 м,труд_робітників,Т1,"Труд робітників, розряд 3.6",люд.-год,89.024,95.0,8457.28,True
12-4-2,Улаштування водостічних труб,100 м,труд_машиністів,Т2,Труд машиністів,люд.-год,0.2,110.0,22.0,True
12-4-3,Улаштування карнизних і торцевих планок,100 м,матеріал,С173-1,Елементи водостоку / планки,м,105,180,18900,True
12-4-3,Улаштування карнизних і торцевих планок,100 м,матеріал,С171-2,Кріплення,компл,100,40,4000,True
12-4-3,Улаштування карнизних і торцевих планок,100 м,труд_робітників,Т1,"Труд робітників, розряд 3.5",люд.-год,77.618,95.0,7373.71,True
12-4-4,Улаштування снігозатримувачів,100 м,машина,С214-1,Пальник газовий покрівельний,маш.-год,0.8,50,40.0,True
12-4-4,Улаштування снігозатримувачів,100 м,матеріал,С174-1,Матеріал рулонний наплавлюваний,м2,115,180,20700,True
12-4-4,Улаштування снігозатримувачів,100 м,матеріал,С175-1,Праймер бітумний,л,30,70,2100,True
12-4-4,Улаштування снігозатримувачів,100 м,труд_робітників,Т1,"Труд робітників, розряд 3.6",люд.-год,98.384,95.0,9346.48,True
12-4-4,Улаштування снігозатримувачів,100 м,труд_машиністів,Т2,Труд машиністів,люд.-год,0.2,110.0,22.0,True
12-4-5,Улаштування водостічних воронок внутрішніх,шт,машина,С214-1,Пальник газовий покрівельний,маш.-год,0.8,50,40.0,True
12-4-5,Улаштування водостічних воронок внутрішніх,шт,матеріал,С174-1,Матеріал рулонний наплавлюваний,м2,1.15,180,207.0,True
12-4-5,Улаштування водостічних воронок внутрішніх,шт,матеріал,С175-1,Праймер бітумний,л,0.3,70,21.0,True
12-4-5,Улаштування водостічних воронок внутрішніх,шт,труд_робітників,Т1,"Труд робітників, розряд 3.6",люд.-год,1.349,95.0,128.16,True
12-4-5,Улаштування водостічних воронок внутрішніх,шт,труд_машиністів,Т2,Труд машиністів,люд.-год,0.2,110.0,22.0,True
13-1-1,Очищення металевих поверхонь механічне,100 м2,матеріал,С220-1,Утеплювач плитний,м2,105,220,23100,False
13-1-1,Очищення металевих поверхонь механічне,100 м2,матеріал,С221-1,Клей / дюбелі / сітка / декоративний шар,компл,100,180,18000,False
13-1-1,Очищення металевих поверхонь механічне,100 м2,труд_робітників,Т1,"Труд робітників, розряд 3.5",люд.-год,104.201,95.0,9899.09,False
13-1-2,Очищення металевих поверхонь піскоструминне,100 м2,матеріал,С220-1,Утеплювач плитний,м2,105,220,23100,False
13-1-2,Очищення металевих поверхонь піскоструминне,100 м2,матеріал,С221-1,Клей / дюбелі / сітка / декоративний шар,компл,100,180,18000,False
13-1-2,Очищення металевих поверхонь піскоструминне,100 м2,труд_робітників,Т1,"Труд робітників, розряд 3.5",люд.-год,101.286,95.0,9622.17,False
13-1-3,Знежирення поверхонь,100 м2,матеріал,С220-1,Утеплювач плитний,м2,105,220,23100,False
13-1-3,Знежирення поверхонь,100 м2,матеріал,С221-1,Клей / дюбелі / сітка / декоративний шар,компл,100,180,18000,False
13-1-3,Знежирення поверхонь,100 м2,труд_робітників,Т1,"Труд робітників, розряд 3.5",люд.-год,103.401,95.0,9823.09,False
13-2-1,Фарбування ґрунтовкою антикорозійною,100 м2,матеріал,С181-1,Ґрунтовка,л,15,85,1275,False
13-2-1,Фарбування ґрунтовкою антикорозійною,100 м2,матеріал,С182-1,Шпаклівка,кг,120,22,2640,False
13-2-1,Фарбування ґрунтовкою антикорозійною,100 м2,матеріал,С183-1,Фарба водоемульсійна,л,25,140,3500,False
13-2-1,Фарбування ґрунтовкою антикорозійною,100 м2,труд_робітників,Т1,"Труд робітників, розряд 3.4",люд.-год,73.735,95.0,7004.82,False
13-2-2,Фарбування емалями в 2 шари,100 м2,матеріал,С181-1,Ґрунтовка,л,15,85,1275,False
13-2-2,Фарбування емалями в 2 шари,100 м2,матеріал,С182-1,Шпаклівка,кг,120,22,2640,False
13-2-2,Фарбування емалями в 2 шари,100 м2,матеріал,С183-1,Фарба водоемульсійна,л,25,140,3500,False
13-2-2,Фарбування емалями в 2 шари,100 м2,труд_робітників,Т1,"Труд робітників, розряд 3.4",люд.-год,73.566,95.0,6988.77,False
13-2-3,Нанесення цинконаповнених покриттів,100 м2,матеріал,С220-1,Утеплювач плитний,м2,105,220,23100,False
13-2-3,Нанесення цинконаповнених покриттів,100 м2,матеріал,С221-1,Клей / дюбелі / сітка / декоративний шар,компл,100,180,18000,False
13-2-3,Нанесення цинконаповнених покриттів,100 м2,труд_робітників,Т1,"Труд робітників, розряд 3.5",люд.-год,103.55,95.0,9837.25,False
13-2-4,Нанесення епоксидних покриттів,100 м2,матеріал,С220-1,Утеплювач плитний,м2,105,220,23100,False
13-2-4,Нанесення епоксидних покриттів,100 м2,матеріал,С221-1,Клей / дюбелі / сітка / декоративний шар,компл,100,180,18000,False
13-2-4,Нанесення епоксидних покриттів,100 м2,труд_робітників,Т1,"Труд робітників, розряд 3.5",люд.-год,106.926,95.0,10157.97,False
13-3-1,Обмазувальна гідроізоляція конструкцій,100 м2,матеріал,С222-1,Мастика / рулонна гідроізоляція,м2,115,160,18400,False
13-3-1,Обмазувальна гідроізоляція конструкцій,100 м2,матеріал,С223-1,Праймер,л,30,70,2100,False
13-3-1,Обмазувальна гідроізоляція конструкцій,100 м2,труд_робітників,Т1,"Труд робітників, розряд 3.5",люд.-год,117.43,95.0,11155.85,False
13-3-2,Захист бетонних поверхонь просочувальними складами,100 м2,матеріал,С220-1,Утеплювач плитний,м2,105,220,23100,False
13-3-2,Захист бетонних поверхонь просочувальними складами,100 м2,матеріал,С221-1,Клей / дюбелі / сітка / декоративний шар,компл,100,180,18000,False
13-3-2,Захист бетонних поверхонь просочувальними складами,100 м2,труд_робітників,Т1,"Труд робітників, розряд 3.5",люд.-год,100.404,95.0,9538.38,False
13-3-3,Футерування поверхонь,100 м2,матеріал,С190-1,Прилад санітарний / опалювальний,шт,1.0,3500,3500.0,False
13-3-3,Футерування поверхонь,100 м2,матеріал,С191-1,Підводка / кріплення / арматура,компл,1.0,650,650.0,False
13-3-3,Футерування поверхонь,100 м2,матеріал,С192-1,Герметик / ущільнювачі,компл,1.0,80,80.0,False
13-3-3,Футерування поверхонь,100 м2,труд_робітників,Т1,"Труд робітників, розряд 4.0",люд.-год,4.131,95.0,392.45,False
13-4-1,Антикорозійний захист ємностей,м2 / шт,матеріал,С220-1,Утеплювач плитний,м2,1.05,220,231.0,False
13-4-1,Антикорозійний захист ємностей,м2 / шт,матеріал,С221-1,Клей / дюбелі / сітка / декоративний шар,компл,1.0,180,180.0,False
13-4-1,Антикорозійний захист ємностей,м2 / шт,труд_робітників,Т1,"Труд робітників, розряд 3.5",люд.-год,1.535,95.0,145.82,False
13-4-2,Антикорозійний захист трубопроводів,м2 / шт,матеріал,С193-1,Труби (сталь/ППР/ПВХ/ПЕ),м,1.05,120,126.0,False
13-4-2,Антикорозійний захист трубопроводів,м2 / шт,матеріал,С194-1,Фітинги та арматура,компл,1.0,350,350.0,False
13-4-2,Антикорозійний захист трубопроводів,м2 / шт,матеріал,С195-1,Кріплення / ізоляція,компл,1.0,90,90.0,False
13-4-2,Антикорозійний захист трубопроводів,м2 / шт,труд_робітників,Т1,"Труд робітників, розряд 3.8",люд.-год,2.001,95.0,190.09,False
14-1-1,Мурування стін тваринницьких приміщень,м3 / 100 м2,машина,С212-1,Підйомник / кран (подача матеріалів),маш.-год,0.15,900,135.0,False
14-1-1,Мурування стін тваринницьких приміщень,м3 / 100 м2,матеріал,С137-1,Цегла керамічна,шт,5100,12,61200,False
14-1-1,Мурування стін тваринницьких приміщень,м3 / 100 м2,матеріал,С135-1,Розчин мурувальний,м3,2.4,2200,5280.0,False
14-1-1,Мурування стін тваринницьких приміщень,м3 / 100 м2,труд_робітників,Т1,"Труд робітників, розряд 3.5",люд.-год,59.076,95.0,5612.22,False
14-1-1,Мурування стін тваринницьких приміщень,м3 / 100 м2,труд_машиністів,Т2,Труд машиністів,люд.-год,0.15,110.0,16.5,False
14-1-2,Улаштування підлог у тваринницьких приміщеннях,м3 / 100 м2,матеріал,С167-1,Плитка керамічна / керамограніт,м2,105,420,44100,False
14-1-2,Улаштування підлог у тваринницьких приміщеннях,м3 / 100 м2,матеріал,С168-1,Клей плитковий,кг,500,14,7000,False
14-1-2,Улаштування підлог у тваринницьких приміщеннях,м3 / 100 м2,матеріал,С169-1,Затирка,кг,50,45,2250,False
14-1-2,Улаштування підлог у тваринницьких приміщеннях,м3 / 100 м2,труд_робітників,Т1,"Труд робітників, розряд 3.8",люд.-год,148.162,95.0,14075.39,False
14-1-3,Улаштування годівниць і навозних каналів,м3 / 100 м2,матеріал,С190-1,Прилад санітарний / опалювальний,шт,1.0,3500,3500.0,False
14-1-3,Улаштування годівниць і навозних каналів,м3 / 100 м2,матеріал,С191-1,Підводка / кріплення / арматура,компл,1.0,650,650.0,False
14-1-3,Улаштування годівниць і навозних каналів,м3 / 100 м2,матеріал,С192-1,Герметик / ущільнювачі,компл,1.0,80,80.0,False
14-1-3,Улаштування годівниць і навозних каналів,м3 / 100 м2,труд_робітників,Т1,"Труд робітників, розряд 4.0",люд.-год,4.15,95.0,394.25,False
14-1-4,Улаштування силосних траншей,м3 / 100 м2,машина,С201-2,Бульдозер / трамбівка,маш.-год,0.5,600,300.0,False
14-1-4,Улаштування силосних траншей,м3 / 100 м2,матеріал,С300-1,Пальне дизельне (орієнтовно),л,4.25,55,233.75,False
14-1-4,Улаштування силосних траншей,м3 / 100 м2,матеріал,С300-2,Мастильні матеріали,кг,0.2125,120,25.5,False
14-1-4,Улаштування силосних траншей,м3 / 100 м2,труд_робітників,Т1,"Труд робітників, розряд 2.8",люд.-год,10.583,95.0,1005.38,False
14-1-4,Улаштування силосних траншей,м3 / 100 м2,труд_машиністів,Т2,Труд машиністів,люд.-год,0.5,110.0,55.0,False
14-2-1,Улаштування буртів і бункерів,м3 / шт,матеріал,С190-1,Прилад санітарний / опалювальний,шт,1.0,3500,3500.0,False
14-2-1,Улаштування буртів і бункерів,м3 / шт,матеріал,С191-1,Підводка / кріплення / арматура,компл,1.0,650,650.0,False
14-2-1,Улаштування буртів і бункерів,м3 / шт,матеріал,С192-1,Герметик / ущільнювачі,компл,1.0,80,80.0,False
14-2-1,Улаштування буртів і бункерів,м3 / шт,труд_робітників,Т1,"Труд робітників, розряд 4.0",люд.-год,3.789,95.0,359.96,False
14-2-2,Улаштування зерносховищ каркасних,м3 / шт,матеріал,С190-1,Прилад санітарний / опалювальний,шт,1.0,3500,3500.0,False
14-2-2,Улаштування зерносховищ каркасних,м3 / шт,матеріал,С191-1,Підводка / кріплення / арматура,компл,1.0,650,650.0,False
14-2-2,Улаштування зерносховищ каркасних,м3 / шт,матеріал,С192-1,Герметик / ущільнювачі,компл,1.0,80,80.0,False
14-2-2,Улаштування зерносховищ каркасних,м3 / шт,труд_робітників,Т1,"Труд робітників, розряд 4.0",люд.-год,3.588,95.0,340.86,False
14-2-3,Улаштування гноєсховищ,м3 / шт,матеріал,С190-1,Прилад санітарний / опалювальний,шт,1.0,3500,3500.0,False
14-2-3,Улаштування гноєсховищ,м3 / шт,матеріал,С191-1,Підводка / кріплення / арматура,компл,1.0,650,650.0,False
14-2-3,Улаштування гноєсховищ,м3 / шт,матеріал,С192-1,Герметик / ущільнювачі,компл,1.0,80,80.0,False
14-2-3,Улаштування гноєсховищ,м3 / шт,труд_робітників,Т1,"Труд робітників, розряд 4.0",люд.-год,4.125,95.0,391.88,False
14-3-1,Улаштування огорож ферм,100 м / 100 м2,матеріал,С190-1,Прилад санітарний / опалювальний,шт,1.0,3500,3500.0,False
14-3-1,Улаштування огорож ферм,100 м / 100 м2,матеріал,С191-1,Підводка / кріплення / арматура,компл,1.0,650,650.0,False
14-3-1,Улаштування огорож ферм,100 м / 100 м2,матеріал,С192-1,Герметик / ущільнювачі,компл,1.0,80,80.0,False
14-3-1,Улаштування огорож ферм,100 м / 100 м2,труд_робітників,Т1,"Труд робітників, розряд 4.0",люд.-год,4.285,95.0,407.07,False
14-3-2,Улаштування вигульних майданчиків,100 м / 100 м2,матеріал,С190-1,Прилад санітарний / опалювальний,шт,1.0,3500,3500.0,False
14-3-2,Улаштування вигульних майданчиків,100 м / 100 м2,матеріал,С191-1,Підводка / кріплення / арматура,компл,1.0,650,650.0,False
14-3-2,Улаштування вигульних майданчиків,100 м / 100 м2,матеріал,С192-1,Герметик / ущільнювачі,компл,1.0,80,80.0,False
14-3-2,Улаштування вигульних майданчиків,100 м / 100 м2,труд_робітників,Т1,"Труд робітників, розряд 4.0",люд.-год,3.66,95.0,347.7,False
15-1-1,Покращене штукатурне опорядження стін цементно-вапняним розчином по цеглі,100 м2,машина,С212-1,Підйомник / кран (подача матеріалів),маш.-год,0.15,900,135.0,True
15-1-1,Покращене штукатурне опорядження стін цементно-вапняним розчином по цеглі,100 м2,матеріал,С137-1,Цегла керамічна,шт,5100,12,61200,True
15-1-1,Покращене штукатурне опорядження стін цементно-вапняним розчином по цеглі,100 м2,матеріал,С135-1,Розчин мурувальний,м3,2.4,2200,5280.0,True
15-1-1,Покращене штукатурне опорядження стін цементно-вапняним розчином по цеглі,100 м2,труд_робітників,Т1,"Труд робітників, розряд 3.5",люд.-год,55.922,95.0,5312.59,True
15-1-1,Покращене штукатурне опорядження стін цементно-вапняним розчином по цеглі,100 м2,труд_машиністів,Т2,Труд машиністів,люд.-год,0.15,110.0,16.5,True
15-1-2,Покращене штукатурне опорядження стін по бетону,100 м2,матеріал,С188-1,Суміш штукатурна,кг,1200,8,9600,True
15-1-2,Покращене штукатурне опорядження стін по бетону,100 м2,матеріал,С181-2,Ґрунтовка,л,20,85,1700,True
15-1-2,Покращене штукатурне опорядження стін по бетону,100 м2,матеріал,С189-1,Сітка штукатурна (за потреби),м2,30,25,750,True
15-1-2,Покращене штукатурне опорядження стін по бетону,100 м2,труд_робітників,Т1,"Труд робітників, розряд 3.6",люд.-год,160.297,95.0,15228.22,True
15-1-3,Покращене штукатурне опорядження стін по газобетону,100 м2,машина,С212-1,Підйомник / кран (подача матеріалів),маш.-год,0.15,900,135.0,True
15-1-3,Покращене штукатурне опорядження стін по газобетону,100 м2,матеріал,С130-1,Блоки газобетонні,м3,1.02,2800,2856.0,True
15-1-3,Покращене штукатурне опорядження стін по газобетону,100 м2,матеріал,С131-1,Клейова суміш для газобетону,кг,25,18,450,True
15-1-3,Покращене штукатурне опорядження стін по газобетону,100 м2,матеріал,С132-1,Арматура для армопоясів / сітка,кг,2.5,35,87.5,True
15-1-3,Покращене штукатурне опорядження стін по газобетону,100 м2,труд_робітників,Т1,"Труд робітників, розряд 3.6",люд.-год,3.802,95.0,361.19,True
15-1-3,Покращене штукатурне опорядження стін по газобетону,100 м2,труд_машиністів,Т2,Труд машиністів,люд.-год,0.15,110.0,16.5,True
15-1-4,Високоякісне штукатурне опорядження стін,100 м2,матеріал,С188-1,Суміш штукатурна,кг,1200,8,9600,True
15-1-4,Високоякісне штукатурне опорядження стін,100 м2,матеріал,С181-2,Ґрунтовка,л,20,85,1700,True
15-1-4,Високоякісне штукатурне опорядження стін,100 м2,матеріал,С189-1,Сітка штукатурна (за потреби),м2,30,25,750,True
15-1-4,Високоякісне штукатурне опорядження стін,100 м2,труд_робітників,Т1,"Труд робітників, розряд 3.6",люд.-год,171.906,95.0,16331.07,True
15-1-5,Штукатурне опорядження стель покращене,100 м2,матеріал,С186-1,Каркас / комплектуючі стелі,м2,105,250,26250,True
15-1-5,Штукатурне опорядження стель покращене,100 м2,матеріал,С187-1,Плити / полотно стелі,м2,105,200,21000,True
15-1-5,Штукатурне опорядження стель покращене,100 м2,труд_робітників,Т1,"Труд робітників, розряд 3.7",люд.-год,139.07,95.0,13211.65,True
15-1-6,Штукатурне опорядження стель високоякісне,100 м2,матеріал,С186-1,Каркас / комплектуючі стелі,м2,105,250,26250,True
15-1-6,Штукатурне опорядження стель високоякісне,100 м2,матеріал,С187-1,Плити / полотно стелі,м2,105,200,21000,True
15-1-6,Штукатурне опорядження стель високоякісне,100 м2,труд_робітників,Т1,"Труд робітників, розряд 3.7",люд.-год,124.904,95.0,11865.88,True
15-1-7,Штукатурне опорядження укосів віконних і дверних,100 м,матеріал,С150-1,Блок віконний/дверний,м2,100,2500,250000,True
15-1-7,Штукатурне опорядження укосів віконних і дверних,100 м,матеріал,С151-1,Піна монтажна / герметик,л,80,120,9600,True
15-1-7,Штукатурне опорядження укосів віконних і дверних,100 м,матеріал,С152-1,"Кріплення (анкери, шурупи)",компл,100,45,4500,True
15-1-7,Штукатурне опорядження укосів віконних і дверних,100 м,труд_робітників,Т1,"Труд робітників, розряд 3.8",люд.-год,257.55,95.0,24467.25,True
15-1-8,Тонкошарова штукатурка гіпсова по стінах,100 м2,матеріал,С188-1,Суміш штукатурна,кг,1200,8,9600,True
15-1-8,Тонкошарова штукатурка гіпсова по стінах,100 м2,матеріал,С181-2,Ґрунтовка,л,20,85,1700,True
15-1-8,Тонкошарова штукатурка гіпсова по стінах,100 м2,матеріал,С189-1,Сітка штукатурна (за потреби),м2,30,25,750,True
15-1-8,Тонкошарова штукатурка гіпсова по стінах,100 м2,труд_робітників,Т1,"Труд робітників, розряд 3.6",люд.-год,178.264,95.0,16935.08,True
15-1-9,Машинне нанесення штукатурки гіпсової,100 м2,матеріал,С188-1,Суміш штукатурна,кг,1200,8,9600,True
15-1-9,Машинне нанесення штукатурки гіпсової,100 м2,матеріал,С181-2,Ґрунтовка,л,20,85,1700,True
15-1-9,Машинне нанесення штукатурки гіпсової,100 м2,матеріал,С189-1,Сітка штукатурна (за потреби),м2,30,25,750,True
15-1-9,Машинне нанесення штукатурки гіпсової,100 м2,труд_робітників,Т1,"Труд робітників, розряд 3.6",люд.-год,153.351,95.0,14568.34,True
15-2-1,Штукатурне опорядження фасадів цементним розчином,100 м2,матеріал,С188-1,Суміш штукатурна,кг,1200,8,9600,True
15-2-1,Штукатурне опорядження фасадів цементним розчином,100 м2,матеріал,С181-2,Ґрунтовка,л,20,85,1700,True
15-2-1,Штукатурне опорядження фасадів цементним розчином,100 м2,матеріал,С189-1,Сітка штукатурна (за потреби),м2,30,25,750,True
15-2-1,Штукатурне опорядження фасадів цементним розчином,100 м2,труд_робітників,Т1,"Труд робітників, розряд 3.6",люд.-год,165.742,95.0,15745.49,True
15-2-2,Декоративне штукатурне опорядження фасадів «короїд/баранець»,100 м2,матеріал,С188-1,Суміш штукатурна,кг,1200,8,9600,True
15-2-2,Декоративне штукатурне опорядження фасадів «короїд/баранець»,100 м2,матеріал,С181-2,Ґрунтовка,л,20,85,1700,True
15-2-2,Декоративне штукатурне опорядження фасадів «короїд/баранець»,100 м2,матеріал,С189-1,Сітка штукатурна (за потреби),м2,30,25,750,True
15-2-2,Декоративне штукатурне опорядження фасадів «короїд/баранець»,100 м2,труд_робітників,Т1,"Труд робітників, розряд 3.6",люд.-год,162.118,95.0,15401.21,True
15-2-3,Опорядження цоколів декоративною штукатуркою/плиткою (підготовка),100 м2,матеріал,С167-1,Плитка керамічна / керамограніт,м2,105,420,44100,True
15-2-3,Опорядження цоколів декоративною штукатуркою/плиткою (підготовка),100 м2,матеріал,С168-1,Клей плитковий,кг,500,14,7000,True
15-2-3,Опорядження цоколів декоративною штукатуркою/плиткою (підготовка),100 м2,матеріал,С169-1,Затирка,кг,50,45,2250,True
15-2-3,Опорядження цоколів декоративною штукатуркою/плиткою (підготовка),100 м2,труд_робітників,Т1,"Труд робітників, розряд 3.8",люд.-год,148.877,95.0,14143.32,True
15-3-1,Облицювання стін керамічною плиткою по цеглі/бетону,100 м2,машина,С212-1,Підйомник / кран (подача матеріалів),маш.-год,0.15,900,135.0,True
15-3-1,Облицювання стін керамічною плиткою по цеглі/бетону,100 м2,матеріал,С137-1,Цегла керамічна,шт,5100,12,61200,True
15-3-1,Облицювання стін керамічною плиткою по цеглі/бетону,100 м2,матеріал,С135-1,Розчин мурувальний,м3,2.4,2200,5280.0,True
15-3-1,Облицювання стін керамічною плиткою по цеглі/бетону,100 м2,труд_робітників,Т1,"Труд робітників, розряд 3.5",люд.-год,57.592,95.0,5471.24,True
15-3-1,Облицювання стін керамічною плиткою по цеглі/бетону,100 м2,труд_машиністів,Т2,Труд машиністів,люд.-год,0.15,110.0,16.5,True
15-3-2,Облицювання стін керамічною плиткою по штукатурці,100 м2,матеріал,С180-1,Плитка облицювальна,м2,105,380,39900,True
15-3-2,Облицювання стін керамічною плиткою по штукатурці,100 м2,матеріал,С168-1,Клей плитковий,кг,550,14,7700,True
15-3-2,Облицювання стін керамічною плиткою по штукатурці,100 м2,матеріал,С169-1,Затирка,кг,60,45,2700,True
15-3-2,Облицювання стін керамічною плиткою по штукатурці,100 м2,труд_робітників,Т1,"Труд робітників, розряд 3.9",люд.-год,162.52,95.0,15439.4,True
15-3-3,Облицювання стін керамогранітом,100 м2,матеріал,С180-1,Плитка облицювальна,м2,105,380,39900,True
15-3-3,Облицювання стін керамогранітом,100 м2,матеріал,С168-1,Клей плитковий,кг,550,14,7700,True
15-3-3,Облицювання стін керамогранітом,100 м2,матеріал,С169-1,Затирка,кг,60,45,2700,True
15-3-3,Облицювання стін керамогранітом,100 м2,труд_робітників,Т1,"Труд робітників, розряд 3.9",люд.-год,181.517,95.0,17244.11,True
15-3-4,Облицювання стін у санвузлах на всю висоту,100 м2,матеріал,С180-1,Плитка облицювальна,м2,105,380,39900,True
15-3-4,Облицювання стін у санвузлах на всю висоту,100 м2,матеріал,С168-1,Клей плитковий,кг,550,14,7700,True
15-3-4,Облицювання стін у санвузлах на всю висоту,100 м2,матеріал,С169-1,Затирка,кг,60,45,2700,True
15-3-4,Облицювання стін у санвузлах на всю висоту,100 м2,труд_робітників,Т1,"Труд робітників, розряд 3.9",люд.-год,184.987,95.0,17573.76,True
15-3-5,Облицювання колон і пілястр,100 м2,матеріал,С180-1,Плитка облицювальна,м2,105,380,39900,True
15-3-5,Облицювання колон і пілястр,100 м2,матеріал,С168-1,Клей плитковий,кг,550,14,7700,True
15-3-5,Облицювання колон і пілястр,100 м2,матеріал,С169-1,Затирка,кг,60,45,2700,True
15-3-5,Облицювання колон і пілястр,100 м2,труд_робітників,Т1,"Труд робітників, розряд 3.9",люд.-год,170.942,95.0,16239.49,True
15-3-6,Улаштування плиточних панно і фризів,100 м2,матеріал,С188-1,Суміш штукатурна,кг,1200,8,9600,True
15-3-6,Улаштування плиточних панно і фризів,100 м2,матеріал,С181-2,Ґрунтовка,л,20,85,1700,True
15-3-6,Улаштування плиточних панно і фризів,100 м2,матеріал,С189-1,Сітка штукатурна (за потреби),м2,30,25,750,True
15-3-6,Улаштування плиточних панно і фризів,100 м2,труд_робітників,Т1,"Труд робітників, розряд 3.6",люд.-год,155.623,95.0,14784.18,True
15-4-1,Фарбування стін водоемульсійними складами покращене,100 м2,матеріал,С181-1,Ґрунтовка,л,15,85,1275,True
15-4-1,Фарбування стін водоемульсійними складами покращене,100 м2,матеріал,С182-1,Шпаклівка,кг,120,22,2640,True
15-4-1,Фарбування стін водоемульсійними складами покращене,100 м2,матеріал,С183-1,Фарба водоемульсійна,л,25,140,3500,True
15-4-1,Фарбування стін водоемульсійними складами покращене,100 м2,труд_робітників,Т1,"Труд робітників, розряд 3.4",люд.-год,75.14,95.0,7138.3,True
15-4-2,Фарбування стін водоемульсійними складами високоякісне,100 м2,матеріал,С181-1,Ґрунтовка,л,15,85,1275,True
15-4-2,Фарбування стін водоемульсійними складами високоякісне,100 м2,матеріал,С182-1,Шпаклівка,кг,120,22,2640,True
15-4-2,Фарбування стін водоемульсійними складами високоякісне,100 м2,матеріал,С183-1,Фарба водоемульсійна,л,25,140,3500,True
15-4-2,Фарбування стін водоемульсійними складами високоякісне,100 м2,труд_робітників,Т1,"Труд робітників, розряд 3.4",люд.-год,73.971,95.0,7027.25,True
15-4-3,Фарбування стель водоемульсійними складами покращене,100 м2,матеріал,С181-1,Ґрунтовка,л,15,85,1275,True
15-4-3,Фарбування стель водоемульсійними складами покращене,100 м2,матеріал,С182-1,Шпаклівка,кг,120,22,2640,True
15-4-3,Фарбування стель водоемульсійними складами покращене,100 м2,матеріал,С183-1,Фарба водоемульсійна,л,25,140,3500,True
15-4-3,Фарбування стель водоемульсійними складами покращене,100 м2,труд_робітників,Т1,"Труд робітників, розряд 3.4",люд.-год,77.623,95.0,7374.19,True
15-4-4,Фарбування стель водоемульсійними складами високоякісне,100 м2,матеріал,С181-1,Ґрунтовка,л,15,85,1275,True
15-4-4,Фарбування стель водоемульсійними складами високоякісне,100 м2,матеріал,С182-1,Шпаклівка,кг,120,22,2640,True
15-4-4,Фарбування стель водоемульсійними складами високоякісне,100 м2,матеріал,С183-1,Фарба водоемульсійна,л,25,140,3500,True
15-4-4,Фарбування стель водоемульсійними складами високоякісне,100 м2,труд_робітників,Т1,"Труд робітників, розряд 3.4",люд.-год,75.441,95.0,7166.9,True
15-4-5,Фарбування столярних виробів олійними/акриловими складами,100 м2,матеріал,С181-1,Ґрунтовка,л,15,85,1275,True
15-4-5,Фарбування столярних виробів олійними/акриловими складами,100 м2,матеріал,С182-1,Шпаклівка,кг,120,22,2640,True
15-4-5,Фарбування столярних виробів олійними/акриловими складами,100 м2,матеріал,С183-1,Фарба водоемульсійна,л,25,140,3500,True
15-4-5,Фарбування столярних виробів олійними/акриловими складами,100 м2,труд_робітників,Т1,"Труд робітників, розряд 3.4",люд.-год,84.85,95.0,8060.75,True
15-4-6,"Фарбування металевих поверхонь (огородження, решітки)",100 м2,матеріал,С181-1,Ґрунтовка,л,15,85,1275,True
15-4-6,"Фарбування металевих поверхонь (огородження, решітки)",100 м2,матеріал,С182-1,Шпаклівка,кг,120,22,2640,True
15-4-6,"Фарбування металевих поверхонь (огородження, решітки)",100 м2,матеріал,С183-1,Фарба водоемульсійна,л,25,140,3500,True
15-4-6,"Фарбування металевих поверхонь (огородження, решітки)",100 м2,труд_робітників,Т1,"Труд робітників, розряд 3.4",люд.-год,82.332,95.0,7821.54,True
15-4-7,Фарбування фасадів силікатними/силіконовими складами,100 м2,матеріал,С181-1,Ґрунтовка,л,15,85,1275,True
15-4-7,Фарбування фасадів силікатними/силіконовими складами,100 м2,матеріал,С182-1,Шпаклівка,кг,120,22,2640,True
15-4-7,Фарбування фасадів силікатними/силіконовими складами,100 м2,матеріал,С183-1,Фарба водоемульсійна,л,25,140,3500,True
15-4-7,Фарбування фасадів силікатними/силіконовими складами,100 м2,труд_робітників,Т1,"Труд робітників, розряд 3.4",люд.-год,73.938,95.0,7024.11,True
15-4-8,Ґрунтування поверхонь під фарбування,100 м2,матеріал,С181-1,Ґрунтовка,л,15,85,1275,True
15-4-8,Ґрунтування поверхонь під фарбування,100 м2,матеріал,С182-1,Шпаклівка,кг,120,22,2640,True
15-4-8,Ґрунтування поверхонь під фарбування,100 м2,матеріал,С183-1,Фарба водоемульсійна,л,25,140,3500,True
15-4-8,Ґрунтування поверхонь під фарбування,100 м2,труд_робітників,Т1,"Труд робітників, розряд 3.4",люд.-год,77.937,95.0,7404.01,True
15-4-9,Шпаклювання суцільне під високоякісне фарбування,100 м2,матеріал,С181-1,Ґрунтовка,л,15,85,1275,True
15-4-9,Шпаклювання суцільне під високоякісне фарбування,100 м2,матеріал,С182-1,Шпаклівка,кг,120,22,2640,True
15-4-9,Шпаклювання суцільне під високоякісне фарбування,100 м2,матеріал,С183-1,Фарба водоемульсійна,л,25,140,3500,True
15-4-9,Шпаклювання суцільне під високоякісне фарбування,100 м2,труд_робітників,Т1,"Труд робітників, розряд 3.4",люд.-год,74.501,95.0,7077.6,True
15-5-1,Обклеювання стін шпалерами паперовими простими,100 м2,матеріал,С184-1,Шпалери,м2,110,180,19800,True
15-5-1,Обклеювання стін шпалерами паперовими простими,100 м2,матеріал,С185-1,Клей шпалерний,кг,20,60,1200,True
15-5-1,Обклеювання стін шпалерами паперовими простими,100 м2,труд_робітників,Т1,"Труд робітників, розряд 3.5",люд.-год,65.476,95.0,6220.22,True
15-5-2,Обклеювання стін шпалерами покращеними (вініл/флізелін),100 м2,матеріал,С184-1,Шпалери,м2,110,180,19800,True
15-5-2,Обклеювання стін шпалерами покращеними (вініл/флізелін),100 м2,матеріал,С185-1,Клей шпалерний,кг,20,60,1200,True
15-5-2,Обклеювання стін шпалерами покращеними (вініл/флізелін),100 м2,труд_робітників,Т1,"Труд робітників, розряд 3.5",люд.-год,70.903,95.0,6735.79,True
15-5-3,Обклеювання стель шпалерами,100 м2,матеріал,С184-1,Шпалери,м2,110,180,19800,True
15-5-3,Обклеювання стель шпалерами,100 м2,матеріал,С185-1,Клей шпалерний,кг,20,60,1200,True
15-5-3,Обклеювання стель шпалерами,100 м2,труд_робітників,Т1,"Труд робітників, розряд 3.5",люд.-год,65.159,95.0,6190.11,True
15-5-4,Оскління віконних переплетень склом 4 мм,100 м2,матеріал,С150-1,Блок віконний/дверний,м2,100,2500,250000,True
15-5-4,Оскління віконних переплетень склом 4 мм,100 м2,матеріал,С151-1,Піна монтажна / герметик,л,80,120,9600,True
15-5-4,Оскління віконних переплетень склом 4 мм,100 м2,матеріал,С152-1,"Кріплення (анкери, шурупи)",компл,100,45,4500,True
15-5-4,Оскління віконних переплетень склом 4 мм,100 м2,труд_робітників,Т1,"Труд робітників, розряд 3.8",люд.-год,255.597,95.0,24281.72,True
15-5-5,Оскління дверних полотен і вітражів,100 м2,матеріал,С150-1,Блок віконний/дверний,м2,100,2500,250000,True
15-5-5,Оскління дверних полотен і вітражів,100 м2,матеріал,С151-1,Піна монтажна / герметик,л,80,120,9600,True
15-5-5,Оскління дверних полотен і вітражів,100 м2,матеріал,С152-1,"Кріплення (анкери, шурупи)",компл,100,45,4500,True
15-5-5,Оскління дверних полотен і вітражів,100 м2,труд_робітників,Т1,"Труд робітників, розряд 3.8",люд.-год,252.66,95.0,24002.7,True
15-6-1,Улаштування стель із гіпсокартону по металевому каркасу в 1 рівень,100 м2,матеріал,С153-1,Профіль CD/UD,м,320,25,8000,True
15-6-1,Улаштування стель із гіпсокартону по металевому каркасу в 1 рівень,100 м2,матеріал,С154-1,"Гіпсокартон 12,5 мм",м2,115,180,20700,True
15-6-1,Улаштування стель із гіпсокартону по металевому каркасу в 1 рівень,100 м2,матеріал,С155-1,"Шурупи, стрічка, шпаклівка",компл,100,90,9000,True
15-6-1,Улаштування стель із гіпсокартону по металевому каркасу в 1 рівень,100 м2,труд_робітників,Т1,"Труд робітників, розряд 3.5",люд.-год,162.866,95.0,15472.27,True
15-6-2,Улаштування стель із гіпсокартону в 2 рівні,100 м2,матеріал,С153-1,Профіль CD/UD,м,320,25,8000,True
15-6-2,Улаштування стель із гіпсокартону в 2 рівні,100 м2,матеріал,С154-1,"Гіпсокартон 12,5 мм",м2,115,180,20700,True
15-6-2,Улаштування стель із гіпсокартону в 2 рівні,100 м2,матеріал,С155-1,"Шурупи, стрічка, шпаклівка",компл,100,90,9000,True
15-6-2,Улаштування стель із гіпсокартону в 2 рівні,100 м2,труд_робітників,Т1,"Труд робітників, розряд 3.5",люд.-год,166.247,95.0,15793.47,True
15-6-3,Улаштування підвісних стель типу Армстронг,100 м2,матеріал,С186-1,Каркас / комплектуючі стелі,м2,105,250,26250,True
15-6-3,Улаштування підвісних стель типу Армстронг,100 м2,матеріал,С187-1,Плити / полотно стелі,м2,105,200,21000,True
15-6-3,Улаштування підвісних стель типу Армстронг,100 м2,труд_робітників,Т1,"Труд робітників, розряд 3.7",люд.-год,132.97,95.0,12632.15,True
15-6-4,Улаштування натяжних стель тканинних/ПВХ,100 м2,матеріал,С186-1,Каркас / комплектуючі стелі,м2,105,250,26250,True
15-6-4,Улаштування натяжних стель тканинних/ПВХ,100 м2,матеріал,С187-1,Плити / полотно стелі,м2,105,200,21000,True
15-6-4,Улаштування натяжних стель тканинних/ПВХ,100 м2,труд_робітників,Т1,"Труд робітників, розряд 3.7",люд.-год,131.0,95.0,12445.0,True
15-6-5,Обшивка стін гіпсокартоном по каркасу,100 м2,матеріал,С153-1,Профіль CD/UD,м,320,25,8000,True
15-6-5,Обшивка стін гіпсокартоном по каркасу,100 м2,матеріал,С154-1,"Гіпсокартон 12,5 мм",м2,115,180,20700,True
15-6-5,Обшивка стін гіпсокартоном по каркасу,100 м2,матеріал,С155-1,"Шурупи, стрічка, шпаклівка",компл,100,90,9000,True
15-6-5,Обшивка стін гіпсокартоном по каркасу,100 м2,труд_робітників,Т1,"Труд робітників, розряд 3.5",люд.-год,182.009,95.0,17290.85,True
16-1-1,Прокладання труб сталевих діаметром 15 мм,100 м,матеріал,С193-1,Труби (сталь/ППР/ПВХ/ПЕ),м,105,120,12600,True
16-1-1,Прокладання труб сталевих діаметром 15 мм,100 м,матеріал,С194-1,Фітинги та арматура,компл,100,350,35000,True
16-1-1,Прокладання труб сталевих діаметром 15 мм,100 м,матеріал,С195-1,Кріплення / ізоляція,компл,100,90,9000,True
16-1-1,Прокладання труб сталевих діаметром 15 мм,100 м,труд_робітників,Т1,"Труд робітників, розряд 3.8",люд.-год,174.905,95.0,16615.97,True
16-1-2,Прокладання труб сталевих діаметром 20 мм,100 м,матеріал,С193-1,Труби (сталь/ППР/ПВХ/ПЕ),м,105,120,12600,True
16-1-2,Прокладання труб сталевих діаметром 20 мм,100 м,матеріал,С194-1,Фітинги та арматура,компл,100,350,35000,True
16-1-2,Прокладання труб сталевих діаметром 20 мм,100 м,матеріал,С195-1,Кріплення / ізоляція,компл,100,90,9000,True
16-1-2,Прокладання труб сталевих діаметром 20 мм,100 м,труд_робітників,Т1,"Труд робітників, розряд 3.8",люд.-год,188.708,95.0,17927.26,True
16-1-3,Прокладання труб сталевих діаметром 25 мм,100 м,матеріал,С193-1,Труби (сталь/ППР/ПВХ/ПЕ),м,105,120,12600,True
16-1-3,Прокладання труб сталевих діаметром 25 мм,100 м,матеріал,С194-1,Фітинги та арматура,компл,100,350,35000,True
16-1-3,Прокладання труб сталевих діаметром 25 мм,100 м,матеріал,С195-1,Кріплення / ізоляція,компл,100,90,9000,True
16-1-3,Прокладання труб сталевих діаметром 25 мм,100 м,труд_робітників,Т1,"Труд робітників, розряд 3.8",люд.-год,189.899,95.0,18040.4,True
16-1-4,Прокладання труб сталевих діаметром 32 мм,100 м,матеріал,С193-1,Труби (сталь/ППР/ПВХ/ПЕ),м,105,120,12600,True
16-1-4,Прокладання труб сталевих діаметром 32 мм,100 м,матеріал,С194-1,Фітинги та арматура,компл,100,350,35000,True
16-1-4,Прокладання труб сталевих діаметром 32 мм,100 м,матеріал,С195-1,Кріплення / ізоляція,компл,100,90,9000,True
16-1-4,Прокладання труб сталевих діаметром 32 мм,100 м,труд_робітників,Т1,"Труд робітників, розряд 3.8",люд.-год,170.122,95.0,16161.59,True
16-1-5,Прокладання труб сталевих діаметром 40 мм,100 м,матеріал,С193-1,Труби (сталь/ППР/ПВХ/ПЕ),м,105,120,12600,True
16-1-5,Прокладання труб сталевих діаметром 40 мм,100 м,матеріал,С194-1,Фітинги та арматура,компл,100,350,35000,True
16-1-5,Прокладання труб сталевих діаметром 40 мм,100 м,матеріал,С195-1,Кріплення / ізоляція,компл,100,90,9000,True
16-1-5,Прокладання труб сталевих діаметром 40 мм,100 м,труд_робітників,Т1,"Труд робітників, розряд 3.8",люд.-год,177.429,95.0,16855.76,True
16-1-6,Прокладання труб сталевих діаметром 50 мм,100 м,матеріал,С193-1,Труби (сталь/ППР/ПВХ/ПЕ),м,105,120,12600,True
16-1-6,Прокладання труб сталевих діаметром 50 мм,100 м,матеріал,С194-1,Фітинги та арматура,компл,100,350,35000,True
16-1-6,Прокладання труб сталевих діаметром 50 мм,100 м,матеріал,С195-1,Кріплення / ізоляція,компл,100,90,9000,True
16-1-6,Прокладання труб сталевих діаметром 50 мм,100 м,труд_робітників,Т1,"Труд робітників, розряд 3.8",люд.-год,188.154,95.0,17874.63,True
16-2-1,Прокладання труб поліпропіленових діаметром 20 мм,100 м,матеріал,С193-1,Труби (сталь/ППР/ПВХ/ПЕ),м,105,120,12600,True
16-2-1,Прокладання труб поліпропіленових діаметром 20 мм,100 м,матеріал,С194-1,Фітинги та арматура,компл,100,350,35000,True
16-2-1,Прокладання труб поліпропіленових діаметром 20 мм,100 м,матеріал,С195-1,Кріплення / ізоляція,компл,100,90,9000,True
16-2-1,Прокладання труб поліпропіленових діаметром 20 мм,100 м,труд_робітників,Т1,"Труд робітників, розряд 3.8",люд.-год,176.863,95.0,16801.99,True
16-2-2,Прокладання труб поліпропіленових діаметром 25 мм,100 м,матеріал,С193-1,Труби (сталь/ППР/ПВХ/ПЕ),м,105,120,12600,True
16-2-2,Прокладання труб поліпропіленових діаметром 25 мм,100 м,матеріал,С194-1,Фітинги та арматура,компл,100,350,35000,True
16-2-2,Прокладання труб поліпропіленових діаметром 25 мм,100 м,матеріал,С195-1,Кріплення / ізоляція,компл,100,90,9000,True
16-2-2,Прокладання труб поліпропіленових діаметром 25 мм,100 м,труд_робітників,Т1,"Труд робітників, розряд 3.8",люд.-год,165.707,95.0,15742.16,True
16-2-3,Прокладання труб поліпропіленових діаметром 32 мм,100 м,матеріал,С193-1,Труби (сталь/ППР/ПВХ/ПЕ),м,105,120,12600,True
16-2-3,Прокладання труб поліпропіленових діаметром 32 мм,100 м,матеріал,С194-1,Фітинги та арматура,компл,100,350,35000,True
16-2-3,Прокладання труб поліпропіленових діаметром 32 мм,100 м,матеріал,С195-1,Кріплення / ізоляція,компл,100,90,9000,True
16-2-3,Прокладання труб поліпропіленових діаметром 32 мм,100 м,труд_робітників,Т1,"Труд робітників, розряд 3.8",люд.-год,192.102,95.0,18249.69,True
16-2-4,Прокладання труб металопластикових діаметром 16-20 мм,100 м,матеріал,С193-1,Труби (сталь/ППР/ПВХ/ПЕ),м,105,120,12600,True
16-2-4,Прокладання труб металопластикових діаметром 16-20 мм,100 м,матеріал,С194-1,Фітинги та арматура,компл,100,350,35000,True
16-2-4,Прокладання труб металопластикових діаметром 16-20 мм,100 м,матеріал,С195-1,Кріплення / ізоляція,компл,100,90,9000,True
16-2-4,Прокладання труб металопластикових діаметром 16-20 мм,100 м,труд_робітників,Т1,"Труд робітників, розряд 3.8",люд.-год,166.518,95.0,15819.21,True
16-3-1,Установлення вентилів і кранів діаметром до 25 мм,шт,матеріал,С193-1,Труби (сталь/ППР/ПВХ/ПЕ),м,1.05,120,126.0,True
16-3-1,Установлення вентилів і кранів діаметром до 25 мм,шт,матеріал,С194-1,Фітинги та арматура,компл,1.0,350,350.0,True
16-3-1,Установлення вентилів і кранів діаметром до 25 мм,шт,матеріал,С195-1,Кріплення / ізоляція,компл,1.0,90,90.0,True
16-3-1,Установлення вентилів і кранів діаметром до 25 мм,шт,труд_робітників,Т1,"Труд робітників, розряд 3.8",люд.-год,2.351,95.0,223.34,True
16-3-2,Установлення вентилів і кранів діаметром до 50 мм,шт,матеріал,С193-1,Труби (сталь/ППР/ПВХ/ПЕ),м,1.05,120,126.0,True
16-3-2,Установлення вентилів і кранів діаметром до 50 мм,шт,матеріал,С194-1,Фітинги та арматура,компл,1.0,350,350.0,True
16-3-2,Установлення вентилів і кранів діаметром до 50 мм,шт,матеріал,С195-1,Кріплення / ізоляція,компл,1.0,90,90.0,True
16-3-2,Установлення вентилів і кранів діаметром до 50 мм,шт,труд_робітників,Т1,"Труд робітників, розряд 3.8",люд.-год,2.399,95.0,227.91,True
16-3-3,Гідравлічне випробування трубопроводів,100 м,матеріал,С190-1,Прилад санітарний / опалювальний,шт,1.0,3500,3500.0,True
16-3-3,Гідравлічне випробування трубопроводів,100 м,матеріал,С191-1,Підводка / кріплення / арматура,компл,1.0,650,650.0,True
16-3-3,Гідравлічне випробування трубопроводів,100 м,матеріал,С192-1,Герметик / ущільнювачі,компл,1.0,80,80.0,True
16-3-3,Гідравлічне випробування трубопроводів,100 м,труд_робітників,Т1,"Труд робітників, розряд 4.0",люд.-год,3.96,95.0,376.2,True
17-1-1,Установлення умивальників з тумбою або на кронштейнах,шт,матеріал,С190-1,Прилад санітарний / опалювальний,шт,1.0,3500,3500.0,True
17-1-1,Установлення умивальників з тумбою або на кронштейнах,шт,матеріал,С191-1,Підводка / кріплення / арматура,компл,1.0,650,650.0,True
17-1-1,Установлення умивальників з тумбою або на кронштейнах,шт,матеріал,С192-1,Герметик / ущільнювачі,компл,1.0,80,80.0,True
17-1-1,Установлення умивальників з тумбою або на кронштейнах,шт,труд_робітників,Т1,"Труд робітників, розряд 4.0",люд.-год,4.132,95.0,392.54,True
17-1-2,Установлення мийок кухонних,шт,матеріал,С193-1,Труби (сталь/ППР/ПВХ/ПЕ),м,1.05,120,126.0,True
17-1-2,Установлення мийок кухонних,шт,матеріал,С194-1,Фітинги та арматура,компл,1.0,350,350.0,True
17-1-2,Установлення мийок кухонних,шт,матеріал,С195-1,Кріплення / ізоляція,компл,1.0,90,90.0,True
17-1-2,Установлення мийок кухонних,шт,труд_робітників,Т1,"Труд робітників, розряд 3.8",люд.-год,2.362,95.0,224.39,True
17-1-3,Установлення унітазів з бачком компакт,шт,матеріал,С190-1,Прилад санітарний / опалювальний,шт,1.0,3500,3500.0,True
17-1-3,Установлення унітазів з бачком компакт,шт,матеріал,С191-1,Підводка / кріплення / арматура,компл,1.0,650,650.0,True
17-1-3,Установлення унітазів з бачком компакт,шт,матеріал,С192-1,Герметик / ущільнювачі,компл,1.0,80,80.0,True
17-1-3,Установлення унітазів з бачком компакт,шт,труд_робітників,Т1,"Труд робітників, розряд 4.0",люд.-год,4.042,95.0,383.99,True
17-1-4,Установлення унітазів підвісних із інсталяцією,шт,матеріал,С190-1,Прилад санітарний / опалювальний,шт,1.0,3500,3500.0,True
17-1-4,Установлення унітазів підвісних із інсталяцією,шт,матеріал,С191-1,Підводка / кріплення / арматура,компл,1.0,650,650.0,True
17-1-4,Установлення унітазів підвісних із інсталяцією,шт,матеріал,С192-1,Герметик / ущільнювачі,компл,1.0,80,80.0,True
17-1-4,Установлення унітазів підвісних із інсталяцією,шт,труд_робітників,Т1,"Труд робітників, розряд 4.0",люд.-год,4.082,95.0,387.79,True
17-1-5,Установлення ванн сталевих/акрилових,шт,матеріал,С190-1,Прилад санітарний / опалювальний,шт,1.0,3500,3500.0,True
17-1-5,Установлення ванн сталевих/акрилових,шт,матеріал,С191-1,Підводка / кріплення / арматура,компл,1.0,650,650.0,True
17-1-5,Установлення ванн сталевих/акрилових,шт,матеріал,С192-1,Герметик / ущільнювачі,компл,1.0,80,80.0,True
17-1-5,Установлення ванн сталевих/акрилових,шт,труд_робітників,Т1,"Труд робітників, розряд 4.0",люд.-год,4.145,95.0,393.77,True
17-1-6,Установлення душових піддонів,шт,матеріал,С190-1,Прилад санітарний / опалювальний,шт,1.0,3500,3500.0,True
17-1-6,Установлення душових піддонів,шт,матеріал,С191-1,Підводка / кріплення / арматура,компл,1.0,650,650.0,True
17-1-6,Установлення душових піддонів,шт,матеріал,С192-1,Герметик / ущільнювачі,компл,1.0,80,80.0,True
17-1-6,Установлення душових піддонів,шт,труд_робітників,Т1,"Труд робітників, розряд 4.0",люд.-год,4.267,95.0,405.37,True
17-1-7,Установлення душових систем / стійок,шт,матеріал,С193-1,Труби (сталь/ППР/ПВХ/ПЕ),м,1.05,120,126.0,True
17-1-7,Установлення душових систем / стійок,шт,матеріал,С194-1,Фітинги та арматура,компл,1.0,350,350.0,True
17-1-7,Установлення душових систем / стійок,шт,матеріал,С195-1,Кріплення / ізоляція,компл,1.0,90,90.0,True
17-1-7,Установлення душових систем / стійок,шт,труд_робітників,Т1,"Труд робітників, розряд 3.8",люд.-год,2.122,95.0,201.59,True
17-1-8,Установлення змішувачів умивальника,шт,матеріал,С190-1,Прилад санітарний / опалювальний,шт,1.0,3500,3500.0,True
17-1-8,Установлення змішувачів умивальника,шт,матеріал,С191-1,Підводка / кріплення / арматура,компл,1.0,650,650.0,True
17-1-8,Установлення змішувачів умивальника,шт,матеріал,С192-1,Герметик / ущільнювачі,компл,1.0,80,80.0,True
17-1-8,Установлення змішувачів умивальника,шт,труд_робітників,Т1,"Труд робітників, розряд 4.0",люд.-год,3.771,95.0,358.25,True
17-1-9,Установлення змішувачів ванни/душу,шт,матеріал,С190-1,Прилад санітарний / опалювальний,шт,1.0,3500,3500.0,True
17-1-9,Установлення змішувачів ванни/душу,шт,матеріал,С191-1,Підводка / кріплення / арматура,компл,1.0,650,650.0,True
17-1-9,Установлення змішувачів ванни/душу,шт,матеріал,С192-1,Герметик / ущільнювачі,компл,1.0,80,80.0,True
17-1-9,Установлення змішувачів ванни/душу,шт,труд_робітників,Т1,"Труд робітників, розряд 4.0",люд.-год,3.717,95.0,353.12,True
17-1-10,Установлення пісуарів,шт,матеріал,С190-1,Прилад санітарний / опалювальний,шт,1.0,3500,3500.0,True
17-1-10,Установлення пісуарів,шт,матеріал,С191-1,Підводка / кріплення / арматура,компл,1.0,650,650.0,True
17-1-10,Установлення пісуарів,шт,матеріал,С192-1,Герметик / ущільнювачі,компл,1.0,80,80.0,True
17-1-10,Установлення пісуарів,шт,труд_робітників,Т1,"Труд робітників, розряд 4.0",люд.-год,4.086,95.0,388.17,True
17-1-11,Установлення трапів підлогових,шт,матеріал,С167-1,Плитка керамічна / керамограніт,м2,1.05,420,441.0,True
17-1-11,Установлення трапів підлогових,шт,матеріал,С168-1,Клей плитковий,кг,5.0,14,70.0,True
17-1-11,Установлення трапів підлогових,шт,матеріал,С169-1,Затирка,кг,0.5,45,22.5,True
17-1-11,Установлення трапів підлогових,шт,труд_робітників,Т1,"Труд робітників, розряд 3.8",люд.-год,1.605,95.0,152.47,True
17-1-12,Установлення сушарок для рушників водяних,шт,матеріал,С193-1,Труби (сталь/ППР/ПВХ/ПЕ),м,1.05,120,126.0,True
17-1-12,Установлення сушарок для рушників водяних,шт,матеріал,С194-1,Фітинги та арматура,компл,1.0,350,350.0,True
17-1-12,Установлення сушарок для рушників водяних,шт,матеріал,С195-1,Кріплення / ізоляція,компл,1.0,90,90.0,True
17-1-12,Установлення сушарок для рушників водяних,шт,труд_робітників,Т1,"Труд робітників, розряд 3.8",люд.-год,2.452,95.0,232.94,True
17-2-1,Прокладання труб каналізаційних ПВХ діаметром 50 мм,100 м,матеріал,С193-1,Труби (сталь/ППР/ПВХ/ПЕ),м,105,120,12600,True
17-2-1,Прокладання труб каналізаційних ПВХ діаметром 50 мм,100 м,матеріал,С194-1,Фітинги та арматура,компл,100,350,35000,True
17-2-1,Прокладання труб каналізаційних ПВХ діаметром 50 мм,100 м,матеріал,С195-1,Кріплення / ізоляція,компл,100,90,9000,True
17-2-1,Прокладання труб каналізаційних ПВХ діаметром 50 мм,100 м,труд_робітників,Т1,"Труд робітників, розряд 3.8",люд.-год,170.71,95.0,16217.45,True
17-2-2,Прокладання труб каналізаційних ПВХ діаметром 110 мм,100 м,матеріал,С193-1,Труби (сталь/ППР/ПВХ/ПЕ),м,105,120,12600,True
17-2-2,Прокладання труб каналізаційних ПВХ діаметром 110 мм,100 м,матеріал,С194-1,Фітинги та арматура,компл,100,350,35000,True
17-2-2,Прокладання труб каналізаційних ПВХ діаметром 110 мм,100 м,матеріал,С195-1,Кріплення / ізоляція,компл,100,90,9000,True
17-2-2,Прокладання труб каналізаційних ПВХ діаметром 110 мм,100 м,труд_робітників,Т1,"Труд робітників, розряд 3.8",люд.-год,181.18,95.0,17212.1,True
17-2-3,Прокладання труб каналізаційних чавунних діаметром 50 мм,100 м,матеріал,С193-1,Труби (сталь/ППР/ПВХ/ПЕ),м,105,120,12600,True
17-2-3,Прокладання труб каналізаційних чавунних діаметром 50 мм,100 м,матеріал,С194-1,Фітинги та арматура,компл,100,350,35000,True
17-2-3,Прокладання труб каналізаційних чавунних діаметром 50 мм,100 м,матеріал,С195-1,Кріплення / ізоляція,компл,100,90,9000,True
17-2-3,Прокладання труб каналізаційних чавунних діаметром 50 мм,100 м,труд_робітників,Т1,"Труд робітників, розряд 3.8",люд.-год,180.872,95.0,17182.84,True
17-2-4,Прокладання труб каналізаційних чавунних діаметром 100 мм,100 м,матеріал,С193-1,Труби (сталь/ППР/ПВХ/ПЕ),м,105,120,12600,True
17-2-4,Прокладання труб каналізаційних чавунних діаметром 100 мм,100 м,матеріал,С194-1,Фітинги та арматура,компл,100,350,35000,True
17-2-4,Прокладання труб каналізаційних чавунних діаметром 100 мм,100 м,матеріал,С195-1,Кріплення / ізоляція,компл,100,90,9000,True
17-2-4,Прокладання труб каналізаційних чавунних діаметром 100 мм,100 м,труд_робітників,Т1,"Труд робітників, розряд 3.8",люд.-год,188.451,95.0,17902.85,True
17-2-5,Улаштування стояків каналізаційних діаметром 110 мм,100 м,матеріал,С190-1,Прилад санітарний / опалювальний,шт,1.0,3500,3500.0,True
17-2-5,Улаштування стояків каналізаційних діаметром 110 мм,100 м,матеріал,С191-1,Підводка / кріплення / арматура,компл,1.0,650,650.0,True
17-2-5,Улаштування стояків каналізаційних діаметром 110 мм,100 м,матеріал,С192-1,Герметик / ущільнювачі,компл,1.0,80,80.0,True
17-2-5,Улаштування стояків каналізаційних діаметром 110 мм,100 м,труд_робітників,Т1,"Труд робітників, розряд 4.0",люд.-год,3.797,95.0,360.72,True
17-2-6,Улаштування випусків каналізації з будівлі,шт,матеріал,С190-1,Прилад санітарний / опалювальний,шт,1.0,3500,3500.0,True
17-2-6,Улаштування випусків каналізації з будівлі,шт,матеріал,С191-1,Підводка / кріплення / арматура,компл,1.0,650,650.0,True
17-2-6,Улаштування випусків каналізації з будівлі,шт,матеріал,С192-1,Герметик / ущільнювачі,компл,1.0,80,80.0,True
17-2-6,Улаштування випусків каналізації з будівлі,шт,труд_робітників,Т1,"Труд робітників, розряд 4.0",люд.-год,4.356,95.0,413.82,True
17-2-7,Установлення ревізій і прочисток,шт,матеріал,С193-1,Труби (сталь/ППР/ПВХ/ПЕ),м,1.05,120,126.0,True
17-2-7,Установлення ревізій і прочисток,шт,матеріал,С194-1,Фітинги та арматура,компл,1.0,350,350.0,True
17-2-7,Установлення ревізій і прочисток,шт,матеріал,С195-1,Кріплення / ізоляція,компл,1.0,90,90.0,True
17-2-7,Установлення ревізій і прочисток,шт,труд_робітників,Т1,"Труд робітників, розряд 3.8",люд.-год,2.362,95.0,224.39,True
17-3-1,Прокладання труб водопроводу ППР діаметром 20 мм,100 м,матеріал,С193-1,Труби (сталь/ППР/ПВХ/ПЕ),м,105,120,12600,True
17-3-1,Прокладання труб водопроводу ППР діаметром 20 мм,100 м,матеріал,С194-1,Фітинги та арматура,компл,100,350,35000,True
17-3-1,Прокладання труб водопроводу ППР діаметром 20 мм,100 м,матеріал,С195-1,Кріплення / ізоляція,компл,100,90,9000,True
17-3-1,Прокладання труб водопроводу ППР діаметром 20 мм,100 м,труд_робітників,Т1,"Труд робітників, розряд 3.8",люд.-год,183.232,95.0,17407.04,True
17-3-2,Прокладання труб водопроводу ППР діаметром 25 мм,100 м,матеріал,С193-1,Труби (сталь/ППР/ПВХ/ПЕ),м,105,120,12600,True
17-3-2,Прокладання труб водопроводу ППР діаметром 25 мм,100 м,матеріал,С194-1,Фітинги та арматура,компл,100,350,35000,True
17-3-2,Прокладання труб водопроводу ППР діаметром 25 мм,100 м,матеріал,С195-1,Кріплення / ізоляція,компл,100,90,9000,True
17-3-2,Прокладання труб водопроводу ППР діаметром 25 мм,100 м,труд_робітників,Т1,"Труд робітників, розряд 3.8",люд.-год,174.332,95.0,16561.54,True
17-3-3,Прокладання труб водопроводу ППР діаметром 32 мм,100 м,матеріал,С193-1,Труби (сталь/ППР/ПВХ/ПЕ),м,105,120,12600,True
17-3-3,Прокладання труб водопроводу ППР діаметром 32 мм,100 м,матеріал,С194-1,Фітинги та арматура,компл,100,350,35000,True
17-3-3,Прокладання труб водопроводу ППР діаметром 32 мм,100 м,матеріал,С195-1,Кріплення / ізоляція,компл,100,90,9000,True
17-3-3,Прокладання труб водопроводу ППР діаметром 32 мм,100 м,труд_робітників,Т1,"Труд робітників, розряд 3.8",люд.-год,171.067,95.0,16251.37,True
17-3-4,Прокладання труб водопроводу металопластикових діаметром 16–20 мм,100 м,матеріал,С193-1,Труби (сталь/ППР/ПВХ/ПЕ),м,105,120,12600,True
17-3-4,Прокладання труб водопроводу металопластикових діаметром 16–20 мм,100 м,матеріал,С194-1,Фітинги та арматура,компл,100,350,35000,True
17-3-4,Прокладання труб водопроводу металопластикових діаметром 16–20 мм,100 м,матеріал,С195-1,Кріплення / ізоляція,компл,100,90,9000,True
17-3-4,Прокладання труб водопроводу металопластикових діаметром 16–20 мм,100 м,труд_робітників,Т1,"Труд робітників, розряд 3.8",люд.-год,175.885,95.0,16709.08,True
17-3-5,Улаштування стояків холодного і гарячого водопостачання,100 м,матеріал,С190-1,Прилад санітарний / опалювальний,шт,1.0,3500,3500.0,True
17-3-5,Улаштування стояків холодного і гарячого водопостачання,100 м,матеріал,С191-1,Підводка / кріплення / арматура,компл,1.0,650,650.0,True
17-3-5,Улаштування стояків холодного і гарячого водопостачання,100 м,матеріал,С192-1,Герметик / ущільнювачі,компл,1.0,80,80.0,True
17-3-5,Улаштування стояків холодного і гарячого водопостачання,100 м,труд_робітників,Т1,"Труд робітників, розряд 4.0",люд.-год,4.481,95.0,425.69,True
17-3-6,Установлення водолічильників з обв'язкою,шт,матеріал,С190-1,Прилад санітарний / опалювальний,шт,1.0,3500,3500.0,True
17-3-6,Установлення водолічильників з обв'язкою,шт,матеріал,С191-1,Підводка / кріплення / арматура,компл,1.0,650,650.0,True
17-3-6,Установлення водолічильників з обв'язкою,шт,матеріал,С192-1,Герметик / ущільнювачі,компл,1.0,80,80.0,True
17-3-6,Установлення водолічильників з обв'язкою,шт,труд_робітників,Т1,"Труд робітників, розряд 4.0",люд.-год,4.313,95.0,409.73,True
17-3-7,Установлення насосів підвищення тиску з обв'язкою,шт,матеріал,С190-1,Прилад санітарний / опалювальний,шт,1.0,3500,3500.0,True
17-3-7,Установлення насосів підвищення тиску з обв'язкою,шт,матеріал,С191-1,Підводка / кріплення / арматура,компл,1.0,650,650.0,True
17-3-7,Установлення насосів підвищення тиску з обв'язкою,шт,матеріал,С192-1,Герметик / ущільнювачі,компл,1.0,80,80.0,True
17-3-7,Установлення насосів підвищення тиску з обв'язкою,шт,труд_робітників,Т1,"Труд робітників, розряд 4.0",люд.-год,4.336,95.0,411.92,True
17-3-8,Установлення водонагрівачів ємнісних до 100 л,шт,матеріал,С193-1,Труби (сталь/ППР/ПВХ/ПЕ),м,1.05,120,126.0,True
17-3-8,Установлення водонагрівачів ємнісних до 100 л,шт,матеріал,С194-1,Фітинги та арматура,компл,1.0,350,350.0,True
17-3-8,Установлення водонагрівачів ємнісних до 100 л,шт,матеріал,С195-1,Кріплення / ізоляція,компл,1.0,90,90.0,True
17-3-8,Установлення водонагрівачів ємнісних до 100 л,шт,труд_робітників,Т1,"Труд робітників, розряд 3.8",люд.-год,2.077,95.0,197.31,True
17-3-9,Установлення фільтрів грубого/тонкого очищення,шт,матеріал,С193-1,Труби (сталь/ППР/ПВХ/ПЕ),м,1.05,120,126.0,True
17-3-9,Установлення фільтрів грубого/тонкого очищення,шт,матеріал,С194-1,Фітинги та арматура,компл,1.0,350,350.0,True
17-3-9,Установлення фільтрів грубого/тонкого очищення,шт,матеріал,С195-1,Кріплення / ізоляція,компл,1.0,90,90.0,True
17-3-9,Установлення фільтрів грубого/тонкого очищення,шт,труд_робітників,Т1,"Труд робітників, розряд 3.8",люд.-год,2.132,95.0,202.54,True
17-3-10,Гідравлічне випробування системи водопроводу,система,матеріал,С190-1,Прилад санітарний / опалювальний,шт,1.0,3500,3500.0,True
17-3-10,Гідравлічне випробування системи водопроводу,система,матеріал,С191-1,Підводка / кріплення / арматура,компл,1.0,650,650.0,True
17-3-10,Гідравлічне випробування системи водопроводу,система,матеріал,С192-1,Герметик / ущільнювачі,компл,1.0,80,80.0,True
17-3-10,Гідравлічне випробування системи водопроводу,система,труд_робітників,Т1,"Труд робітників, розряд 4.0",люд.-год,3.776,95.0,358.72,True
18-1-1,Установлення радіаторів секційних алюмінієвих/біметалевих,кВт,матеріал,С190-1,Прилад санітарний / опалювальний,шт,1.0,3500,3500.0,True
18-1-1,Установлення радіаторів секційних алюмінієвих/біметалевих,кВт,матеріал,С191-1,Підводка / кріплення / арматура,компл,1.0,650,650.0,True
18-1-1,Установлення радіаторів секційних алюмінієвих/біметалевих,кВт,матеріал,С192-1,Герметик / ущільнювачі,компл,1.0,80,80.0,True
18-1-1,Установлення радіаторів секційних алюмінієвих/біметалевих,кВт,труд_робітників,Т1,"Труд робітників, розряд 4.0",люд.-год,3.744,95.0,355.68,True
18-1-2,Установлення радіаторів панельних сталевих,шт,матеріал,С190-1,Прилад санітарний / опалювальний,шт,1.0,3500,3500.0,True
18-1-2,Установлення радіаторів панельних сталевих,шт,матеріал,С191-1,Підводка / кріплення / арматура,компл,1.0,650,650.0,True
18-1-2,Установлення радіаторів панельних сталевих,шт,матеріал,С192-1,Герметик / ущільнювачі,компл,1.0,80,80.0,True
18-1-2,Установлення радіаторів панельних сталевих,шт,труд_робітників,Т1,"Труд робітників, розряд 4.0",люд.-год,4.123,95.0,391.69,True
18-1-3,Установлення конвекторів,шт,матеріал,С190-1,Прилад санітарний / опалювальний,шт,1.0,3500,3500.0,True
18-1-3,Установлення конвекторів,шт,матеріал,С191-1,Підводка / кріплення / арматура,компл,1.0,650,650.0,True
18-1-3,Установлення конвекторів,шт,матеріал,С192-1,Герметик / ущільнювачі,компл,1.0,80,80.0,True
18-1-3,Установлення конвекторів,шт,труд_робітників,Т1,"Труд робітників, розряд 4.0",люд.-год,4.362,95.0,414.39,True
18-1-4,Установлення термостатичних клапанів на приладах,шт,матеріал,С193-1,Труби (сталь/ППР/ПВХ/ПЕ),м,1.05,120,126.0,True
18-1-4,Установлення термостатичних клапанів на приладах,шт,матеріал,С194-1,Фітинги та арматура,компл,1.0,350,350.0,True
18-1-4,Установлення термостатичних клапанів на приладах,шт,матеріал,С195-1,Кріплення / ізоляція,компл,1.0,90,90.0,True
18-1-4,Установлення термостатичних клапанів на приладах,шт,труд_робітників,Т1,"Труд робітників, розряд 3.8",люд.-год,2.495,95.0,237.03,True
18-1-5,Установлення рушникосушарок,шт,матеріал,С190-1,Прилад санітарний / опалювальний,шт,1.0,3500,3500.0,True
18-1-5,Установлення рушникосушарок,шт,матеріал,С191-1,Підводка / кріплення / арматура,компл,1.0,650,650.0,True
18-1-5,Установлення рушникосушарок,шт,матеріал,С192-1,Герметик / ущільнювачі,компл,1.0,80,80.0,True
18-1-5,Установлення рушникосушарок,шт,труд_робітників,Т1,"Труд робітників, розряд 4.0",люд.-год,3.726,95.0,353.97,True
18-2-1,Установлення котлів опалювальних настінних газових/електричних,шт,матеріал,С193-1,Труби (сталь/ППР/ПВХ/ПЕ),м,1.05,120,126.0,True
18-2-1,Установлення котлів опалювальних настінних газових/електричних,шт,матеріал,С194-1,Фітинги та арматура,компл,1.0,350,350.0,True
18-2-1,Установлення котлів опалювальних настінних газових/електричних,шт,матеріал,С195-1,Кріплення / ізоляція,компл,1.0,90,90.0,True
18-2-1,Установлення котлів опалювальних настінних газових/електричних,шт,труд_робітників,Т1,"Труд робітників, розряд 3.8",люд.-год,2.037,95.0,193.51,True
18-2-2,Установлення котлів підлогових,шт,матеріал,С167-1,Плитка керамічна / керамограніт,м2,1.05,420,441.0,True
18-2-2,Установлення котлів підлогових,шт,матеріал,С168-1,Клей плитковий,кг,5.0,14,70.0,True
18-2-2,Установлення котлів підлогових,шт,матеріал,С169-1,Затирка,кг,0.5,45,22.5,True
18-2-2,Установлення котлів підлогових,шт,труд_робітників,Т1,"Труд робітників, розряд 3.8",люд.-год,1.718,95.0,163.21,True
18-2-3,Установлення розширювальних баків,шт,матеріал,С193-1,Труби (сталь/ППР/ПВХ/ПЕ),м,1.05,120,126.0,True
18-2-3,Установлення розширювальних баків,шт,матеріал,С194-1,Фітинги та арматура,компл,1.0,350,350.0,True
18-2-3,Установлення розширювальних баків,шт,матеріал,С195-1,Кріплення / ізоляція,компл,1.0,90,90.0,True
18-2-3,Установлення розширювальних баків,шт,труд_робітників,Т1,"Труд робітників, розряд 3.8",люд.-год,2.39,95.0,227.05,True
18-2-4,Установлення циркуляційних насосів,шт,матеріал,С190-1,Прилад санітарний / опалювальний,шт,1.0,3500,3500.0,True
18-2-4,Установлення циркуляційних насосів,шт,матеріал,С191-1,Підводка / кріплення / арматура,компл,1.0,650,650.0,True
18-2-4,Установлення циркуляційних насосів,шт,матеріал,С192-1,Герметик / ущільнювачі,компл,1.0,80,80.0,True
18-2-4,Установлення циркуляційних насосів,шт,труд_робітників,Т1,"Труд робітників, розряд 4.0",люд.-год,3.545,95.0,336.77,True
18-2-5,Установлення розподільчих колекторів,шт,матеріал,С193-1,Труби (сталь/ППР/ПВХ/ПЕ),м,1.05,120,126.0,True
18-2-5,Установлення розподільчих колекторів,шт,матеріал,С194-1,Фітинги та арматура,компл,1.0,350,350.0,True
18-2-5,Установлення розподільчих колекторів,шт,матеріал,С195-1,Кріплення / ізоляція,компл,1.0,90,90.0,True
18-2-5,Установлення розподільчих колекторів,шт,труд_робітників,Т1,"Труд робітників, розряд 3.8",люд.-год,2.291,95.0,217.64,True
18-2-6,Улаштування індивідуального теплового пункту (ІТП) малого,компл,матеріал,С190-1,Прилад санітарний / опалювальний,шт,1.0,3500,3500.0,True
18-2-6,Улаштування індивідуального теплового пункту (ІТП) малого,компл,матеріал,С191-1,Підводка / кріплення / арматура,компл,1.0,650,650.0,True
18-2-6,Улаштування індивідуального теплового пункту (ІТП) малого,компл,матеріал,С192-1,Герметик / ущільнювачі,компл,1.0,80,80.0,True
18-2-6,Улаштування індивідуального теплового пункту (ІТП) малого,компл,труд_робітників,Т1,"Труд робітників, розряд 4.0",люд.-год,4.453,95.0,423.04,True
18-3-1,Прокладання трубопроводів опалення сталевих діаметром до 25 мм,100 м,матеріал,С193-1,Труби (сталь/ППР/ПВХ/ПЕ),м,105,120,12600,True
18-3-1,Прокладання трубопроводів опалення сталевих діаметром до 25 мм,100 м,матеріал,С194-1,Фітинги та арматура,компл,100,350,35000,True
18-3-1,Прокладання трубопроводів опалення сталевих діаметром до 25 мм,100 м,матеріал,С195-1,Кріплення / ізоляція,компл,100,90,9000,True
18-3-1,Прокладання трубопроводів опалення сталевих діаметром до 25 мм,100 м,труд_робітників,Т1,"Труд робітників, розряд 3.8",люд.-год,173.259,95.0,16459.6,True
18-3-2,Прокладання трубопроводів опалення ППР/PEX діаметром 16–20 мм,100 м,матеріал,С193-1,Труби (сталь/ППР/ПВХ/ПЕ),м,105,120,12600,True
18-3-2,Прокладання трубопроводів опалення ППР/PEX діаметром 16–20 мм,100 м,матеріал,С194-1,Фітинги та арматура,компл,100,350,35000,True
18-3-2,Прокладання трубопроводів опалення ППР/PEX діаметром 16–20 мм,100 м,матеріал,С195-1,Кріплення / ізоляція,компл,100,90,9000,True
18-3-2,Прокладання трубопроводів опалення ППР/PEX діаметром 16–20 мм,100 м,труд_робітників,Т1,"Труд робітників, розряд 3.8",люд.-год,161.241,95.0,15317.9,True
18-3-3,Прокладання трубопроводів опалення ППР діаметром 25–32 мм,100 м,матеріал,С193-1,Труби (сталь/ППР/ПВХ/ПЕ),м,105,120,12600,True
18-3-3,Прокладання трубопроводів опалення ППР діаметром 25–32 мм,100 м,матеріал,С194-1,Фітинги та арматура,компл,100,350,35000,True
18-3-3,Прокладання трубопроводів опалення ППР діаметром 25–32 мм,100 м,матеріал,С195-1,Кріплення / ізоляція,компл,100,90,9000,True
18-3-3,Прокладання трубопроводів опалення ППР діаметром 25–32 мм,100 м,труд_робітників,Т1,"Труд робітників, розряд 3.8",люд.-год,199.988,95.0,18998.86,True
18-3-4,Улаштування системи «тепла підлога» з труби PEX,100 м2,матеріал,С167-1,Плитка керамічна / керамограніт,м2,105,420,44100,True
18-3-4,Улаштування системи «тепла підлога» з труби PEX,100 м2,матеріал,С168-1,Клей плитковий,кг,500,14,7000,True
18-3-4,Улаштування системи «тепла підлога» з труби PEX,100 м2,матеріал,С169-1,Затирка,кг,50,45,2250,True
18-3-4,Улаштування системи «тепла підлога» з труби PEX,100 м2,труд_робітників,Т1,"Труд робітників, розряд 3.8",люд.-год,148.696,95.0,14126.12,True
18-3-5,Гідравлічне випробування системи опалення,система,матеріал,С190-1,Прилад санітарний / опалювальний,шт,1.0,3500,3500.0,True
18-3-5,Гідравлічне випробування системи опалення,система,матеріал,С191-1,Підводка / кріплення / арматура,компл,1.0,650,650.0,True
18-3-5,Гідравлічне випробування системи опалення,система,матеріал,С192-1,Герметик / ущільнювачі,компл,1.0,80,80.0,True
18-3-5,Гідравлічне випробування системи опалення,система,труд_робітників,Т1,"Труд робітників, розряд 4.0",люд.-год,4.263,95.0,404.99,True
18-3-6,Промивання системи опалення,система,матеріал,С190-1,Прилад санітарний / опалювальний,шт,1.0,3500,3500.0,True
18-3-6,Промивання системи опалення,система,матеріал,С191-1,Підводка / кріплення / арматура,компл,1.0,650,650.0,True
18-3-6,Промивання системи опалення,система,матеріал,С192-1,Герметик / ущільнювачі,компл,1.0,80,80.0,True
18-3-6,Промивання системи опалення,система,труд_робітників,Т1,"Труд робітників, розряд 4.0",люд.-год,4.021,95.0,382.0,True
19-1-1,Прокладання газопроводів сталевих діаметром до 25 мм,100 м,матеріал,С193-1,Труби (сталь/ППР/ПВХ/ПЕ),м,105,120,12600,False
19-1-1,Прокладання газопроводів сталевих діаметром до 25 мм,100 м,матеріал,С194-1,Фітинги та арматура,компл,100,350,35000,False
19-1-1,Прокладання газопроводів сталевих діаметром до 25 мм,100 м,матеріал,С195-1,Кріплення / ізоляція,компл,100,90,9000,False
19-1-1,Прокладання газопроводів сталевих діаметром до 25 мм,100 м,труд_робітників,Т1,"Труд робітників, розряд 3.8",люд.-год,178.551,95.0,16962.34,False
19-1-2,Прокладання газопроводів сталевих діаметром до 50 мм,100 м,матеріал,С193-1,Труби (сталь/ППР/ПВХ/ПЕ),м,105,120,12600,False
19-1-2,Прокладання газопроводів сталевих діаметром до 50 мм,100 м,матеріал,С194-1,Фітинги та арматура,компл,100,350,35000,False
19-1-2,Прокладання газопроводів сталевих діаметром до 50 мм,100 м,матеріал,С195-1,Кріплення / ізоляція,компл,100,90,9000,False
19-1-2,Прокладання газопроводів сталевих діаметром до 50 мм,100 м,труд_робітників,Т1,"Труд робітників, розряд 3.8",люд.-год,175.674,95.0,16689.03,False
19-1-3,Прокладання газопроводів поліетиленових,100 м,матеріал,С193-1,Труби (сталь/ППР/ПВХ/ПЕ),м,105,120,12600,False
19-1-3,Прокладання газопроводів поліетиленових,100 м,матеріал,С194-1,Фітинги та арматура,компл,100,350,35000,False
19-1-3,Прокладання газопроводів поліетиленових,100 м,матеріал,С195-1,Кріплення / ізоляція,компл,100,90,9000,False
19-1-3,Прокладання газопроводів поліетиленових,100 м,труд_робітників,Т1,"Труд робітників, розряд 3.8",люд.-год,180.165,95.0,17115.67,False
19-2-1,Установлення газових плит,шт,матеріал,С193-1,Труби (сталь/ППР/ПВХ/ПЕ),м,1.05,120,126.0,False
19-2-1,Установлення газових плит,шт,матеріал,С194-1,Фітинги та арматура,компл,1.0,350,350.0,False
19-2-1,Установлення газових плит,шт,матеріал,С195-1,Кріплення / ізоляція,компл,1.0,90,90.0,False
19-2-1,Установлення газових плит,шт,труд_робітників,Т1,"Труд робітників, розряд 3.8",люд.-год,2.144,95.0,203.68,False
19-2-2,Установлення газових котлів,шт,матеріал,С193-1,Труби (сталь/ППР/ПВХ/ПЕ),м,1.05,120,126.0,False
19-2-2,Установлення газових котлів,шт,матеріал,С194-1,Фітинги та арматура,компл,1.0,350,350.0,False
19-2-2,Установлення газових котлів,шт,матеріал,С195-1,Кріплення / ізоляція,компл,1.0,90,90.0,False
19-2-2,Установлення газових котлів,шт,труд_робітників,Т1,"Труд робітників, розряд 3.8",люд.-год,2.402,95.0,228.19,False
19-2-3,Установлення лічильників газу,шт,матеріал,С190-1,Прилад санітарний / опалювальний,шт,1.0,3500,3500.0,False
19-2-3,Установлення лічильників газу,шт,матеріал,С191-1,Підводка / кріплення / арматура,компл,1.0,650,650.0,False
19-2-3,Установлення лічильників газу,шт,матеріал,С192-1,Герметик / ущільнювачі,компл,1.0,80,80.0,False
19-2-3,Установлення лічильників газу,шт,труд_робітників,Т1,"Труд робітників, розряд 4.0",люд.-год,4.406,95.0,418.57,False
19-2-4,Установлення запірної арматури,шт,матеріал,С193-1,Труби (сталь/ППР/ПВХ/ПЕ),м,1.05,120,126.0,False
19-2-4,Установлення запірної арматури,шт,матеріал,С194-1,Фітинги та арматура,компл,1.0,350,350.0,False
19-2-4,Установлення запірної арматури,шт,матеріал,С195-1,Кріплення / ізоляція,компл,1.0,90,90.0,False
19-2-4,Установлення запірної арматури,шт,труд_робітників,Т1,"Труд робітників, розряд 3.8",люд.-год,2.005,95.0,190.47,False
19-3-1,Опресовування газопроводів,система,матеріал,С190-1,Прилад санітарний / опалювальний,шт,1.0,3500,3500.0,False
19-3-1,Опресовування газопроводів,система,матеріал,С191-1,Підводка / кріплення / арматура,компл,1.0,650,650.0,False
19-3-1,Опресовування газопроводів,система,матеріал,С192-1,Герметик / ущільнювачі,компл,1.0,80,80.0,False
19-3-1,Опресовування газопроводів,система,труд_робітників,Т1,"Труд робітників, розряд 4.0",люд.-год,4.254,95.0,404.13,False
19-3-2,Пуск газу і регулювання обладнання,система,матеріал,С190-1,Прилад санітарний / опалювальний,шт,1.0,3500,3500.0,False
19-3-2,Пуск газу і регулювання обладнання,система,матеріал,С191-1,Підводка / кріплення / арматура,компл,1.0,650,650.0,False
19-3-2,Пуск газу і регулювання обладнання,система,матеріал,С192-1,Герметик / ущільнювачі,компл,1.0,80,80.0,False
19-3-2,Пуск газу і регулювання обладнання,система,труд_робітників,Т1,"Труд робітників, розряд 4.0",люд.-год,3.684,95.0,349.98,False
20-1-1,"Улаштування повітроводів з оцинкованої сталі товщиною до 0,5 мм класу Н",100 м2,матеріал,С190-1,Прилад санітарний / опалювальний,шт,1.0,3500,3500.0,True
20-1-1,"Улаштування повітроводів з оцинкованої сталі товщиною до 0,5 мм класу Н",100 м2,матеріал,С191-1,Підводка / кріплення / арматура,компл,1.0,650,650.0,True
20-1-1,"Улаштування повітроводів з оцинкованої сталі товщиною до 0,5 мм класу Н",100 м2,матеріал,С192-1,Герметик / ущільнювачі,компл,1.0,80,80.0,True
20-1-1,"Улаштування повітроводів з оцинкованої сталі товщиною до 0,5 мм класу Н",100 м2,труд_робітників,Т1,"Труд робітників, розряд 4.0",люд.-год,3.551,95.0,337.35,True
20-1-2,"Улаштування повітроводів товщиною до 0,7 мм",100 м2,матеріал,С190-1,Прилад санітарний / опалювальний,шт,1.0,3500,3500.0,True
20-1-2,"Улаштування повітроводів товщиною до 0,7 мм",100 м2,матеріал,С191-1,Підводка / кріплення / арматура,компл,1.0,650,650.0,True
20-1-2,"Улаштування повітроводів товщиною до 0,7 мм",100 м2,матеріал,С192-1,Герметик / ущільнювачі,компл,1.0,80,80.0,True
20-1-2,"Улаштування повітроводів товщиною до 0,7 мм",100 м2,труд_робітників,Т1,"Труд робітників, розряд 4.0",люд.-год,3.758,95.0,357.01,True
20-1-3,Улаштування повітроводів гнучких ізольованих,100 м,матеріал,С190-1,Прилад санітарний / опалювальний,шт,1.0,3500,3500.0,True
20-1-3,Улаштування повітроводів гнучких ізольованих,100 м,матеріал,С191-1,Підводка / кріплення / арматура,компл,1.0,650,650.0,True
20-1-3,Улаштування повітроводів гнучких ізольованих,100 м,матеріал,С192-1,Герметик / ущільнювачі,компл,1.0,80,80.0,True
20-1-3,Улаштування повітроводів гнучких ізольованих,100 м,труд_робітників,Т1,"Труд робітників, розряд 4.0",люд.-год,4.385,95.0,416.57,True
20-1-4,Улаштування фасонних частин повітроводів,100 м2,матеріал,С190-1,Прилад санітарний / опалювальний,шт,1.0,3500,3500.0,True
20-1-4,Улаштування фасонних частин повітроводів,100 м2,матеріал,С191-1,Підводка / кріплення / арматура,компл,1.0,650,650.0,True
20-1-4,Улаштування фасонних частин повітроводів,100 м2,матеріал,С192-1,Герметик / ущільнювачі,компл,1.0,80,80.0,True
20-1-4,Улаштування фасонних частин повітроводів,100 м2,труд_робітників,Т1,"Труд робітників, розряд 4.0",люд.-год,4.496,95.0,427.12,True
20-1-5,Теплоізоляція повітроводів рулонними матеріалами,100 м2,матеріал,С202-m,Повітроводи оцинковані,м2,105,280,29400,True
20-1-5,Теплоізоляція повітроводів рулонними матеріалами,100 м2,матеріал,С203-m,"Фланці, ущільнення, кріплення",компл,100,120,12000,True
20-1-5,Теплоізоляція повітроводів рулонними матеріалами,100 м2,труд_робітників,Т1,"Труд робітників, розряд 3.9",люд.-год,229.75,95.0,21826.25,True
20-2-1,Установлення вентиляторів осьових,шт,матеріал,С200-1,Обладнання вентиляції/кондиціювання,шт,1.0,18000,18000.0,True
20-2-1,Установлення вентиляторів осьових,шт,матеріал,С201-m,"Кронштейни, фреон-траса, дренаж",компл,1.0,2500,2500.0,True
20-2-1,Установлення вентиляторів осьових,шт,труд_робітників,Т1,"Труд робітників, розряд 4.1",люд.-год,8.496,95.0,807.12,True
20-2-2,Установлення вентиляторів радіальних,шт,матеріал,С200-1,Обладнання вентиляції/кондиціювання,шт,1.0,18000,18000.0,True
20-2-2,Установлення вентиляторів радіальних,шт,матеріал,С201-m,"Кронштейни, фреон-траса, дренаж",компл,1.0,2500,2500.0,True
20-2-2,Установлення вентиляторів радіальних,шт,труд_робітників,Т1,"Труд робітників, розряд 4.1",люд.-год,8.713,95.0,827.73,True
20-2-3,Установлення припливно-витяжних установок до 2000 м3/год,шт,матеріал,С200-1,Обладнання вентиляції/кондиціювання,шт,1.0,18000,18000.0,True
20-2-3,Установлення припливно-витяжних установок до 2000 м3/год,шт,матеріал,С201-m,"Кронштейни, фреон-траса, дренаж",компл,1.0,2500,2500.0,True
20-2-3,Установлення припливно-витяжних установок до 2000 м3/год,шт,труд_робітників,Т1,"Труд робітників, розряд 4.1",люд.-год,9.431,95.0,895.94,True
20-2-4,Установлення припливно-витяжних установок понад 2000 м3/год,шт,матеріал,С200-1,Обладнання вентиляції/кондиціювання,шт,1.0,18000,18000.0,True
20-2-4,Установлення припливно-витяжних установок понад 2000 м3/год,шт,матеріал,С201-m,"Кронштейни, фреон-траса, дренаж",компл,1.0,2500,2500.0,True
20-2-4,Установлення припливно-витяжних установок понад 2000 м3/год,шт,труд_робітників,Т1,"Труд робітників, розряд 4.1",люд.-год,8.913,95.0,846.74,True
20-2-5,Установлення решіток і дифузорів,шт,матеріал,С202-m,Повітроводи оцинковані,м2,1.05,280,294.0,True
20-2-5,Установлення решіток і дифузорів,шт,матеріал,С203-m,"Фланці, ущільнення, кріплення",компл,1.0,120,120.0,True
20-2-5,Установлення решіток і дифузорів,шт,труд_робітників,Т1,"Труд робітників, розряд 3.9",люд.-год,3.008,95.0,285.76,True
20-2-6,Установлення вогнезатримуючих клапанів,шт,матеріал,С202-m,Повітроводи оцинковані,м2,1.05,280,294.0,True
20-2-6,Установлення вогнезатримуючих клапанів,шт,матеріал,С203-m,"Фланці, ущільнення, кріплення",компл,1.0,120,120.0,True
20-2-6,Установлення вогнезатримуючих клапанів,шт,труд_робітників,Т1,"Труд робітників, розряд 3.9",люд.-год,3.26,95.0,309.7,True
20-2-7,Установлення шумоглушників,шт,матеріал,С202-m,Повітроводи оцинковані,м2,1.05,280,294.0,True
20-2-7,Установлення шумоглушників,шт,матеріал,С203-m,"Фланці, ущільнення, кріплення",компл,1.0,120,120.0,True
20-2-7,Установлення шумоглушників,шт,труд_робітників,Т1,"Труд робітників, розряд 3.9",люд.-год,3.099,95.0,294.41,True
20-3-1,Установлення спліт-систем побутових (внутрішній + зовнішній блоки),шт,машина,С212-1,Підйомник / кран (подача матеріалів),маш.-год,0.15,900,135.0,True
20-3-1,Установлення спліт-систем побутових (внутрішній + зовнішній блоки),шт,матеріал,С134-1,Камінь бутовий,м3,1.05,900,945.0,True
20-3-1,Установлення спліт-систем побутових (внутрішній + зовнішній блоки),шт,матеріал,С135-1,Розчин мурувальний М50–М75,м3,0.38,2200,836.0,True
20-3-1,Установлення спліт-систем побутових (внутрішній + зовнішній блоки),шт,труд_робітників,Т1,"Труд робітників, розряд 3.3",люд.-год,6.487,95.0,616.26,True
20-3-1,Установлення спліт-систем побутових (внутрішній + зовнішній блоки),шт,труд_машиністів,Т2,Труд машиністів,люд.-год,0.15,110.0,16.5,True
20-3-2,Установлення мультиспліт-систем,шт,матеріал,С200-1,Обладнання вентиляції/кондиціювання,шт,1.0,18000,18000.0,True
20-3-2,Установлення мультиспліт-систем,шт,матеріал,С201-m,"Кронштейни, фреон-траса, дренаж",компл,1.0,2500,2500.0,True
20-3-2,Установлення мультиспліт-систем,шт,труд_робітників,Т1,"Труд робітників, розряд 4.1",люд.-год,9.45,95.0,897.75,True
20-3-3,Установлення канальних кондиціонерів,шт,матеріал,С200-1,Обладнання вентиляції/кондиціювання,шт,1.0,18000,18000.0,True
20-3-3,Установлення канальних кондиціонерів,шт,матеріал,С201-m,"Кронштейни, фреон-траса, дренаж",компл,1.0,2500,2500.0,True
20-3-3,Установлення канальних кондиціонерів,шт,труд_робітників,Т1,"Труд робітників, розряд 4.1",люд.-год,8.537,95.0,811.02,True
21-1-1,Прокладання кабелів у штробах з подальшим заробленням,100 м,матеріал,С214-m,Кабель / провід силовий,м,105,55,5775,True
21-1-1,Прокладання кабелів у штробах з подальшим заробленням,100 м,матеріал,С215-m,Труба/короб/гофра,м,105,18,1890,True
21-1-1,Прокладання кабелів у штробах з подальшим заробленням,100 м,матеріал,С216-m,Кріплення,компл,100,25,2500,True
21-1-1,Прокладання кабелів у штробах з подальшим заробленням,100 м,труд_робітників,Т1,"Труд робітників, розряд 3.7",люд.-год,127.198,95.0,12083.81,True
21-1-2,Прокладання кабелів у гофрованих трубах у підготовці підлоги,100 м,матеріал,С167-1,Плитка керамічна / керамограніт,м2,105,420,44100,True
21-1-2,Прокладання кабелів у гофрованих трубах у підготовці підлоги,100 м,матеріал,С168-1,Клей плитковий,кг,500,14,7000,True
21-1-2,Прокладання кабелів у гофрованих трубах у підготовці підлоги,100 м,матеріал,С169-1,Затирка,кг,50,45,2250,True
21-1-2,Прокладання кабелів у гофрованих трубах у підготовці підлоги,100 м,труд_робітників,Т1,"Труд робітників, розряд 3.8",люд.-год,134.789,95.0,12804.95,True
21-1-3,Прокладання кабелів у коробах по стінах,100 м,матеріал,С214-m,Кабель / провід силовий,м,105,55,5775,True
21-1-3,Прокладання кабелів у коробах по стінах,100 м,матеріал,С215-m,Труба/короб/гофра,м,105,18,1890,True
21-1-3,Прокладання кабелів у коробах по стінах,100 м,матеріал,С216-m,Кріплення,компл,100,25,2500,True
21-1-3,Прокладання кабелів у коробах по стінах,100 м,труд_робітників,Т1,"Труд робітників, розряд 3.7",люд.-год,121.753,95.0,11566.53,True
21-1-4,Прокладання кабелів у лотках горизонтальних,100 м,матеріал,С214-m,Кабель / провід силовий,м,105,55,5775,True
21-1-4,Прокладання кабелів у лотках горизонтальних,100 м,матеріал,С215-m,Труба/короб/гофра,м,105,18,1890,True
21-1-4,Прокладання кабелів у лотках горизонтальних,100 м,матеріал,С216-m,Кріплення,компл,100,25,2500,True
21-1-4,Прокладання кабелів у лотках горизонтальних,100 м,труд_робітників,Т1,"Труд робітників, розряд 3.7",люд.-год,129.677,95.0,12319.31,True
21-1-5,Прокладання кабелів відкрито по конструкціях на скобах,100 м,матеріал,С214-m,Кабель / провід силовий,м,105,55,5775,True
21-1-5,Прокладання кабелів відкрито по конструкціях на скобах,100 м,матеріал,С215-m,Труба/короб/гофра,м,105,18,1890,True
21-1-5,Прокладання кабелів відкрито по конструкціях на скобах,100 м,матеріал,С216-m,Кріплення,компл,100,25,2500,True
21-1-5,Прокладання кабелів відкрито по конструкціях на скобах,100 м,труд_робітників,Т1,"Труд робітників, розряд 3.7",люд.-год,116.546,95.0,11071.87,True
21-1-6,Прокладання кабелів у землі в траншеї (ввід),100 м,машина,С201-2,Бульдозер / трамбівка,маш.-год,0.5,600,300.0,True
21-1-6,Прокладання кабелів у землі в траншеї (ввід),100 м,матеріал,С300-1,Пальне дизельне (орієнтовно),л,4.25,55,233.75,True
21-1-6,Прокладання кабелів у землі в траншеї (ввід),100 м,матеріал,С300-2,Мастильні матеріали,кг,0.2125,120,25.5,True
21-1-6,Прокладання кабелів у землі в траншеї (ввід),100 м,труд_робітників,Т1,"Труд робітників, розряд 2.8",люд.-год,8.751,95.0,831.34,True
21-1-6,Прокладання кабелів у землі в траншеї (ввід),100 м,труд_машиністів,Т2,Труд машиністів,люд.-год,0.5,110.0,55.0,True
21-1-7,Прокладання проводів у трубах ПВХ по стелях/стінах,100 м,матеріал,С193-1,Труби (сталь/ППР/ПВХ/ПЕ),м,105,120,12600,True
21-1-7,Прокладання проводів у трубах ПВХ по стелях/стінах,100 м,матеріал,С194-1,Фітинги та арматура,компл,100,350,35000,True
21-1-7,Прокладання проводів у трубах ПВХ по стелях/стінах,100 м,матеріал,С195-1,Кріплення / ізоляція,компл,100,90,9000,True
21-1-7,Прокладання проводів у трубах ПВХ по стелях/стінах,100 м,труд_робітників,Т1,"Труд робітників, розряд 3.8",люд.-год,170.108,95.0,16160.26,True
21-1-8,Протягування додаткових кабелів у раніше прокладених трубах,100 м,матеріал,С190-1,Прилад санітарний / опалювальний,шт,1.0,3500,3500.0,True
21-1-8,Протягування додаткових кабелів у раніше прокладених трубах,100 м,матеріал,С191-1,Підводка / кріплення / арматура,компл,1.0,650,650.0,True
21-1-8,Протягування додаткових кабелів у раніше прокладених трубах,100 м,матеріал,С192-1,Герметик / ущільнювачі,компл,1.0,80,80.0,True
21-1-8,Протягування додаткових кабелів у раніше прокладених трубах,100 м,труд_робітників,Т1,"Труд робітників, розряд 4.0",люд.-год,3.633,95.0,345.13,True
21-2-1,Установлення вимикачів однокнопочних прихованої проводки,100 шт,матеріал,С210-m,Виріб електроустановочний / щит / світильник,шт,100,350,35000,True
21-2-1,Установлення вимикачів однокнопочних прихованої проводки,100 шт,матеріал,С211-m,"Клемники, кріплення",компл,100,40,4000,True
21-2-1,Установлення вимикачів однокнопочних прихованої проводки,100 шт,труд_робітників,Т1,"Труд робітників, розряд 3.8",люд.-год,97.082,95.0,9222.79,True
21-2-2,Установлення вимикачів двокнопочних / прохідних,100 шт,матеріал,С210-m,Виріб електроустановочний / щит / світильник,шт,100,350,35000,True
21-2-2,Установлення вимикачів двокнопочних / прохідних,100 шт,матеріал,С211-m,"Клемники, кріплення",компл,100,40,4000,True
21-2-2,Установлення вимикачів двокнопочних / прохідних,100 шт,труд_робітників,Т1,"Труд робітників, розряд 3.8",люд.-год,98.773,95.0,9383.43,True
21-2-3,Установлення розеток з заземленням прихованої проводки,100 шт,матеріал,С212-m,Сталь кругла / кутик для заземлення,кг,45,35,1575,True
21-2-3,Установлення розеток з заземленням прихованої проводки,100 шт,матеріал,С213-m,Провідник заземлення,м,25,40,1000,True
21-2-3,Установлення розеток з заземленням прихованої проводки,100 шт,труд_робітників,Т1,"Труд робітників, розряд 4.0",люд.-год,14.12,95.0,1341.4,True
21-2-4,Установлення розеток вологозахищених,100 шт,матеріал,С214-m,Кабель / провід силовий,м,105,55,5775,True
21-2-4,Установлення розеток вологозахищених,100 шт,матеріал,С215-m,Труба/короб/гофра,м,105,18,1890,True
21-2-4,Установлення розеток вологозахищених,100 шт,матеріал,С216-m,Кріплення,компл,100,25,2500,True
21-2-4,Установлення розеток вологозахищених,100 шт,труд_робітників,Т1,"Труд робітників, розряд 3.7",люд.-год,131.506,95.0,12493.07,True
21-2-5,Установлення розподільних / протяжних коробок,100 шт,матеріал,С214-m,Кабель / провід силовий,м,105,55,5775,True
21-2-5,Установлення розподільних / протяжних коробок,100 шт,матеріал,С215-m,Труба/короб/гофра,м,105,18,1890,True
21-2-5,Установлення розподільних / протяжних коробок,100 шт,матеріал,С216-m,Кріплення,компл,100,25,2500,True
21-2-5,Установлення розподільних / протяжних коробок,100 шт,труд_робітників,Т1,"Труд робітників, розряд 3.7",люд.-год,120.009,95.0,11400.85,True
21-2-6,Установлення клемних з'єднань і маркування кіл,100 шт,матеріал,С190-1,Прилад санітарний / опалювальний,шт,1.0,3500,3500.0,True
21-2-6,Установлення клемних з'єднань і маркування кіл,100 шт,матеріал,С191-1,Підводка / кріплення / арматура,компл,1.0,650,650.0,True
21-2-6,Установлення клемних з'єднань і маркування кіл,100 шт,матеріал,С192-1,Герметик / ущільнювачі,компл,1.0,80,80.0,True
21-2-6,Установлення клемних з'єднань і маркування кіл,100 шт,труд_робітників,Т1,"Труд робітників, розряд 4.0",люд.-год,4.037,95.0,383.51,True
21-3-1,Установлення світильників стельових накладних,100 шт,матеріал,С186-1,Каркас / комплектуючі стелі,м2,105,250,26250,True
21-3-1,Установлення світильників стельових накладних,100 шт,матеріал,С187-1,Плити / полотно стелі,м2,105,200,21000,True
21-3-1,Установлення світильників стельових накладних,100 шт,труд_робітників,Т1,"Труд робітників, розряд 3.7",люд.-год,130.944,95.0,12439.68,True
21-3-2,Установлення світильників вбудованих у підвісну стелю,100 шт,матеріал,С210-m,Виріб електроустановочний / щит / світильник,шт,100,350,35000,True
21-3-2,Установлення світильників вбудованих у підвісну стелю,100 шт,матеріал,С211-m,"Клемники, кріплення",компл,100,40,4000,True
21-3-2,Установлення світильників вбудованих у підвісну стелю,100 шт,труд_робітників,Т1,"Труд робітників, розряд 3.8",люд.-год,108.089,95.0,10268.45,True
21-3-3,Установлення світильників настінних бра,100 шт,матеріал,С210-m,Виріб електроустановочний / щит / світильник,шт,100,350,35000,True
21-3-3,Установлення світильників настінних бра,100 шт,матеріал,С211-m,"Клемники, кріплення",компл,100,40,4000,True
21-3-3,Установлення світильників настінних бра,100 шт,труд_робітників,Т1,"Труд робітників, розряд 3.8",люд.-год,99.448,95.0,9447.56,True
21-3-4,Установлення світильників зовнішнього освітлення на фасаді,100 шт,матеріал,С210-m,Виріб електроустановочний / щит / світильник,шт,100,350,35000,True
21-3-4,Установлення світильників зовнішнього освітлення на фасаді,100 шт,матеріал,С211-m,"Клемники, кріплення",компл,100,40,4000,True
21-3-4,Установлення світильників зовнішнього освітлення на фасаді,100 шт,труд_робітників,Т1,"Труд робітників, розряд 3.8",люд.-год,93.806,95.0,8911.57,True
21-3-5,Установлення світильників евакуаційного освітлення,100 шт,матеріал,С210-m,Виріб електроустановочний / щит / світильник,шт,100,350,35000,True
21-3-5,Установлення світильників евакуаційного освітлення,100 шт,матеріал,С211-m,"Клемники, кріплення",компл,100,40,4000,True
21-3-5,Установлення світильників евакуаційного освітлення,100 шт,труд_робітників,Т1,"Труд робітників, розряд 3.8",люд.-год,103.807,95.0,9861.67,True
21-3-6,Установлення прожекторів / консольних світильників території,шт,матеріал,С210-m,Виріб електроустановочний / щит / світильник,шт,1.0,350,350.0,True
21-3-6,Установлення прожекторів / консольних світильників території,шт,матеріал,С211-m,"Клемники, кріплення",компл,1.0,40,40.0,True
21-3-6,Установлення прожекторів / консольних світильників території,шт,труд_робітників,Т1,"Труд робітників, розряд 3.8",люд.-год,1.47,95.0,139.65,True
21-4-1,Установлення щитів розподільних до 24 модулів,шт,матеріал,С210-m,Виріб електроустановочний / щит / світильник,шт,1.0,350,350.0,True
21-4-1,Установлення щитів розподільних до 24 модулів,шт,матеріал,С211-m,"Клемники, кріплення",компл,1.0,40,40.0,True
21-4-1,Установлення щитів розподільних до 24 модулів,шт,труд_робітників,Т1,"Труд робітників, розряд 3.8",люд.-год,1.37,95.0,130.15,True
21-4-2,Установлення щитів розподільних 24–48 модулів,шт,матеріал,С210-m,Виріб електроустановочний / щит / світильник,шт,1.0,350,350.0,True
21-4-2,Установлення щитів розподільних 24–48 модулів,шт,матеріал,С211-m,"Клемники, кріплення",компл,1.0,40,40.0,True
21-4-2,Установлення щитів розподільних 24–48 модулів,шт,труд_робітників,Т1,"Труд робітників, розряд 3.8",люд.-год,1.424,95.0,135.28,True
21-4-3,Установлення щитів поверхових / квартирних,шт,матеріал,С210-m,Виріб електроустановочний / щит / світильник,шт,1.0,350,350.0,True
21-4-3,Установлення щитів поверхових / квартирних,шт,матеріал,С211-m,"Клемники, кріплення",компл,1.0,40,40.0,True
21-4-3,Установлення щитів поверхових / квартирних,шт,труд_робітників,Т1,"Труд робітників, розряд 3.8",люд.-год,1.4,95.0,133.0,True
21-4-4,Установлення лічильників електроенергії,шт,матеріал,С210-m,Виріб електроустановочний / щит / світильник,шт,1.0,350,350.0,True
21-4-4,Установлення лічильників електроенергії,шт,матеріал,С211-m,"Клемники, кріплення",компл,1.0,40,40.0,True
21-4-4,Установлення лічильників електроенергії,шт,труд_робітників,Т1,"Труд робітників, розряд 3.8",люд.-год,1.368,95.0,129.96,True
21-4-5,Улаштування контуру заземлення (вертикальні електроди),шт,матеріал,С190-1,Прилад санітарний / опалювальний,шт,1.0,3500,3500.0,True
21-4-5,Улаштування контуру заземлення (вертикальні електроди),шт,матеріал,С191-1,Підводка / кріплення / арматура,компл,1.0,650,650.0,True
21-4-5,Улаштування контуру заземлення (вертикальні електроди),шт,матеріал,С192-1,Герметик / ущільнювачі,компл,1.0,80,80.0,True
21-4-5,Улаштування контуру заземлення (вертикальні електроди),шт,труд_робітників,Т1,"Труд робітників, розряд 4.0",люд.-год,4.18,95.0,397.1,True
21-4-6,Прокладання головної заземлювальної шини і з'єднань,100 м,матеріал,С214-m,Кабель / провід силовий,м,105,55,5775,True
21-4-6,Прокладання головної заземлювальної шини і з'єднань,100 м,матеріал,С215-m,Труба/короб/гофра,м,105,18,1890,True
21-4-6,Прокладання головної заземлювальної шини і з'єднань,100 м,матеріал,С216-m,Кріплення,компл,100,25,2500,True
21-4-6,Прокладання головної заземлювальної шини і з'єднань,100 м,труд_робітників,Т1,"Труд робітників, розряд 3.7",люд.-год,121.086,95.0,11503.17,True
21-4-7,Вимірювання опору ізоляції кабельних ліній,лінія,матеріал,С190-1,Прилад санітарний / опалювальний,шт,1.0,3500,3500.0,True
21-4-7,Вимірювання опору ізоляції кабельних ліній,лінія,матеріал,С191-1,Підводка / кріплення / арматура,компл,1.0,650,650.0,True
21-4-7,Вимірювання опору ізоляції кабельних ліній,лінія,матеріал,С192-1,Герметик / ущільнювачі,компл,1.0,80,80.0,True
21-4-7,Вимірювання опору ізоляції кабельних ліній,лінія,труд_робітників,Т1,"Труд робітників, розряд 4.0",люд.-год,4.369,95.0,415.05,True
22-1-1,Укладання труб поліетиленових діаметром до 110 мм,100 м,матеріал,С193-1,Труби (сталь/ППР/ПВХ/ПЕ),м,105,120,12600,True
22-1-1,Укладання труб поліетиленових діаметром до 110 мм,100 м,матеріал,С194-1,Фітинги та арматура,компл,100,350,35000,True
22-1-1,Укладання труб поліетиленових діаметром до 110 мм,100 м,матеріал,С195-1,Кріплення / ізоляція,компл,100,90,9000,True
22-1-1,Укладання труб поліетиленових діаметром до 110 мм,100 м,труд_робітників,Т1,"Труд робітників, розряд 3.8",люд.-год,170.5,95.0,16197.5,True
22-1-2,Укладання труб поліетиленових діаметром до 160 мм,100 м,матеріал,С193-1,Труби (сталь/ППР/ПВХ/ПЕ),м,105,120,12600,True
22-1-2,Укладання труб поліетиленових діаметром до 160 мм,100 м,матеріал,С194-1,Фітинги та арматура,компл,100,350,35000,True
22-1-2,Укладання труб поліетиленових діаметром до 160 мм,100 м,матеріал,С195-1,Кріплення / ізоляція,компл,100,90,9000,True
22-1-2,Укладання труб поліетиленових діаметром до 160 мм,100 м,труд_робітників,Т1,"Труд робітників, розряд 3.8",люд.-год,194.527,95.0,18480.06,True
22-1-3,Укладання труб чавунних діаметром до 100 мм,100 м,матеріал,С193-1,Труби (сталь/ППР/ПВХ/ПЕ),м,105,120,12600,True
22-1-3,Укладання труб чавунних діаметром до 100 мм,100 м,матеріал,С194-1,Фітинги та арматура,компл,100,350,35000,True
22-1-3,Укладання труб чавунних діаметром до 100 мм,100 м,матеріал,С195-1,Кріплення / ізоляція,компл,100,90,9000,True
22-1-3,Укладання труб чавунних діаметром до 100 мм,100 м,труд_робітників,Т1,"Труд робітників, розряд 3.8",люд.-год,193.679,95.0,18399.51,True
22-1-4,Укладання труб сталевих діаметром до 100 мм,100 м,матеріал,С193-1,Труби (сталь/ППР/ПВХ/ПЕ),м,105,120,12600,True
22-1-4,Укладання труб сталевих діаметром до 100 мм,100 м,матеріал,С194-1,Фітинги та арматура,компл,100,350,35000,True
22-1-4,Укладання труб сталевих діаметром до 100 мм,100 м,матеріал,С195-1,Кріплення / ізоляція,компл,100,90,9000,True
22-1-4,Укладання труб сталевих діаметром до 100 мм,100 м,труд_робітників,Т1,"Труд робітників, розряд 3.8",люд.-год,195.528,95.0,18575.16,True
22-2-1,Улаштування колодязів водопровідних із збірних елементів,шт,матеріал,С190-1,Прилад санітарний / опалювальний,шт,1.0,3500,3500.0,True
22-2-1,Улаштування колодязів водопровідних із збірних елементів,шт,матеріал,С191-1,Підводка / кріплення / арматура,компл,1.0,650,650.0,True
22-2-1,Улаштування колодязів водопровідних із збірних елементів,шт,матеріал,С192-1,Герметик / ущільнювачі,компл,1.0,80,80.0,True
22-2-1,Улаштування колодязів водопровідних із збірних елементів,шт,труд_робітників,Т1,"Труд робітників, розряд 4.0",люд.-год,4.134,95.0,392.73,True
22-2-2,Установлення засувок,шт,матеріал,С193-1,Труби (сталь/ППР/ПВХ/ПЕ),м,1.05,120,126.0,True
22-2-2,Установлення засувок,шт,матеріал,С194-1,Фітинги та арматура,компл,1.0,350,350.0,True
22-2-2,Установлення засувок,шт,матеріал,С195-1,Кріплення / ізоляція,компл,1.0,90,90.0,True
22-2-2,Установлення засувок,шт,труд_робітників,Т1,"Труд робітників, розряд 3.8",люд.-год,2.499,95.0,237.41,True
22-2-3,Установлення пожежних гідрантів,шт,матеріал,С193-1,Труби (сталь/ППР/ПВХ/ПЕ),м,1.05,120,126.0,True
22-2-3,Установлення пожежних гідрантів,шт,матеріал,С194-1,Фітинги та арматура,компл,1.0,350,350.0,True
22-2-3,Установлення пожежних гідрантів,шт,матеріал,С195-1,Кріплення / ізоляція,компл,1.0,90,90.0,True
22-2-3,Установлення пожежних гідрантів,шт,труд_робітників,Т1,"Труд робітників, розряд 3.8",люд.-год,2.231,95.0,211.94,True
23-1-1,Укладання труб ПВХ/ПП діаметром 160 мм,100 м,матеріал,С193-1,Труби (сталь/ППР/ПВХ/ПЕ),м,105,120,12600,True
23-1-1,Укладання труб ПВХ/ПП діаметром 160 мм,100 м,матеріал,С194-1,Фітинги та арматура,компл,100,350,35000,True
23-1-1,Укладання труб ПВХ/ПП діаметром 160 мм,100 м,матеріал,С195-1,Кріплення / ізоляція,компл,100,90,9000,True
23-1-1,Укладання труб ПВХ/ПП діаметром 160 мм,100 м,труд_робітників,Т1,"Труд робітників, розряд 3.8",люд.-год,165.346,95.0,15707.87,True
23-1-2,Укладання труб ПВХ/ПП діаметром 200 мм,100 м,матеріал,С193-1,Труби (сталь/ППР/ПВХ/ПЕ),м,105,120,12600,True
23-1-2,Укладання труб ПВХ/ПП діаметром 200 мм,100 м,матеріал,С194-1,Фітинги та арматура,компл,100,350,35000,True
23-1-2,Укладання труб ПВХ/ПП діаметром 200 мм,100 м,матеріал,С195-1,Кріплення / ізоляція,компл,100,90,9000,True
23-1-2,Укладання труб ПВХ/ПП діаметром 200 мм,100 м,труд_робітників,Т1,"Труд робітників, розряд 3.8",люд.-год,161.117,95.0,15306.11,True
23-1-3,Укладання труб залізобетонних діаметром до 400 мм,100 м,матеріал,С193-1,Труби (сталь/ППР/ПВХ/ПЕ),м,105,120,12600,True
23-1-3,Укладання труб залізобетонних діаметром до 400 мм,100 м,матеріал,С194-1,Фітинги та арматура,компл,100,350,35000,True
23-1-3,Укладання труб залізобетонних діаметром до 400 мм,100 м,матеріал,С195-1,Кріплення / ізоляція,компл,100,90,9000,True
23-1-3,Укладання труб залізобетонних діаметром до 400 мм,100 м,труд_робітників,Т1,"Труд робітників, розряд 3.8",люд.-год,179.846,95.0,17085.37,True
23-2-1,Улаштування оглядових колодязів із збірних елементів,шт,матеріал,С190-1,Прилад санітарний / опалювальний,шт,1.0,3500,3500.0,True
23-2-1,Улаштування оглядових колодязів із збірних елементів,шт,матеріал,С191-1,Підводка / кріплення / арматура,компл,1.0,650,650.0,True
23-2-1,Улаштування оглядових колодязів із збірних елементів,шт,матеріал,С192-1,Герметик / ущільнювачі,компл,1.0,80,80.0,True
23-2-1,Улаштування оглядових колодязів із збірних елементів,шт,труд_робітників,Т1,"Труд робітників, розряд 4.0",люд.-год,4.077,95.0,387.31,True
23-2-2,Улаштування перепадних колодязів,шт,матеріал,С190-1,Прилад санітарний / опалювальний,шт,1.0,3500,3500.0,True
23-2-2,Улаштування перепадних колодязів,шт,матеріал,С191-1,Підводка / кріплення / арматура,компл,1.0,650,650.0,True
23-2-2,Улаштування перепадних колодязів,шт,матеріал,С192-1,Герметик / ущільнювачі,компл,1.0,80,80.0,True
23-2-2,Улаштування перепадних колодязів,шт,труд_робітників,Т1,"Труд робітників, розряд 4.0",люд.-год,3.64,95.0,345.8,True
23-2-3,Улаштування дощоприймачів,шт,матеріал,С190-1,Прилад санітарний / опалювальний,шт,1.0,3500,3500.0,True
23-2-3,Улаштування дощоприймачів,шт,матеріал,С191-1,Підводка / кріплення / арматура,компл,1.0,650,650.0,True
23-2-3,Улаштування дощоприймачів,шт,матеріал,С192-1,Герметик / ущільнювачі,компл,1.0,80,80.0,True
23-2-3,Улаштування дощоприймачів,шт,труд_робітників,Т1,"Труд робітників, розряд 4.0",люд.-год,4.207,95.0,399.66,True
24-1-1,Укладання трубопроводів теплових мереж у каналах,100 м,матеріал,С193-1,Труби (сталь/ППР/ПВХ/ПЕ),м,105,120,12600,False
24-1-1,Укладання трубопроводів теплових мереж у каналах,100 м,матеріал,С194-1,Фітинги та арматура,компл,100,350,35000,False
24-1-1,Укладання трубопроводів теплових мереж у каналах,100 м,матеріал,С195-1,Кріплення / ізоляція,компл,100,90,9000,False
24-1-1,Укладання трубопроводів теплових мереж у каналах,100 м,труд_робітників,Т1,"Труд робітників, розряд 3.8",люд.-год,162.564,95.0,15443.58,False
24-1-2,Укладання трубопроводів теплових мереж безканально,100 м,матеріал,С193-1,Труби (сталь/ППР/ПВХ/ПЕ),м,105,120,12600,False
24-1-2,Укладання трубопроводів теплових мереж безканально,100 м,матеріал,С194-1,Фітинги та арматура,компл,100,350,35000,False
24-1-2,Укладання трубопроводів теплових мереж безканально,100 м,матеріал,С195-1,Кріплення / ізоляція,компл,100,90,9000,False
24-1-2,Укладання трубопроводів теплових мереж безканально,100 м,труд_робітників,Т1,"Труд робітників, розряд 3.8",люд.-год,163.514,95.0,15533.83,False
24-1-3,Укладання попередньо ізольованих труб,100 м,матеріал,С193-1,Труби (сталь/ППР/ПВХ/ПЕ),м,105,120,12600,False
24-1-3,Укладання попередньо ізольованих труб,100 м,матеріал,С194-1,Фітинги та арматура,компл,100,350,35000,False
24-1-3,Укладання попередньо ізольованих труб,100 м,матеріал,С195-1,Кріплення / ізоляція,компл,100,90,9000,False
24-1-3,Укладання попередньо ізольованих труб,100 м,труд_робітників,Т1,"Труд робітників, розряд 3.8",люд.-год,163.818,95.0,15562.71,False
24-2-1,Укладання газопроводів сталевих підземних,100 м,матеріал,С193-1,Труби (сталь/ППР/ПВХ/ПЕ),м,105,120,12600,False
24-2-1,Укладання газопроводів сталевих підземних,100 м,матеріал,С194-1,Фітинги та арматура,компл,100,350,35000,False
24-2-1,Укладання газопроводів сталевих підземних,100 м,матеріал,С195-1,Кріплення / ізоляція,компл,100,90,9000,False
24-2-1,Укладання газопроводів сталевих підземних,100 м,труд_робітників,Т1,"Труд робітників, розряд 3.8",люд.-год,199.511,95.0,18953.54,False
24-2-2,Укладання газопроводів поліетиленових,100 м,матеріал,С193-1,Труби (сталь/ППР/ПВХ/ПЕ),м,105,120,12600,False
24-2-2,Укладання газопроводів поліетиленових,100 м,матеріал,С194-1,Фітинги та арматура,компл,100,350,35000,False
24-2-2,Укладання газопроводів поліетиленових,100 м,матеріал,С195-1,Кріплення / ізоляція,компл,100,90,9000,False
24-2-2,Укладання газопроводів поліетиленових,100 м,труд_робітників,Т1,"Труд робітників, розряд 3.8",люд.-год,173.617,95.0,16493.61,False
24-2-3,Улаштування переходів методом проколу,100 м,матеріал,С190-1,Прилад санітарний / опалювальний,шт,1.0,3500,3500.0,False
24-2-3,Улаштування переходів методом проколу,100 м,матеріал,С191-1,Підводка / кріплення / арматура,компл,1.0,650,650.0,False
24-2-3,Улаштування переходів методом проколу,100 м,матеріал,С192-1,Герметик / ущільнювачі,компл,1.0,80,80.0,False
24-2-3,Улаштування переходів методом проколу,100 м,труд_робітників,Т1,"Труд робітників, розряд 4.0",люд.-год,3.773,95.0,358.44,False
24-3-1,Улаштування теплових камер,шт / 100 м,матеріал,С190-1,Прилад санітарний / опалювальний,шт,1.0,3500,3500.0,False
24-3-1,Улаштування теплових камер,шт / 100 м,матеріал,С191-1,Підводка / кріплення / арматура,компл,1.0,650,650.0,False
24-3-1,Улаштування теплових камер,шт / 100 м,матеріал,С192-1,Герметик / ущільнювачі,компл,1.0,80,80.0,False
24-3-1,Улаштування теплових камер,шт / 100 м,труд_робітників,Т1,"Труд робітників, розряд 4.0",люд.-год,3.504,95.0,332.88,False
24-3-2,Установлення нерухомих опор,шт / 100 м,матеріал,С193-1,Труби (сталь/ППР/ПВХ/ПЕ),м,1.05,120,126.0,False
24-3-2,Установлення нерухомих опор,шт / 100 м,матеріал,С194-1,Фітинги та арматура,компл,1.0,350,350.0,False
24-3-2,Установлення нерухомих опор,шт / 100 м,матеріал,С195-1,Кріплення / ізоляція,компл,1.0,90,90.0,False
24-3-2,Установлення нерухомих опор,шт / 100 м,труд_робітників,Т1,"Труд робітників, розряд 3.8",люд.-год,2.195,95.0,208.52,False
24-3-3,Гідравлічне випробування теплових мереж,шт / 100 м,матеріал,С190-1,Прилад санітарний / опалювальний,шт,1.0,3500,3500.0,False
24-3-3,Гідравлічне випробування теплових мереж,шт / 100 м,матеріал,С191-1,Підводка / кріплення / арматура,компл,1.0,650,650.0,False
24-3-3,Гідравлічне випробування теплових мереж,шт / 100 м,матеріал,С192-1,Герметик / ущільнювачі,компл,1.0,80,80.0,False
24-3-3,Гідравлічне випробування теплових мереж,шт / 100 м,труд_робітників,Т1,"Труд робітників, розряд 4.0",люд.-год,3.887,95.0,369.26,False
24-3-4,Пневматичне випробування газопроводів,шт / 100 м,матеріал,С190-1,Прилад санітарний / опалювальний,шт,1.0,3500,3500.0,False
24-3-4,Пневматичне випробування газопроводів,шт / 100 м,матеріал,С191-1,Підводка / кріплення / арматура,компл,1.0,650,650.0,False
24-3-4,Пневматичне випробування газопроводів,шт / 100 м,матеріал,С192-1,Герметик / ущільнювачі,компл,1.0,80,80.0,False
24-3-4,Пневматичне випробування газопроводів,шт / 100 м,труд_робітників,Т1,"Труд робітників, розряд 4.0",люд.-год,3.855,95.0,366.23,False
25-1-1,Укладання магістральних трубопроводів діаметром до 500 мм,км,матеріал,С193-1,Труби (сталь/ППР/ПВХ/ПЕ),м,105,120,12600,False
25-1-1,Укладання магістральних трубопроводів діаметром до 500 мм,км,матеріал,С194-1,Фітинги та арматура,компл,100,350,35000,False
25-1-1,Укладання магістральних трубопроводів діаметром до 500 мм,км,матеріал,С195-1,Кріплення / ізоляція,компл,100,90,9000,False
25-1-1,Укладання магістральних трубопроводів діаметром до 500 мм,км,труд_робітників,Т1,"Труд робітників, розряд 3.8",люд.-год,194.353,95.0,18463.53,False
25-1-2,Укладання магістральних трубопроводів діаметром понад 500 мм,км,матеріал,С193-1,Труби (сталь/ППР/ПВХ/ПЕ),м,105,120,12600,False
25-1-2,Укладання магістральних трубопроводів діаметром понад 500 мм,км,матеріал,С194-1,Фітинги та арматура,компл,100,350,35000,False
25-1-2,Укладання магістральних трубопроводів діаметром понад 500 мм,км,матеріал,С195-1,Кріплення / ізоляція,компл,100,90,9000,False
25-1-2,Укладання магістральних трубопроводів діаметром понад 500 мм,км,труд_робітників,Т1,"Труд робітників, розряд 3.8",люд.-год,187.217,95.0,17785.62,False
25-1-3,Зварювання стиків магістральних трубопроводів,км,матеріал,С190-1,Прилад санітарний / опалювальний,шт,1.0,3500,3500.0,False
25-1-3,Зварювання стиків магістральних трубопроводів,км,матеріал,С191-1,Підводка / кріплення / арматура,компл,1.0,650,650.0,False
25-1-3,Зварювання стиків магістральних трубопроводів,км,матеріал,С192-1,Герметик / ущільнювачі,компл,1.0,80,80.0,False
25-1-3,Зварювання стиків магістральних трубопроводів,км,труд_робітників,Т1,"Труд робітників, розряд 4.0",люд.-год,4.103,95.0,389.78,False
25-2-1,Улаштування переходів під дорогами,шт / км,матеріал,С190-1,Прилад санітарний / опалювальний,шт,1.0,3500,3500.0,False
25-2-1,Улаштування переходів під дорогами,шт / км,матеріал,С191-1,Підводка / кріплення / арматура,компл,1.0,650,650.0,False
25-2-1,Улаштування переходів під дорогами,шт / км,матеріал,С192-1,Герметик / ущільнювачі,компл,1.0,80,80.0,False
25-2-1,Улаштування переходів під дорогами,шт / км,труд_робітників,Т1,"Труд робітників, розряд 4.0",люд.-год,3.574,95.0,339.53,False
25-2-2,Улаштування переходів через водні перешкоди,шт / км,матеріал,С190-1,Прилад санітарний / опалювальний,шт,1.0,3500,3500.0,False
25-2-2,Улаштування переходів через водні перешкоди,шт / км,матеріал,С191-1,Підводка / кріплення / арматура,компл,1.0,650,650.0,False
25-2-2,Улаштування переходів через водні перешкоди,шт / км,матеріал,С192-1,Герметик / ущільнювачі,компл,1.0,80,80.0,False
25-2-2,Улаштування переходів через водні перешкоди,шт / км,труд_робітників,Т1,"Труд робітників, розряд 4.0",люд.-год,3.603,95.0,342.29,False
25-2-3,Електрохімічний захист трубопроводів,шт / км,матеріал,С193-1,Труби (сталь/ППР/ПВХ/ПЕ),м,105,120,12600,False
25-2-3,Електрохімічний захист трубопроводів,шт / км,матеріал,С194-1,Фітинги та арматура,компл,100,350,35000,False
25-2-3,Електрохімічний захист трубопроводів,шт / км,матеріал,С195-1,Кріплення / ізоляція,компл,100,90,9000,False
25-2-3,Електрохімічний захист трубопроводів,шт / км,труд_робітників,Т1,"Труд робітників, розряд 3.8",люд.-год,180.866,95.0,17182.27,False
25-3-1,Гідравлічне випробування магістральних трубопроводів,км,матеріал,С190-1,Прилад санітарний / опалювальний,шт,1.0,3500,3500.0,False
25-3-1,Гідравлічне випробування магістральних трубопроводів,км,матеріал,С191-1,Підводка / кріплення / арматура,компл,1.0,650,650.0,False
25-3-1,Гідравлічне випробування магістральних трубопроводів,км,матеріал,С192-1,Герметик / ущільнювачі,компл,1.0,80,80.0,False
25-3-1,Гідравлічне випробування магістральних трубопроводів,км,труд_робітників,Т1,"Труд робітників, розряд 4.0",люд.-год,4.346,95.0,412.87,False
25-3-2,Очищення і калібрування трубопроводу,км,матеріал,С190-1,Прилад санітарний / опалювальний,шт,1.0,3500,3500.0,False
25-3-2,Очищення і калібрування трубопроводу,км,матеріал,С191-1,Підводка / кріплення / арматура,компл,1.0,650,650.0,False
25-3-2,Очищення і калібрування трубопроводу,км,матеріал,С192-1,Герметик / ущільнювачі,компл,1.0,80,80.0,False
25-3-2,Очищення і калібрування трубопроводу,км,труд_робітників,Т1,"Труд робітників, розряд 4.0",люд.-год,4.112,95.0,390.64,False
26-1-1,Утеплення стін плитним утеплювачем,100 м2,матеріал,С220-1,Утеплювач плитний,м2,105,220,23100,True
26-1-1,Утеплення стін плитним утеплювачем,100 м2,матеріал,С221-1,Клей / дюбелі / сітка / декоративний шар,компл,100,180,18000,True
26-1-1,Утеплення стін плитним утеплювачем,100 м2,труд_робітників,Т1,"Труд робітників, розряд 3.5",люд.-год,113.919,95.0,10822.31,True
26-1-2,Улаштування системи скріпленої теплоізоляції (ССТІ),100 м2,матеріал,С190-1,Прилад санітарний / опалювальний,шт,1.0,3500,3500.0,True
26-1-2,Улаштування системи скріпленої теплоізоляції (ССТІ),100 м2,матеріал,С191-1,Підводка / кріплення / арматура,компл,1.0,650,650.0,True
26-1-2,Улаштування системи скріпленої теплоізоляції (ССТІ),100 м2,матеріал,С192-1,Герметик / ущільнювачі,компл,1.0,80,80.0,True
26-1-2,Улаштування системи скріпленої теплоізоляції (ССТІ),100 м2,труд_робітників,Т1,"Труд робітників, розряд 4.0",люд.-год,4.028,95.0,382.66,True
26-1-3,Утеплення горищних перекриттів,100 м2,матеріал,С220-1,Утеплювач плитний,м2,105,220,23100,True
26-1-3,Утеплення горищних перекриттів,100 м2,матеріал,С221-1,Клей / дюбелі / сітка / декоративний шар,компл,100,180,18000,True
26-1-3,Утеплення горищних перекриттів,100 м2,труд_робітників,Т1,"Труд робітників, розряд 3.5",люд.-год,106.616,95.0,10128.52,True
26-1-4,Утеплення цоколів,100 м2,матеріал,С220-1,Утеплювач плитний,м2,105,220,23100,True
26-1-4,Утеплення цоколів,100 м2,матеріал,С221-1,Клей / дюбелі / сітка / декоративний шар,компл,100,180,18000,True
26-1-4,Утеплення цоколів,100 м2,труд_робітників,Т1,"Труд робітників, розряд 3.5",люд.-год,112.454,95.0,10683.13,True
26-2-1,Теплоізоляція трубопроводів діаметром до 50 мм,100 м,матеріал,С193-1,Труби (сталь/ППР/ПВХ/ПЕ),м,105,120,12600,True
26-2-1,Теплоізоляція трубопроводів діаметром до 50 мм,100 м,матеріал,С194-1,Фітинги та арматура,компл,100,350,35000,True
26-2-1,Теплоізоляція трубопроводів діаметром до 50 мм,100 м,матеріал,С195-1,Кріплення / ізоляція,компл,100,90,9000,True
26-2-1,Теплоізоляція трубопроводів діаметром до 50 мм,100 м,труд_робітників,Т1,"Труд робітників, розряд 3.8",люд.-год,198.201,95.0,18829.1,True
26-2-2,Теплоізоляція трубопроводів діаметром до 100 мм,100 м,матеріал,С193-1,Труби (сталь/ППР/ПВХ/ПЕ),м,105,120,12600,True
26-2-2,Теплоізоляція трубопроводів діаметром до 100 мм,100 м,матеріал,С194-1,Фітинги та арматура,компл,100,350,35000,True
26-2-2,Теплоізоляція трубопроводів діаметром до 100 мм,100 м,матеріал,С195-1,Кріплення / ізоляція,компл,100,90,9000,True
26-2-2,Теплоізоляція трубопроводів діаметром до 100 мм,100 м,труд_робітників,Т1,"Труд робітників, розряд 3.8",люд.-год,166.387,95.0,15806.76,True
26-2-3,Теплоізоляція обладнання,м2,матеріал,С220-1,Утеплювач плитний,м2,1.05,220,231.0,True
26-2-3,Теплоізоляція обладнання,м2,матеріал,С221-1,Клей / дюбелі / сітка / декоративний шар,компл,1.0,180,180.0,True
26-2-3,Теплоізоляція обладнання,м2,труд_робітників,Т1,"Труд робітників, розряд 3.5",люд.-год,1.375,95.0,130.62,True
27-1-1,Улаштування піщаної основи,100 м3,матеріал,С190-1,Прилад санітарний / опалювальний,шт,1.0,3500,3500.0,True
27-1-1,Улаштування піщаної основи,100 м3,матеріал,С191-1,Підводка / кріплення / арматура,компл,1.0,650,650.0,True
27-1-1,Улаштування піщаної основи,100 м3,матеріал,С192-1,Герметик / ущільнювачі,компл,1.0,80,80.0,True
27-1-1,Улаштування піщаної основи,100 м3,труд_робітників,Т1,"Труд робітників, розряд 4.0",люд.-год,4.367,95.0,414.87,True
27-1-2,Улаштування щебеневої основи,100 м3,матеріал,С190-1,Прилад санітарний / опалювальний,шт,1.0,3500,3500.0,True
27-1-2,Улаштування щебеневої основи,100 м3,матеріал,С191-1,Підводка / кріплення / арматура,компл,1.0,650,650.0,True
27-1-2,Улаштування щебеневої основи,100 м3,матеріал,С192-1,Герметик / ущільнювачі,компл,1.0,80,80.0,True
27-1-2,Улаштування щебеневої основи,100 м3,труд_робітників,Т1,"Труд робітників, розряд 4.0",люд.-год,3.589,95.0,340.95,True
27-1-3,Улаштування основи з відсіву,100 м3,матеріал,С190-1,Прилад санітарний / опалювальний,шт,1.0,3500,3500.0,True
27-1-3,Улаштування основи з відсіву,100 м3,матеріал,С191-1,Підводка / кріплення / арматура,компл,1.0,650,650.0,True
27-1-3,Улаштування основи з відсіву,100 м3,матеріал,С192-1,Герметик / ущільнювачі,компл,1.0,80,80.0,True
27-1-3,Улаштування основи з відсіву,100 м3,труд_робітників,Т1,"Труд робітників, розряд 4.0",люд.-год,3.784,95.0,359.48,True
27-2-1,Улаштування покриття з асфальтобетону,1000 м2,матеріал,С190-1,Прилад санітарний / опалювальний,шт,1.0,3500,3500.0,True
27-2-1,Улаштування покриття з асфальтобетону,1000 м2,матеріал,С191-1,Підводка / кріплення / арматура,компл,1.0,650,650.0,True
27-2-1,Улаштування покриття з асфальтобетону,1000 м2,матеріал,С192-1,Герметик / ущільнювачі,компл,1.0,80,80.0,True
27-2-1,Улаштування покриття з асфальтобетону,1000 м2,труд_робітників,Т1,"Труд робітників, розряд 4.0",люд.-год,4.125,95.0,391.88,True
27-2-2,Улаштування покриття з бетонної плитки,100 м2,матеріал,С167-1,Плитка керамічна / керамограніт,м2,105,420,44100,True
27-2-2,Улаштування покриття з бетонної плитки,100 м2,матеріал,С168-1,Клей плитковий,кг,500,14,7000,True
27-2-2,Улаштування покриття з бетонної плитки,100 м2,матеріал,С169-1,Затирка,кг,50,45,2250,True
27-2-2,Улаштування покриття з бетонної плитки,100 м2,труд_робітників,Т1,"Труд робітників, розряд 3.8",люд.-год,135.761,95.0,12897.3,True
27-2-3,Улаштування покриття з тротуарної плитки,100 м2,матеріал,С167-1,Плитка керамічна / керамограніт,м2,105,420,44100,True
27-2-3,Улаштування покриття з тротуарної плитки,100 м2,матеріал,С168-1,Клей плитковий,кг,500,14,7000,True
27-2-3,Улаштування покриття з тротуарної плитки,100 м2,матеріал,С169-1,Затирка,кг,50,45,2250,True
27-2-3,Улаштування покриття з тротуарної плитки,100 м2,труд_робітників,Т1,"Труд робітників, розряд 3.8",люд.-год,135.097,95.0,12834.22,True
27-3-1,Установлення бортових каменів,100 м,машина,С220-m,Коток / віброплита,маш.-год,0.4,500,200.0,True
27-3-1,Установлення бортових каменів,100 м,машина,С221-m,Автосамоскид,маш.-год,0.3,700,210.0,True
27-3-1,Установлення бортових каменів,100 м,матеріал,С233-1,Щебінь / відсів / асфальтобетон / плитка,м3,15,1800,27000,True
27-3-1,Установлення бортових каменів,100 м,труд_робітників,Т1,"Труд робітників, розряд 3.2",люд.-год,69.6,95.0,6612.0,True
27-3-1,Установлення бортових каменів,100 м,труд_машиністів,Т2,Труд машиністів,люд.-год,0.4,110.0,44.0,True
27-3-2,Улаштування водостоків лоткових,100 м,матеріал,С190-1,Прилад санітарний / опалювальний,шт,1.0,3500,3500.0,True
27-3-2,Улаштування водостоків лоткових,100 м,матеріал,С191-1,Підводка / кріплення / арматура,компл,1.0,650,650.0,True
27-3-2,Улаштування водостоків лоткових,100 м,матеріал,С192-1,Герметик / ущільнювачі,компл,1.0,80,80.0,True
27-3-2,Улаштування водостоків лоткових,100 м,труд_робітників,Т1,"Труд робітників, розряд 4.0",люд.-год,3.725,95.0,353.88,True
28-1-1,Улаштування насипів,1000 м3,матеріал,С190-1,Прилад санітарний / опалювальний,шт,1.0,3500,3500.0,False
28-1-1,Улаштування насипів,1000 м3,матеріал,С191-1,Підводка / кріплення / арматура,компл,1.0,650,650.0,False
28-1-1,Улаштування насипів,1000 м3,матеріал,С192-1,Герметик / ущільнювачі,компл,1.0,80,80.0,False
28-1-1,Улаштування насипів,1000 м3,труд_робітників,Т1,"Труд робітників, розряд 4.0",люд.-год,4.362,95.0,414.39,False
28-1-2,Розробка виїмок,1000 м3,машина,С201-2,Бульдозер / трамбівка,маш.-год,0.5,600,300.0,False
28-1-2,Розробка виїмок,1000 м3,матеріал,С300-1,Пальне дизельне (орієнтовно),л,4.25,55,233.75,False
28-1-2,Розробка виїмок,1000 м3,матеріал,С300-2,Мастильні матеріали,кг,0.2125,120,25.5,False
28-1-2,Розробка виїмок,1000 м3,труд_робітників,Т1,"Труд робітників, розряд 2.8",люд.-год,9.046,95.0,859.37,False
28-1-2,Розробка виїмок,1000 м3,труд_машиністів,Т2,Труд машиністів,люд.-год,0.5,110.0,55.0,False
28-1-3,Улаштування кюветів і дренажів,1000 м3,матеріал,С190-1,Прилад санітарний / опалювальний,шт,1.0,3500,3500.0,False
28-1-3,Улаштування кюветів і дренажів,1000 м3,матеріал,С191-1,Підводка / кріплення / арматура,компл,1.0,650,650.0,False
28-1-3,Улаштування кюветів і дренажів,1000 м3,матеріал,С192-1,Герметик / ущільнювачі,компл,1.0,80,80.0,False
28-1-3,Улаштування кюветів і дренажів,1000 м3,труд_робітників,Т1,"Труд робітників, розряд 4.0",люд.-год,3.883,95.0,368.88,False
28-2-1,Укладання рейко-шпальної решітки,км,матеріал,С202-m,Повітроводи оцинковані,м2,105,280,29400,False
28-2-1,Укладання рейко-шпальної решітки,км,матеріал,С203-m,"Фланці, ущільнення, кріплення",компл,100,120,12000,False
28-2-1,Укладання рейко-шпальної решітки,км,труд_робітників,Т1,"Труд робітників, розряд 3.9",люд.-год,230.253,95.0,21874.03,False
28-2-2,Укладання стрілочних переводів,км,матеріал,С301-1,Допоміжні матеріали,компл,1.0,150,150.0,False
28-2-2,Укладання стрілочних переводів,км,труд_робітників,Т1,"Труд робітників, розряд 3.2",люд.-год,3.018,95.0,286.71,False
28-2-3,Баластування колії,км,матеріал,С190-1,Прилад санітарний / опалювальний,шт,1.0,3500,3500.0,False
28-2-3,Баластування колії,км,матеріал,С191-1,Підводка / кріплення / арматура,компл,1.0,650,650.0,False
28-2-3,Баластування колії,км,матеріал,С192-1,Герметик / ущільнювачі,компл,1.0,80,80.0,False
28-2-3,Баластування колії,км,труд_робітників,Т1,"Труд робітників, розряд 4.0",люд.-год,4.375,95.0,415.62,False
28-3-1,Улаштування переїздів,шт / км,матеріал,С190-1,Прилад санітарний / опалювальний,шт,1.0,3500,3500.0,False
28-3-1,Улаштування переїздів,шт / км,матеріал,С191-1,Підводка / кріплення / арматура,компл,1.0,650,650.0,False
28-3-1,Улаштування переїздів,шт / км,матеріал,С192-1,Герметик / ущільнювачі,компл,1.0,80,80.0,False
28-3-1,Улаштування переїздів,шт / км,труд_робітників,Т1,"Труд робітників, розряд 4.0",люд.-год,4.389,95.0,416.96,False
28-3-2,Установлення сигнальних знаків,шт / км,матеріал,С301-1,Допоміжні матеріали,компл,1.0,150,150.0,False
28-3-2,Установлення сигнальних знаків,шт / км,труд_робітників,Т1,"Труд робітників, розряд 3.2",люд.-год,2.731,95.0,259.44,False
28-3-3,Улаштування кабелів СЦБ,шт / км,матеріал,С190-1,Прилад санітарний / опалювальний,шт,1.0,3500,3500.0,False
28-3-3,Улаштування кабелів СЦБ,шт / км,матеріал,С191-1,Підводка / кріплення / арматура,компл,1.0,650,650.0,False
28-3-3,Улаштування кабелів СЦБ,шт / км,матеріал,С192-1,Герметик / ущільнювачі,компл,1.0,80,80.0,False
28-3-3,Улаштування кабелів СЦБ,шт / км,труд_робітників,Т1,"Труд робітників, розряд 4.0",люд.-год,4.331,95.0,411.45,False
29-1-1,Проходка тунелів гірничим способом,м,матеріал,С301-1,Допоміжні матеріали,компл,1.0,150,150.0,False
29-1-1,Проходка тунелів гірничим способом,м,труд_робітників,Т1,"Труд робітників, розряд 3.2",люд.-год,3.268,95.0,310.46,False
29-1-2,Проходка тунелів щитовим способом,м,матеріал,С210-m,Виріб електроустановочний / щит / світильник,шт,1.0,350,350.0,False
29-1-2,Проходка тунелів щитовим способом,м,матеріал,С211-m,"Клемники, кріплення",компл,1.0,40,40.0,False
29-1-2,Проходка тунелів щитовим способом,м,труд_робітників,Т1,"Труд робітників, розряд 3.8",люд.-год,1.279,95.0,121.5,False
29-1-3,Кріплення виробок тимчасове,м,матеріал,С301-1,Допоміжні матеріали,компл,1.0,150,150.0,False
29-1-3,Кріплення виробок тимчасове,м,труд_робітників,Т1,"Труд робітників, розряд 3.2",люд.-год,2.642,95.0,250.99,False
29-2-1,Улаштування обделки монолітної,м / м3,матеріал,С190-1,Прилад санітарний / опалювальний,шт,1.0,3500,3500.0,False
29-2-1,Улаштування обделки монолітної,м / м3,матеріал,С191-1,Підводка / кріплення / арматура,компл,1.0,650,650.0,False
29-2-1,Улаштування обделки монолітної,м / м3,матеріал,С192-1,Герметик / ущільнювачі,компл,1.0,80,80.0,False
29-2-1,Улаштування обделки монолітної,м / м3,труд_робітників,Т1,"Труд робітників, розряд 4.0",люд.-год,4.301,95.0,408.6,False
29-2-2,Монтаж збірної обделки,м / м3,машина,С230-m,Кран / такелаж,маш.-год,1.5,1600,2400.0,False
29-2-2,Монтаж збірної обделки,м / м3,машина,С213-1,Зварювальне / електромонтажне обладнання,маш.-год,2.0,80,160.0,False
29-2-2,Монтаж збірної обделки,м / м3,матеріал,С240-1,"Матеріали монтажні (анкери, прокладки, метизи)",компл,1.0,1200,1200.0,False
29-2-2,Монтаж збірної обделки,м / м3,матеріал,С241-1,Електроди / кабель обв'язки,компл,1.0,800,800.0,False
29-2-2,Монтаж збірної обделки,м / м3,труд_робітників,Т1,"Труд робітників, розряд 4.3",люд.-год,13.984,95.0,1328.48,False
29-2-2,Монтаж збірної обделки,м / м3,труд_машиністів,Т2,Труд машиністів,люд.-год,1.5,110.0,165.0,False
29-2-3,Гідроізоляція тунелів,м / м3,матеріал,С222-1,Мастика / рулонна гідроізоляція,м2,1.15,160,184.0,False
29-2-3,Гідроізоляція тунелів,м / м3,матеріал,С223-1,Праймер,л,0.3,70,21.0,False
29-2-3,Гідроізоляція тунелів,м / м3,труд_робітників,Т1,"Труд робітників, розряд 3.5",люд.-год,1.318,95.0,125.21,False
29-3-1,Монтаж колійного розвитку,компл,машина,С230-m,Кран / такелаж,маш.-год,1.5,1600,2400.0,False
29-3-1,Монтаж колійного розвитку,компл,машина,С213-1,Зварювальне / електромонтажне обладнання,маш.-год,2.0,80,160.0,False
29-3-1,Монтаж колійного розвитку,компл,матеріал,С240-1,"Матеріали монтажні (анкери, прокладки, метизи)",компл,1.0,1200,1200.0,False
29-3-1,Монтаж колійного розвитку,компл,матеріал,С241-1,Електроди / кабель обв'язки,компл,1.0,800,800.0,False
29-3-1,Монтаж колійного розвитку,компл,труд_робітників,Т1,"Труд робітників, розряд 4.3",люд.-год,11.436,95.0,1086.42,False
29-3-1,Монтаж колійного розвитку,компл,труд_машиністів,Т2,Труд машиністів,люд.-год,1.5,110.0,165.0,False
29-3-2,Улаштування платформ,компл,матеріал,С190-1,Прилад санітарний / опалювальний,шт,1.0,3500,3500.0,False
29-3-2,Улаштування платформ,компл,матеріал,С191-1,Підводка / кріплення / арматура,компл,1.0,650,650.0,False
29-3-2,Улаштування платформ,компл,матеріал,С192-1,Герметик / ущільнювачі,компл,1.0,80,80.0,False
29-3-2,Улаштування платформ,компл,труд_робітників,Т1,"Труд робітників, розряд 4.0",люд.-год,3.777,95.0,358.81,False
29-3-3,Монтаж інженерних систем станцій,компл,машина,С230-m,Кран / такелаж,маш.-год,1.5,1600,2400.0,False
29-3-3,Монтаж інженерних систем станцій,компл,машина,С213-1,Зварювальне / електромонтажне обладнання,маш.-год,2.0,80,160.0,False
29-3-3,Монтаж інженерних систем станцій,компл,матеріал,С240-1,"Матеріали монтажні (анкери, прокладки, метизи)",компл,1.0,1200,1200.0,False
29-3-3,Монтаж інженерних систем станцій,компл,матеріал,С241-1,Електроди / кабель обв'язки,компл,1.0,800,800.0,False
29-3-3,Монтаж інженерних систем станцій,компл,труд_робітників,Т1,"Труд робітників, розряд 4.3",люд.-год,11.293,95.0,1072.84,False
29-3-3,Монтаж інженерних систем станцій,компл,труд_машиністів,Т2,Труд машиністів,люд.-год,1.5,110.0,165.0,False
30-1-1,Улаштування фундаментів опор,м3,матеріал,С190-1,Прилад санітарний / опалювальний,шт,1.0,3500,3500.0,False
30-1-1,Улаштування фундаментів опор,м3,матеріал,С191-1,Підводка / кріплення / арматура,компл,1.0,650,650.0,False
30-1-1,Улаштування фундаментів опор,м3,матеріал,С192-1,Герметик / ущільнювачі,компл,1.0,80,80.0,False
30-1-1,Улаштування фундаментів опор,м3,труд_робітників,Т1,"Труд робітників, розряд 4.0",люд.-год,3.797,95.0,360.72,False
30-1-2,Бетонні роботи опор мостів,м3,матеріал,С301-1,Допоміжні матеріали,компл,1.0,150,150.0,False
30-1-2,Бетонні роботи опор мостів,м3,труд_робітників,Т1,"Труд робітників, розряд 3.2",люд.-год,2.794,95.0,265.43,False
30-1-3,Облицювання опор,м3,матеріал,С180-1,Плитка облицювальна,м2,1.05,380,399.0,False
30-1-3,Облицювання опор,м3,матеріал,С168-1,Клей плитковий,кг,5.5,14,77.0,False
30-1-3,Облицювання опор,м3,матеріал,С169-1,Затирка,кг,0.6,45,27.0,False
30-1-3,Облицювання опор,м3,труд_робітників,Т1,"Труд робітників, розряд 3.9",люд.-год,2.13,95.0,202.35,False
30-2-1,Монтаж металевих прогонових будов,т / м3,машина,С230-m,Кран / такелаж,маш.-год,1.5,1600,2400.0,False
30-2-1,Монтаж металевих прогонових будов,т / м3,машина,С213-1,Зварювальне / електромонтажне обладнання,маш.-год,2.0,80,160.0,False
30-2-1,Монтаж металевих прогонових будов,т / м3,матеріал,С240-1,"Матеріали монтажні (анкери, прокладки, метизи)",компл,1.0,1200,1200.0,False
30-2-1,Монтаж металевих прогонових будов,т / м3,матеріал,С241-1,Електроди / кабель обв'язки,компл,1.0,800,800.0,False
30-2-1,Монтаж металевих прогонових будов,т / м3,труд_робітників,Т1,"Труд робітників, розряд 4.3",люд.-год,12.981,95.0,1233.19,False
30-2-1,Монтаж металевих прогонових будов,т / м3,труд_машиністів,Т2,Труд машиністів,люд.-год,1.5,110.0,165.0,False
30-2-2,Монтаж залізобетонних прогонових будов,т / м3,машина,С230-m,Кран / такелаж,маш.-год,1.5,1600,2400.0,False
30-2-2,Монтаж залізобетонних прогонових будов,т / м3,машина,С213-1,Зварювальне / електромонтажне обладнання,маш.-год,2.0,80,160.0,False
30-2-2,Монтаж залізобетонних прогонових будов,т / м3,матеріал,С240-1,"Матеріали монтажні (анкери, прокладки, метизи)",компл,1.0,1200,1200.0,False
30-2-2,Монтаж залізобетонних прогонових будов,т / м3,матеріал,С241-1,Електроди / кабель обв'язки,компл,1.0,800,800.0,False
30-2-2,Монтаж залізобетонних прогонових будов,т / м3,труд_робітників,Т1,"Труд робітників, розряд 4.3",люд.-год,14.718,95.0,1398.21,False
30-2-2,Монтаж залізобетонних прогонових будов,т / м3,труд_машиністів,Т2,Труд машиністів,люд.-год,1.5,110.0,165.0,False
30-2-3,Улаштування монолітних прогонових будов,т / м3,матеріал,С190-1,Прилад санітарний / опалювальний,шт,1.0,3500,3500.0,False
30-2-3,Улаштування монолітних прогонових будов,т / м3,матеріал,С191-1,Підводка / кріплення / арматура,компл,1.0,650,650.0,False
30-2-3,Улаштування монолітних прогонових будов,т / м3,матеріал,С192-1,Герметик / ущільнювачі,компл,1.0,80,80.0,False
30-2-3,Улаштування монолітних прогонових будов,т / м3,труд_робітників,Т1,"Труд робітників, розряд 4.0",люд.-год,4.252,95.0,403.94,False
30-3-1,Улаштування мостового полотна,м2 / м,матеріал,С190-1,Прилад санітарний / опалювальний,шт,1.0,3500,3500.0,False
30-3-1,Улаштування мостового полотна,м2 / м,матеріал,С191-1,Підводка / кріплення / арматура,компл,1.0,650,650.0,False
30-3-1,Улаштування мостового полотна,м2 / м,матеріал,С192-1,Герметик / ущільнювачі,компл,1.0,80,80.0,False
30-3-1,Улаштування мостового полотна,м2 / м,труд_робітників,Т1,"Труд робітників, розряд 4.0",люд.-год,3.665,95.0,348.18,False
30-3-2,Улаштування тротуарів і огороджень мостів,м2 / м,матеріал,С190-1,Прилад санітарний / опалювальний,шт,1.0,3500,3500.0,False
30-3-2,Улаштування тротуарів і огороджень мостів,м2 / м,матеріал,С191-1,Підводка / кріплення / арматура,компл,1.0,650,650.0,False
30-3-2,Улаштування тротуарів і огороджень мостів,м2 / м,матеріал,С192-1,Герметик / ущільнювачі,компл,1.0,80,80.0,False
30-3-2,Улаштування тротуарів і огороджень мостів,м2 / м,труд_робітників,Т1,"Труд робітників, розряд 4.0",люд.-год,4.123,95.0,391.69,False
30-3-3,Улаштування водопропускних труб,м2 / м,матеріал,С190-1,Прилад санітарний / опалювальний,шт,1.0,3500,3500.0,False
30-3-3,Улаштування водопропускних труб,м2 / м,матеріал,С191-1,Підводка / кріплення / арматура,компл,1.0,650,650.0,False
30-3-3,Улаштування водопропускних труб,м2 / м,матеріал,С192-1,Герметик / ущільнювачі,компл,1.0,80,80.0,False
30-3-3,Улаштування водопропускних труб,м2 / м,труд_робітників,Т1,"Труд робітників, розряд 4.0",люд.-год,3.765,95.0,357.68,False
31-1-1,Планування льотного поля,1000 м3,машина,С201-2,Бульдозер / трамбівка,маш.-год,0.5,600,300.0,False
31-1-1,Планування льотного поля,1000 м3,матеріал,С300-1,Пальне дизельне (орієнтовно),л,4.25,55,233.75,False
31-1-1,Планування льотного поля,1000 м3,матеріал,С300-2,Мастильні матеріали,кг,0.2125,120,25.5,False
31-1-1,Планування льотного поля,1000 м3,труд_робітників,Т1,"Труд робітників, розряд 2.8",люд.-год,10.312,95.0,979.64,False
31-1-1,Планування льотного поля,1000 м3,труд_машиністів,Т2,Труд машиністів,люд.-год,0.5,110.0,55.0,False
31-1-2,Улаштування земляного полотна ЗПС,1000 м3,матеріал,С190-1,Прилад санітарний / опалювальний,шт,1.0,3500,3500.0,False
31-1-2,Улаштування земляного полотна ЗПС,1000 м3,матеріал,С191-1,Підводка / кріплення / арматура,компл,1.0,650,650.0,False
31-1-2,Улаштування земляного полотна ЗПС,1000 м3,матеріал,С192-1,Герметик / ущільнювачі,компл,1.0,80,80.0,False
31-1-2,Улаштування земляного полотна ЗПС,1000 м3,труд_робітників,Т1,"Труд робітників, розряд 4.0",люд.-год,3.657,95.0,347.42,False
31-1-3,Улаштування дренажу аеродрому,1000 м3,матеріал,С190-1,Прилад санітарний / опалювальний,шт,1.0,3500,3500.0,False
31-1-3,Улаштування дренажу аеродрому,1000 м3,матеріал,С191-1,Підводка / кріплення / арматура,компл,1.0,650,650.0,False
31-1-3,Улаштування дренажу аеродрому,1000 м3,матеріал,С192-1,Герметик / ущільнювачі,компл,1.0,80,80.0,False
31-1-3,Улаштування дренажу аеродрому,1000 м3,труд_робітників,Т1,"Труд робітників, розряд 4.0",люд.-год,4.387,95.0,416.76,False
31-2-1,Улаштування бетонного покриття ЗПС,1000 м2,матеріал,С190-1,Прилад санітарний / опалювальний,шт,1.0,3500,3500.0,False
31-2-1,Улаштування бетонного покриття ЗПС,1000 м2,матеріал,С191-1,Підводка / кріплення / арматура,компл,1.0,650,650.0,False
31-2-1,Улаштування бетонного покриття ЗПС,1000 м2,матеріал,С192-1,Герметик / ущільнювачі,компл,1.0,80,80.0,False
31-2-1,Улаштування бетонного покриття ЗПС,1000 м2,труд_робітників,Т1,"Труд робітників, розряд 4.0",люд.-год,3.534,95.0,335.73,False
31-2-2,Улаштування асфальтобетонного покриття руліжних доріжок,1000 м2,матеріал,С190-1,Прилад санітарний / опалювальний,шт,1.0,3500,3500.0,False
31-2-2,Улаштування асфальтобетонного покриття руліжних доріжок,1000 м2,матеріал,С191-1,Підводка / кріплення / арматура,компл,1.0,650,650.0,False
31-2-2,Улаштування асфальтобетонного покриття руліжних доріжок,1000 м2,матеріал,С192-1,Герметик / ущільнювачі,компл,1.0,80,80.0,False
31-2-2,Улаштування асфальтобетонного покриття руліжних доріжок,1000 м2,труд_робітників,Т1,"Труд робітників, розряд 4.0",люд.-год,4.042,95.0,383.99,False
31-2-3,Улаштування перонів,1000 м2,матеріал,С190-1,Прилад санітарний / опалювальний,шт,1.0,3500,3500.0,False
31-2-3,Улаштування перонів,1000 м2,матеріал,С191-1,Підводка / кріплення / арматура,компл,1.0,650,650.0,False
31-2-3,Улаштування перонів,1000 м2,матеріал,С192-1,Герметик / ущільнювачі,компл,1.0,80,80.0,False
31-2-3,Улаштування перонів,1000 м2,труд_робітників,Т1,"Труд робітників, розряд 4.0",люд.-год,4.338,95.0,412.11,False
31-3-1,Улаштування світлосигнального обладнання,компл,матеріал,С190-1,Прилад санітарний / опалювальний,шт,1.0,3500,3500.0,False
31-3-1,Улаштування світлосигнального обладнання,компл,матеріал,С191-1,Підводка / кріплення / арматура,компл,1.0,650,650.0,False
31-3-1,Улаштування світлосигнального обладнання,компл,матеріал,С192-1,Герметик / ущільнювачі,компл,1.0,80,80.0,False
31-3-1,Улаштування світлосигнального обладнання,компл,труд_робітників,Т1,"Труд робітників, розряд 4.0",люд.-год,4.179,95.0,397.01,False
31-3-2,Маркування покриттів,компл,матеріал,С190-1,Прилад санітарний / опалювальний,шт,1.0,3500,3500.0,False
31-3-2,Маркування покриттів,компл,матеріал,С191-1,Підводка / кріплення / арматура,компл,1.0,650,650.0,False
31-3-2,Маркування покриттів,компл,матеріал,С192-1,Герметик / ущільнювачі,компл,1.0,80,80.0,False
31-3-2,Маркування покриттів,компл,труд_робітників,Т1,"Труд робітників, розряд 4.0",люд.-год,3.617,95.0,343.62,False
32-1-1,Розробка корит під трамвайну колію,100 м,машина,С201-2,Бульдозер / трамбівка,маш.-год,0.5,600,300.0,False
32-1-1,Розробка корит під трамвайну колію,100 м,матеріал,С300-1,Пальне дизельне (орієнтовно),л,4.25,55,233.75,False
32-1-1,Розробка корит під трамвайну колію,100 м,матеріал,С300-2,Мастильні матеріали,кг,0.2125,120,25.5,False
32-1-1,Розробка корит під трамвайну колію,100 м,труд_робітників,Т1,"Труд робітників, розряд 2.8",люд.-год,10.399,95.0,987.9,False
32-1-1,Розробка корит під трамвайну колію,100 м,труд_машиністів,Т2,Труд машиністів,люд.-год,0.5,110.0,55.0,False
32-1-2,Улаштування баластної призми,100 м,матеріал,С190-1,Прилад санітарний / опалювальний,шт,1.0,3500,3500.0,False
32-1-2,Улаштування баластної призми,100 м,матеріал,С191-1,Підводка / кріплення / арматура,компл,1.0,650,650.0,False
32-1-2,Улаштування баластної призми,100 м,матеріал,С192-1,Герметик / ущільнювачі,компл,1.0,80,80.0,False
32-1-2,Улаштування баластної призми,100 м,труд_робітників,Т1,"Труд робітників, розряд 4.0",люд.-год,3.827,95.0,363.56,False
32-2-1,Укладання рейок на дерев'яних шпалах,100 м,матеріал,С156-1,Пиломатеріали хвойні,м3,1.1,12000,13200.0,False
32-2-1,Укладання рейок на дерев'яних шпалах,100 м,матеріал,С157-1,"Цвяхи, кріплення",кг,5.0,55,275.0,False
32-2-1,Укладання рейок на дерев'яних шпалах,100 м,матеріал,С158-1,Антисептик,л,1.5,80,120.0,False
32-2-1,Укладання рейок на дерев'яних шпалах,100 м,труд_робітників,Т1,"Труд робітників, розряд 3.6",люд.-год,8.785,95.0,834.58,False
32-2-2,Укладання рейок на залізобетонних шпалах,100 м,машина,С250-m,Копер / бурова установка / кран,маш.-год,2.0,2200,4400.0,False
32-2-2,Укладання рейок на залізобетонних шпалах,100 м,матеріал,С260-1,Палі / бетон / метал посилення,компл,1.0,15000,15000.0,False
32-2-2,Укладання рейок на залізобетонних шпалах,100 м,труд_робітників,Т1,"Труд робітників, розряд 3.8",люд.-год,9.614,95.0,913.33,False
32-2-2,Укладання рейок на залізобетонних шпалах,100 м,труд_машиністів,Т2,Труд машиністів,люд.-год,2.0,110.0,220.0,False
32-2-3,Укладання стрілочних переводів трамвайних,100 м,матеріал,С301-1,Допоміжні матеріали,компл,1.0,150,150.0,False
32-2-3,Укладання стрілочних переводів трамвайних,100 м,труд_робітників,Т1,"Труд робітників, розряд 3.2",люд.-год,3.165,95.0,300.68,False
32-3-1,Заповнення міжрейкової колії,100 м,матеріал,С301-1,Допоміжні матеріали,компл,1.0,150,150.0,False
32-3-1,Заповнення міжрейкової колії,100 м,труд_робітників,Т1,"Труд робітників, розряд 3.2",люд.-год,3.017,95.0,286.62,False
32-3-2,Улаштування покриття міжколії,100 м,матеріал,С190-1,Прилад санітарний / опалювальний,шт,1.0,3500,3500.0,False
32-3-2,Улаштування покриття міжколії,100 м,матеріал,С191-1,Підводка / кріплення / арматура,компл,1.0,650,650.0,False
32-3-2,Улаштування покриття міжколії,100 м,матеріал,С192-1,Герметик / ущільнювачі,компл,1.0,80,80.0,False
32-3-2,Улаштування покриття міжколії,100 м,труд_робітників,Т1,"Труд робітників, розряд 4.0",люд.-год,4.36,95.0,414.2,False
33-1-1,Установлення залізобетонних опор ЛЕП до 10 кВ,шт,матеріал,С214-m,Кабель / провід силовий,м,1.05,55,57.75,False
33-1-1,Установлення залізобетонних опор ЛЕП до 10 кВ,шт,матеріал,С215-m,Труба/короб/гофра,м,1.05,18,18.9,False
33-1-1,Установлення залізобетонних опор ЛЕП до 10 кВ,шт,матеріал,С216-m,Кріплення,компл,1.0,25,25.0,False
33-1-1,Установлення залізобетонних опор ЛЕП до 10 кВ,шт,труд_робітників,Т1,"Труд робітників, розряд 3.7",люд.-год,1.695,95.0,161.03,False
33-1-2,Установлення залізобетонних опор ЛЕП 35 кВ,шт,матеріал,С214-m,Кабель / провід силовий,м,1.05,55,57.75,False
33-1-2,Установлення залізобетонних опор ЛЕП 35 кВ,шт,матеріал,С215-m,Труба/короб/гофра,м,1.05,18,18.9,False
33-1-2,Установлення залізобетонних опор ЛЕП 35 кВ,шт,матеріал,С216-m,Кріплення,компл,1.0,25,25.0,False
33-1-2,Установлення залізобетонних опор ЛЕП 35 кВ,шт,труд_робітників,Т1,"Труд робітників, розряд 3.7",люд.-год,1.51,95.0,143.45,False
33-1-3,Установлення металевих опор ЛЕП,шт,матеріал,С214-m,Кабель / провід силовий,м,1.05,55,57.75,False
33-1-3,Установлення металевих опор ЛЕП,шт,матеріал,С215-m,Труба/короб/гофра,м,1.05,18,18.9,False
33-1-3,Установлення металевих опор ЛЕП,шт,матеріал,С216-m,Кріплення,компл,1.0,25,25.0,False
33-1-3,Установлення металевих опор ЛЕП,шт,труд_робітників,Т1,"Труд робітників, розряд 3.7",люд.-год,1.693,95.0,160.84,False
33-1-4,Улаштування фундаментів під опори,шт,матеріал,С190-1,Прилад санітарний / опалювальний,шт,1.0,3500,3500.0,False
33-1-4,Улаштування фундаментів під опори,шт,матеріал,С191-1,Підводка / кріплення / арматура,компл,1.0,650,650.0,False
33-1-4,Улаштування фундаментів під опори,шт,матеріал,С192-1,Герметик / ущільнювачі,компл,1.0,80,80.0,False
33-1-4,Улаштування фундаментів під опори,шт,труд_робітників,Т1,"Труд робітників, розряд 4.0",люд.-год,4.276,95.0,406.22,False
33-2-1,Підвішування проводів ЛЕП до 10 кВ,км,матеріал,С190-1,Прилад санітарний / опалювальний,шт,1.0,3500,3500.0,False
33-2-1,Підвішування проводів ЛЕП до 10 кВ,км,матеріал,С191-1,Підводка / кріплення / арматура,компл,1.0,650,650.0,False
33-2-1,Підвішування проводів ЛЕП до 10 кВ,км,матеріал,С192-1,Герметик / ущільнювачі,компл,1.0,80,80.0,False
33-2-1,Підвішування проводів ЛЕП до 10 кВ,км,труд_робітників,Т1,"Труд робітників, розряд 4.0",люд.-год,4.468,95.0,424.46,False
33-2-2,Підвішування проводів ЛЕП 35 кВ і вище,км,матеріал,С190-1,Прилад санітарний / опалювальний,шт,1.0,3500,3500.0,False
33-2-2,Підвішування проводів ЛЕП 35 кВ і вище,км,матеріал,С191-1,Підводка / кріплення / арматура,компл,1.0,650,650.0,False
33-2-2,Підвішування проводів ЛЕП 35 кВ і вище,км,матеріал,С192-1,Герметик / ущільнювачі,компл,1.0,80,80.0,False
33-2-2,Підвішування проводів ЛЕП 35 кВ і вище,км,труд_робітників,Т1,"Труд робітників, розряд 4.0",люд.-год,4.231,95.0,401.94,False
33-2-3,Підвішування грозозахисного троса,км,матеріал,С190-1,Прилад санітарний / опалювальний,шт,1.0,3500,3500.0,False
33-2-3,Підвішування грозозахисного троса,км,матеріал,С191-1,Підводка / кріплення / арматура,компл,1.0,650,650.0,False
33-2-3,Підвішування грозозахисного троса,км,матеріал,С192-1,Герметик / ущільнювачі,компл,1.0,80,80.0,False
33-2-3,Підвішування грозозахисного троса,км,труд_робітників,Т1,"Труд робітників, розряд 4.0",люд.-год,4.399,95.0,417.91,False
33-3-1,Установлення ізоляторів,шт / компл,матеріал,С214-m,Кабель / провід силовий,м,1.05,55,57.75,False
33-3-1,Установлення ізоляторів,шт / компл,матеріал,С215-m,Труба/короб/гофра,м,1.05,18,18.9,False
33-3-1,Установлення ізоляторів,шт / компл,матеріал,С216-m,Кріплення,компл,1.0,25,25.0,False
33-3-1,Установлення ізоляторів,шт / компл,труд_робітників,Т1,"Труд робітників, розряд 3.7",люд.-год,1.565,95.0,148.67,False
33-3-2,Установлення лінійної арматури,шт / компл,матеріал,С214-m,Кабель / провід силовий,м,1.05,55,57.75,False
33-3-2,Установлення лінійної арматури,шт / компл,матеріал,С215-m,Труба/короб/гофра,м,1.05,18,18.9,False
33-3-2,Установлення лінійної арматури,шт / компл,матеріал,С216-m,Кріплення,компл,1.0,25,25.0,False
33-3-2,Установлення лінійної арматури,шт / компл,труд_робітників,Т1,"Труд робітників, розряд 3.7",люд.-год,1.711,95.0,162.55,False
33-3-3,Улаштування заземлення опор,шт / компл,матеріал,С190-1,Прилад санітарний / опалювальний,шт,1.0,3500,3500.0,False
33-3-3,Улаштування заземлення опор,шт / компл,матеріал,С191-1,Підводка / кріплення / арматура,компл,1.0,650,650.0,False
33-3-3,Улаштування заземлення опор,шт / компл,матеріал,С192-1,Герметик / ущільнювачі,компл,1.0,80,80.0,False
33-3-3,Улаштування заземлення опор,шт / компл,труд_робітників,Т1,"Труд робітників, розряд 4.0",люд.-год,3.759,95.0,357.11,False
34-1-1,Прокладання кабелів зв'язку в ґрунті,км,матеріал,С214-m,Кабель / провід силовий,м,105,55,5775,False
34-1-1,Прокладання кабелів зв'язку в ґрунті,км,матеріал,С215-m,Труба/короб/гофра,м,105,18,1890,False
34-1-1,Прокладання кабелів зв'язку в ґрунті,км,матеріал,С216-m,Кріплення,компл,100,25,2500,False
34-1-1,Прокладання кабелів зв'язку в ґрунті,км,труд_робітників,Т1,"Труд робітників, розряд 3.7",люд.-год,130.683,95.0,12414.88,False
34-1-2,Прокладання кабелів зв'язку в каналізації,км,матеріал,С193-1,Труби (сталь/ППР/ПВХ/ПЕ),м,105,120,12600,False
34-1-2,Прокладання кабелів зв'язку в каналізації,км,матеріал,С194-1,Фітинги та арматура,компл,100,350,35000,False
34-1-2,Прокладання кабелів зв'язку в каналізації,км,матеріал,С195-1,Кріплення / ізоляція,компл,100,90,9000,False
34-1-2,Прокладання кабелів зв'язку в каналізації,км,труд_робітників,Т1,"Труд робітників, розряд 3.8",люд.-год,171.96,95.0,16336.2,False
34-1-3,Підвішування кабелів зв'язку на опорах,км,матеріал,С190-1,Прилад санітарний / опалювальний,шт,1.0,3500,3500.0,False
34-1-3,Підвішування кабелів зв'язку на опорах,км,матеріал,С191-1,Підводка / кріплення / арматура,компл,1.0,650,650.0,False
34-1-3,Підвішування кабелів зв'язку на опорах,км,матеріал,С192-1,Герметик / ущільнювачі,компл,1.0,80,80.0,False
34-1-3,Підвішування кабелів зв'язку на опорах,км,труд_робітників,Т1,"Труд робітників, розряд 4.0",люд.-год,4.26,95.0,404.7,False
34-2-1,Монтаж щогл і башт,шт,машина,С230-m,Кран / такелаж,маш.-год,1.5,1600,2400.0,False
34-2-1,Монтаж щогл і башт,шт,машина,С213-1,Зварювальне / електромонтажне обладнання,маш.-год,2.0,80,160.0,False
34-2-1,Монтаж щогл і башт,шт,матеріал,С240-1,"Матеріали монтажні (анкери, прокладки, метизи)",компл,1.0,1200,1200.0,False
34-2-1,Монтаж щогл і башт,шт,матеріал,С241-1,Електроди / кабель обв'язки,компл,1.0,800,800.0,False
34-2-1,Монтаж щогл і башт,шт,труд_робітників,Т1,"Труд робітників, розряд 4.3",люд.-год,12.999,95.0,1234.9,False
34-2-1,Монтаж щогл і башт,шт,труд_машиністів,Т2,Труд машиністів,люд.-год,1.5,110.0,165.0,False
34-2-2,Монтаж антенних пристроїв,шт,машина,С230-m,Кран / такелаж,маш.-год,1.5,1600,2400.0,False
34-2-2,Монтаж антенних пристроїв,шт,машина,С213-1,Зварювальне / електромонтажне обладнання,маш.-год,2.0,80,160.0,False
34-2-2,Монтаж антенних пристроїв,шт,матеріал,С240-1,"Матеріали монтажні (анкери, прокладки, метизи)",компл,1.0,1200,1200.0,False
34-2-2,Монтаж антенних пристроїв,шт,матеріал,С241-1,Електроди / кабель обв'язки,компл,1.0,800,800.0,False
34-2-2,Монтаж антенних пристроїв,шт,труд_робітників,Т1,"Труд робітників, розряд 4.3",люд.-год,12.632,95.0,1200.04,False
34-2-2,Монтаж антенних пристроїв,шт,труд_машиністів,Т2,Труд машиністів,люд.-год,1.5,110.0,165.0,False
34-2-3,Улаштування відтяжок і заземлення,шт,матеріал,С190-1,Прилад санітарний / опалювальний,шт,1.0,3500,3500.0,False
34-2-3,Улаштування відтяжок і заземлення,шт,матеріал,С191-1,Підводка / кріплення / арматура,компл,1.0,650,650.0,False
34-2-3,Улаштування відтяжок і заземлення,шт,матеріал,С192-1,Герметик / ущільнювачі,компл,1.0,80,80.0,False
34-2-3,Улаштування відтяжок і заземлення,шт,труд_робітників,Т1,"Труд робітників, розряд 4.0",люд.-год,4.25,95.0,403.75,False
34-3-1,Монтаж станційного обладнання зв'язку,компл,машина,С230-m,Кран / такелаж,маш.-год,1.5,1600,2400.0,False
34-3-1,Монтаж станційного обладнання зв'язку,компл,машина,С213-1,Зварювальне / електромонтажне обладнання,маш.-год,2.0,80,160.0,False
34-3-1,Монтаж станційного обладнання зв'язку,компл,матеріал,С240-1,"Матеріали монтажні (анкери, прокладки, метизи)",компл,1.0,1200,1200.0,False
34-3-1,Монтаж станційного обладнання зв'язку,компл,матеріал,С241-1,Електроди / кабель обв'язки,компл,1.0,800,800.0,False
34-3-1,Монтаж станційного обладнання зв'язку,компл,труд_робітників,Т1,"Труд робітників, розряд 4.3",люд.-год,12.408,95.0,1178.76,False
34-3-1,Монтаж станційного обладнання зв'язку,компл,труд_машиністів,Т2,Труд машиністів,люд.-год,1.5,110.0,165.0,False
34-3-2,Монтаж обладнання радіомовлення,компл,машина,С230-m,Кран / такелаж,маш.-год,1.5,1600,2400.0,False
34-3-2,Монтаж обладнання радіомовлення,компл,машина,С213-1,Зварювальне / електромонтажне обладнання,маш.-год,2.0,80,160.0,False
34-3-2,Монтаж обладнання радіомовлення,компл,матеріал,С240-1,"Матеріали монтажні (анкери, прокладки, метизи)",компл,1.0,1200,1200.0,False
34-3-2,Монтаж обладнання радіомовлення,компл,матеріал,С241-1,Електроди / кабель обв'язки,компл,1.0,800,800.0,False
34-3-2,Монтаж обладнання радіомовлення,компл,труд_робітників,Т1,"Труд робітників, розряд 4.3",люд.-год,11.108,95.0,1055.26,False
34-3-2,Монтаж обладнання радіомовлення,компл,труд_машиністів,Т2,Труд машиністів,люд.-год,1.5,110.0,165.0,False
34-3-3,Монтаж обладнання телебачення,компл,машина,С230-m,Кран / такелаж,маш.-год,1.5,1600,2400.0,False
34-3-3,Монтаж обладнання телебачення,компл,машина,С213-1,Зварювальне / електромонтажне обладнання,маш.-год,2.0,80,160.0,False
34-3-3,Монтаж обладнання телебачення,компл,матеріал,С240-1,"Матеріали монтажні (анкери, прокладки, метизи)",компл,1.0,1200,1200.0,False
34-3-3,Монтаж обладнання телебачення,компл,матеріал,С241-1,Електроди / кабель обв'язки,компл,1.0,800,800.0,False
34-3-3,Монтаж обладнання телебачення,компл,труд_робітників,Т1,"Труд робітників, розряд 4.3",люд.-год,10.134,95.0,962.73,False
34-3-3,Монтаж обладнання телебачення,компл,труд_машиністів,Т2,Труд машиністів,люд.-год,1.5,110.0,165.0,False
35-1-1,Проходка горизонтальних виробок,м3 / м,матеріал,С301-1,Допоміжні матеріали,компл,1.0,150,150.0,False
35-1-1,Проходка горизонтальних виробок,м3 / м,труд_робітників,Т1,"Труд робітників, розряд 3.2",люд.-год,2.976,95.0,282.72,False
35-1-2,Проходка похилих виробок,м3 / м,матеріал,С301-1,Допоміжні матеріали,компл,1.0,150,150.0,False
35-1-2,Проходка похилих виробок,м3 / м,труд_робітників,Т1,"Труд робітників, розряд 3.2",люд.-год,2.702,95.0,256.69,False
35-1-3,Проходка вертикальних стволів,м3 / м,матеріал,С301-1,Допоміжні матеріали,компл,1.0,150,150.0,False
35-1-3,Проходка вертикальних стволів,м3 / м,труд_робітників,Т1,"Труд робітників, розряд 3.2",люд.-год,3.406,95.0,323.57,False
35-2-1,Кріплення дерев'яне,м,матеріал,С156-1,Пиломатеріали хвойні,м3,1.1,12000,13200.0,False
35-2-1,Кріплення дерев'яне,м,матеріал,С157-1,"Цвяхи, кріплення",кг,5.0,55,275.0,False
35-2-1,Кріплення дерев'яне,м,матеріал,С158-1,Антисептик,л,1.5,80,120.0,False
35-2-1,Кріплення дерев'яне,м,труд_робітників,Т1,"Труд робітників, розряд 3.6",люд.-год,8.033,95.0,763.13,False
35-2-2,Кріплення металеве арочне,м,матеріал,С301-1,Допоміжні матеріали,компл,1.0,150,150.0,False
35-2-2,Кріплення металеве арочне,м,труд_робітників,Т1,"Труд робітників, розряд 3.2",люд.-год,3.465,95.0,329.18,False
35-2-3,Кріплення анкерне,м,матеріал,С301-1,Допоміжні матеріали,компл,1.0,150,150.0,False
35-2-3,Кріплення анкерне,м,труд_робітників,Т1,"Труд робітників, розряд 3.2",люд.-год,2.701,95.0,256.6,False
35-2-4,Торкрет-бетонне кріплення,м,матеріал,С301-1,Допоміжні матеріали,компл,1.0,150,150.0,False
35-2-4,Торкрет-бетонне кріплення,м,труд_робітників,Т1,"Труд робітників, розряд 3.2",люд.-год,3.11,95.0,295.45,False
35-3-1,Водовідлив,компл,матеріал,С301-1,Допоміжні матеріали,компл,1.0,150,150.0,False
35-3-1,Водовідлив,компл,труд_робітників,Т1,"Труд робітників, розряд 3.2",люд.-год,2.672,95.0,253.84,False
35-3-2,Вентиляція виробок,компл,матеріал,С202-m,Повітроводи оцинковані,м2,1.05,280,294.0,False
35-3-2,Вентиляція виробок,компл,матеріал,С203-m,"Фланці, ущільнення, кріплення",компл,1.0,120,120.0,False
35-3-2,Вентиляція виробок,компл,труд_робітників,Т1,"Труд робітників, розряд 3.9",люд.-год,3.177,95.0,301.81,False
35-3-3,Транспортування породи,компл,матеріал,С190-1,Прилад санітарний / опалювальний,шт,1.0,3500,3500.0,False
35-3-3,Транспортування породи,компл,матеріал,С191-1,Підводка / кріплення / арматура,компл,1.0,650,650.0,False
35-3-3,Транспортування породи,компл,матеріал,С192-1,Герметик / ущільнювачі,компл,1.0,80,80.0,False
35-3-3,Транспортування породи,компл,труд_робітників,Т1,"Труд робітників, розряд 4.0",люд.-год,3.545,95.0,336.77,False
36-1-1,Відсипання гребель із ґрунту,1000 м3,матеріал,С301-1,Допоміжні матеріали,компл,1.0,150,150.0,False
36-1-1,Відсипання гребель із ґрунту,1000 м3,труд_робітників,Т1,"Труд робітників, розряд 3.2",люд.-год,3.458,95.0,328.51,False
36-1-2,Улаштування дамб,1000 м3,матеріал,С190-1,Прилад санітарний / опалювальний,шт,1.0,3500,3500.0,False
36-1-2,Улаштування дамб,1000 м3,матеріал,С191-1,Підводка / кріплення / арматура,компл,1.0,650,650.0,False
36-1-2,Улаштування дамб,1000 м3,матеріал,С192-1,Герметик / ущільнювачі,компл,1.0,80,80.0,False
36-1-2,Улаштування дамб,1000 м3,труд_робітників,Т1,"Труд робітників, розряд 4.0",люд.-год,3.655,95.0,347.22,False
36-1-3,Улаштування каналів у земляному руслі,1000 м3,матеріал,С190-1,Прилад санітарний / опалювальний,шт,1.0,3500,3500.0,False
36-1-3,Улаштування каналів у земляному руслі,1000 м3,матеріал,С191-1,Підводка / кріплення / арматура,компл,1.0,650,650.0,False
36-1-3,Улаштування каналів у земляному руслі,1000 м3,матеріал,С192-1,Герметик / ущільнювачі,компл,1.0,80,80.0,False
36-1-3,Улаштування каналів у земляному руслі,1000 м3,труд_робітників,Т1,"Труд робітників, розряд 4.0",люд.-год,3.953,95.0,375.53,False
36-2-1,Пошарове ущільнення насипів,1000 м3 / 1000 м2,машина,С201-2,Бульдозер / трамбівка,маш.-год,0.5,600,300.0,False
36-2-1,Пошарове ущільнення насипів,1000 м3 / 1000 м2,матеріал,С300-1,Пальне дизельне (орієнтовно),л,4.25,55,233.75,False
36-2-1,Пошарове ущільнення насипів,1000 м3 / 1000 м2,матеріал,С300-2,Мастильні матеріали,кг,0.2125,120,25.5,False
36-2-1,Пошарове ущільнення насипів,1000 м3 / 1000 м2,труд_робітників,Т1,"Труд робітників, розряд 2.8",люд.-год,9.306,95.0,884.07,False
36-2-1,Пошарове ущільнення насипів,1000 м3 / 1000 м2,труд_машиністів,Т2,Труд машиністів,люд.-год,0.5,110.0,55.0,False
36-2-2,Улаштування глиняних екранів,1000 м3 / 1000 м2,матеріал,С190-1,Прилад санітарний / опалювальний,шт,1.0,3500,3500.0,False
36-2-2,Улаштування глиняних екранів,1000 м3 / 1000 м2,матеріал,С191-1,Підводка / кріплення / арматура,компл,1.0,650,650.0,False
36-2-2,Улаштування глиняних екранів,1000 м3 / 1000 м2,матеріал,С192-1,Герметик / ущільнювачі,компл,1.0,80,80.0,False
36-2-2,Улаштування глиняних екранів,1000 м3 / 1000 м2,труд_робітників,Т1,"Труд робітників, розряд 4.0",люд.-год,3.53,95.0,335.35,False
36-2-3,Улаштування протифільтраційних завіс,1000 м3 / 1000 м2,матеріал,С190-1,Прилад санітарний / опалювальний,шт,1.0,3500,3500.0,False
36-2-3,Улаштування протифільтраційних завіс,1000 м3 / 1000 м2,матеріал,С191-1,Підводка / кріплення / арматура,компл,1.0,650,650.0,False
36-2-3,Улаштування протифільтраційних завіс,1000 м3 / 1000 м2,матеріал,С192-1,Герметик / ущільнювачі,компл,1.0,80,80.0,False
36-2-3,Улаштування протифільтраційних завіс,1000 м3 / 1000 м2,труд_робітників,Т1,"Труд робітників, розряд 4.0",люд.-год,3.803,95.0,361.28,False
36-3-1,Кріплення укосів каменем,1000 м2,матеріал,С301-1,Допоміжні матеріали,компл,1.0,150,150.0,False
36-3-1,Кріплення укосів каменем,1000 м2,труд_робітників,Т1,"Труд робітників, розряд 3.2",люд.-год,3.206,95.0,304.57,False
36-3-2,Кріплення укосів залізобетонними плитами,1000 м2,матеріал,С301-1,Допоміжні матеріали,компл,1.0,150,150.0,False
36-3-2,Кріплення укосів залізобетонними плитами,1000 м2,труд_робітників,Т1,"Труд робітників, розряд 3.2",люд.-год,3.199,95.0,303.9,False
36-3-3,Одерновування укосів,1000 м2,матеріал,С190-1,Прилад санітарний / опалювальний,шт,1.0,3500,3500.0,False
36-3-3,Одерновування укосів,1000 м2,матеріал,С191-1,Підводка / кріплення / арматура,компл,1.0,650,650.0,False
36-3-3,Одерновування укосів,1000 м2,матеріал,С192-1,Герметик / ущільнювачі,компл,1.0,80,80.0,False
36-3-3,Одерновування укосів,1000 м2,труд_робітників,Т1,"Труд робітників, розряд 4.0",люд.-год,3.834,95.0,364.23,False
37-1-1,Улаштування бетонних масивів гребель,100 м3,матеріал,С190-1,Прилад санітарний / опалювальний,шт,1.0,3500,3500.0,False
37-1-1,Улаштування бетонних масивів гребель,100 м3,матеріал,С191-1,Підводка / кріплення / арматура,компл,1.0,650,650.0,False
37-1-1,Улаштування бетонних масивів гребель,100 м3,матеріал,С192-1,Герметик / ущільнювачі,компл,1.0,80,80.0,False
37-1-1,Улаштування бетонних масивів гребель,100 м3,труд_робітників,Т1,"Труд робітників, розряд 4.0",люд.-год,3.969,95.0,377.06,False
37-1-2,Улаштування залізобетонних стінок набережних,100 м3,матеріал,С190-1,Прилад санітарний / опалювальний,шт,1.0,3500,3500.0,False
37-1-2,Улаштування залізобетонних стінок набережних,100 м3,матеріал,С191-1,Підводка / кріплення / арматура,компл,1.0,650,650.0,False
37-1-2,Улаштування залізобетонних стінок набережних,100 м3,матеріал,С192-1,Герметик / ущільнювачі,компл,1.0,80,80.0,False
37-1-2,Улаштування залізобетонних стінок набережних,100 м3,труд_робітників,Т1,"Труд робітників, розряд 4.0",люд.-год,3.554,95.0,337.63,False
37-1-3,Улаштування водоскидних споруд,100 м3,матеріал,С190-1,Прилад санітарний / опалювальний,шт,1.0,3500,3500.0,False
37-1-3,Улаштування водоскидних споруд,100 м3,матеріал,С191-1,Підводка / кріплення / арматура,компл,1.0,650,650.0,False
37-1-3,Улаштування водоскидних споруд,100 м3,матеріал,С192-1,Герметик / ущільнювачі,компл,1.0,80,80.0,False
37-1-3,Улаштування водоскидних споруд,100 м3,труд_робітників,Т1,"Труд робітників, розряд 4.0",люд.-год,4.184,95.0,397.48,False
37-2-1,Армування масивних конструкцій,т / 100 м2,машина,С210-1,Кран / бетононасос,маш.-год,0.6,1500,900.0,False
37-2-1,Армування масивних конструкцій,т / 100 м2,машина,С211-1,Вібратор глибинний,маш.-год,0.8,120,96.0,False
37-2-1,Армування масивних конструкцій,т / 100 м2,матеріал,С120-1,Бетон товарний В15–В25,м3,1.02,3200,3264.0,False
37-2-1,Армування масивних конструкцій,т / 100 м2,матеріал,С121-1,Вода,м3,0.2,40,8.0,False
37-2-1,Армування масивних конструкцій,т / 100 м2,труд_робітників,Т1,"Труд робітників, розряд 3.5",люд.-год,7.627,95.0,724.56,False
37-2-1,Армування масивних конструкцій,т / 100 м2,труд_машиністів,Т2,Труд машиністів,люд.-год,0.6,110.0,66.0,False
37-2-2,Установлення опалубки гідротехнічної,т / 100 м2,матеріал,С101-1,Опалубка інвентарна (амортизація),м2,1.05,45,47.25,False
37-2-2,Установлення опалубки гідротехнічної,т / 100 м2,матеріал,С102-1,Цвяхи будівельні,кг,0.3,55,16.5,False
37-2-2,Установлення опалубки гідротехнічної,т / 100 м2,матеріал,С103-1,Мастило для опалубки,кг,0.2,40,8.0,False
37-2-2,Установлення опалубки гідротехнічної,т / 100 м2,труд_робітників,Т1,"Труд робітників, розряд 3.8",люд.-год,12.607,95.0,1197.66,False
37-3-1,Улаштування деформаційних швів,100 м,матеріал,С190-1,Прилад санітарний / опалювальний,шт,1.0,3500,3500.0,False
37-3-1,Улаштування деформаційних швів,100 м,матеріал,С191-1,Підводка / кріплення / арматура,компл,1.0,650,650.0,False
37-3-1,Улаштування деформаційних швів,100 м,матеріал,С192-1,Герметик / ущільнювачі,компл,1.0,80,80.0,False
37-3-1,Улаштування деформаційних швів,100 м,труд_робітників,Т1,"Труд робітників, розряд 4.0",люд.-год,3.902,95.0,370.69,False
37-3-2,Улаштування водоупорних шпонок,100 м,матеріал,С190-1,Прилад санітарний / опалювальний,шт,1.0,3500,3500.0,False
37-3-2,Улаштування водоупорних шпонок,100 м,матеріал,С191-1,Підводка / кріплення / арматура,компл,1.0,650,650.0,False
37-3-2,Улаштування водоупорних шпонок,100 м,матеріал,С192-1,Герметик / ущільнювачі,компл,1.0,80,80.0,False
37-3-2,Улаштування водоупорних шпонок,100 м,труд_робітників,Т1,"Труд робітників, розряд 4.0",люд.-год,4.343,95.0,412.58,False
38-1-1,Мурування підпірних стінок із каменю,м3,машина,С212-1,Підйомник / кран (подача матеріалів),маш.-год,0.15,900,135.0,False
38-1-1,Мурування підпірних стінок із каменю,м3,матеріал,С137-1,Цегла керамічна рядова 250×120×65,шт,410.0,12,4920.0,False
38-1-1,Мурування підпірних стінок із каменю,м3,матеріал,С135-1,Розчин мурувальний М50–М75,м3,0.24,2200,528.0,False
38-1-1,Мурування підпірних стінок із каменю,м3,матеріал,С138-1,Вода,м3,0.15,40,6.0,False
38-1-1,Мурування підпірних стінок із каменю,м3,труд_робітників,Т1,"Труд робітників, розряд 3.5",люд.-год,5.6,95.0,532.0,False
38-1-1,Мурування підпірних стінок із каменю,м3,труд_машиністів,Т2,Труд машиністів,люд.-год,0.15,110.0,16.5,False
38-1-2,Мурування оголовків водопропускних споруд,м3,машина,С212-1,Підйомник / кран (подача матеріалів),маш.-год,0.15,900,135.0,False
38-1-2,Мурування оголовків водопропускних споруд,м3,матеріал,С137-1,Цегла керамічна рядова 250×120×65,шт,400.11,12,4801.32,False
38-1-2,Мурування оголовків водопропускних споруд,м3,матеріал,С135-1,Розчин мурувальний М50–М75,м3,0.24,2200,528.0,False
38-1-2,Мурування оголовків водопропускних споруд,м3,матеріал,С138-1,Вода,м3,0.15,40,6.0,False
38-1-2,Мурування оголовків водопропускних споруд,м3,труд_робітників,Т1,"Труд робітників, розряд 3.5",люд.-год,4.809,95.0,456.86,False
38-1-2,Мурування оголовків водопропускних споруд,м3,труд_машиністів,Т2,Труд машиністів,люд.-год,0.15,110.0,16.5,False
38-1-3,Улаштування кам'яних відсипок,м3,матеріал,С190-1,Прилад санітарний / опалювальний,шт,1.0,3500,3500.0,False
38-1-3,Улаштування кам'яних відсипок,м3,матеріал,С191-1,Підводка / кріплення / арматура,компл,1.0,650,650.0,False
38-1-3,Улаштування кам'яних відсипок,м3,матеріал,С192-1,Герметик / ущільнювачі,компл,1.0,80,80.0,False
38-1-3,Улаштування кам'яних відсипок,м3,труд_робітників,Т1,"Труд робітників, розряд 4.0",люд.-год,4.404,95.0,418.38,False
38-2-1,Облицювання укосів каменем,100 м2,матеріал,С180-1,Плитка облицювальна,м2,105,380,39900,False
38-2-1,Облицювання укосів каменем,100 м2,матеріал,С168-1,Клей плитковий,кг,550,14,7700,False
38-2-1,Облицювання укосів каменем,100 м2,матеріал,С169-1,Затирка,кг,60,45,2700,False
38-2-1,Облицювання укосів каменем,100 м2,труд_робітників,Т1,"Труд робітників, розряд 3.9",люд.-год,166.983,95.0,15863.39,False
38-2-2,Облицювання стінок набережних,100 м2,матеріал,С180-1,Плитка облицювальна,м2,105,380,39900,False
38-2-2,Облицювання стінок набережних,100 м2,матеріал,С168-1,Клей плитковий,кг,550,14,7700,False
38-2-2,Облицювання стінок набережних,100 м2,матеріал,С169-1,Затирка,кг,60,45,2700,False
38-2-2,Облицювання стінок набережних,100 м2,труд_робітників,Т1,"Труд робітників, розряд 3.9",люд.-год,177.751,95.0,16886.35,False
39-1-1,Монтаж затворів плоских,т,машина,С230-m,Кран / такелаж,маш.-год,1.5,1600,2400.0,False
39-1-1,Монтаж затворів плоских,т,машина,С213-1,Зварювальне / електромонтажне обладнання,маш.-год,2.0,80,160.0,False
39-1-1,Монтаж затворів плоских,т,матеріал,С240-1,"Матеріали монтажні (анкери, прокладки, метизи)",компл,1.0,1200,1200.0,False
39-1-1,Монтаж затворів плоских,т,матеріал,С241-1,Електроди / кабель обв'язки,компл,1.0,800,800.0,False
39-1-1,Монтаж затворів плоских,т,труд_робітників,Т1,"Труд робітників, розряд 4.3",люд.-год,13.963,95.0,1326.48,False
39-1-1,Монтаж затворів плоских,т,труд_машиністів,Т2,Труд машиністів,люд.-год,1.5,110.0,165.0,False
39-1-2,Монтаж затворів сегментних,т,машина,С230-m,Кран / такелаж,маш.-год,1.5,1600,2400.0,False
39-1-2,Монтаж затворів сегментних,т,машина,С213-1,Зварювальне / електромонтажне обладнання,маш.-год,2.0,80,160.0,False
39-1-2,Монтаж затворів сегментних,т,матеріал,С240-1,"Матеріали монтажні (анкери, прокладки, метизи)",компл,1.0,1200,1200.0,False
39-1-2,Монтаж затворів сегментних,т,матеріал,С241-1,Електроди / кабель обв'язки,компл,1.0,800,800.0,False
39-1-2,Монтаж затворів сегментних,т,труд_робітників,Т1,"Труд робітників, розряд 4.3",люд.-год,13.155,95.0,1249.72,False
39-1-2,Монтаж затворів сегментних,т,труд_машиністів,Т2,Труд машиністів,люд.-год,1.5,110.0,165.0,False
39-1-3,Монтаж сміттєзатримувальних решіток,т,матеріал,С202-m,Повітроводи оцинковані,м2,1.05,280,294.0,False
39-1-3,Монтаж сміттєзатримувальних решіток,т,матеріал,С203-m,"Фланці, ущільнення, кріплення",компл,1.0,120,120.0,False
39-1-3,Монтаж сміттєзатримувальних решіток,т,труд_робітників,Т1,"Труд робітників, розряд 3.9",люд.-год,3.345,95.0,317.78,False
39-1-4,Монтаж закладних частин,т,машина,С230-m,Кран / такелаж,маш.-год,1.5,1600,2400.0,False
39-1-4,Монтаж закладних частин,т,машина,С213-1,Зварювальне / електромонтажне обладнання,маш.-год,2.0,80,160.0,False
39-1-4,Монтаж закладних частин,т,матеріал,С240-1,"Матеріали монтажні (анкери, прокладки, метизи)",компл,1.0,1200,1200.0,False
39-1-4,Монтаж закладних частин,т,матеріал,С241-1,Електроди / кабель обв'язки,компл,1.0,800,800.0,False
39-1-4,Монтаж закладних частин,т,труд_робітників,Т1,"Труд робітників, розряд 4.3",люд.-год,14.083,95.0,1337.88,False
39-1-4,Монтаж закладних частин,т,труд_машиністів,Т2,Труд машиністів,люд.-год,1.5,110.0,165.0,False
39-2-1,Монтаж підйомних механізмів затворів,шт / т,машина,С230-m,Кран / такелаж,маш.-год,1.5,1600,2400.0,False
39-2-1,Монтаж підйомних механізмів затворів,шт / т,машина,С213-1,Зварювальне / електромонтажне обладнання,маш.-год,2.0,80,160.0,False
39-2-1,Монтаж підйомних механізмів затворів,шт / т,матеріал,С240-1,"Матеріали монтажні (анкери, прокладки, метизи)",компл,1.0,1200,1200.0,False
39-2-1,Монтаж підйомних механізмів затворів,шт / т,матеріал,С241-1,Електроди / кабель обв'язки,компл,1.0,800,800.0,False
39-2-1,Монтаж підйомних механізмів затворів,шт / т,труд_робітників,Т1,"Труд робітників, розряд 4.3",люд.-год,13.298,95.0,1263.31,False
39-2-1,Монтаж підйомних механізмів затворів,шт / т,труд_машиністів,Т2,Труд машиністів,люд.-год,1.5,110.0,165.0,False
39-2-2,Монтаж металевих містків і огороджень,шт / т,машина,С210-2,Кран стріловий 16–25 т,маш.-год,1.0,1800,1800.0,False
39-2-2,Монтаж металевих містків і огороджень,шт / т,машина,С213-1,Апарат зварювальний,маш.-год,2.0,80,160.0,False
39-2-2,Монтаж металевих містків і огороджень,шт / т,матеріал,С140-1,Конструкції сталеві,т,1.03,45000,46350.0,False
39-2-2,Монтаж металевих містків і огороджень,шт / т,матеріал,С141-1,Електроди / зварювальні матеріали,кг,6.0,90,540.0,False
39-2-2,Монтаж металевих містків і огороджень,шт / т,матеріал,С142-1,Болти високоміцні / метизи,кг,8.0,70,560.0,False
39-2-2,Монтаж металевих містків і огороджень,шт / т,труд_робітників,Т1,"Труд робітників, розряд 4.2",люд.-год,15.651,95.0,1486.85,False
39-2-2,Монтаж металевих містків і огороджень,шт / т,труд_машиністів,Т2,Труд машиністів,люд.-год,1.0,110.0,110.0,False
40-1-1,Улаштування дерев'яних шпунтових стінок,м3,матеріал,С156-1,Пиломатеріали хвойні,м3,1.1,12000,13200.0,False
40-1-1,Улаштування дерев'яних шпунтових стінок,м3,матеріал,С157-1,"Цвяхи, кріплення",кг,5.0,55,275.0,False
40-1-1,Улаштування дерев'яних шпунтових стінок,м3,матеріал,С158-1,Антисептик,л,1.5,80,120.0,False
40-1-1,Улаштування дерев'яних шпунтових стінок,м3,труд_робітників,Т1,"Труд робітників, розряд 3.6",люд.-год,9.788,95.0,929.86,False
40-1-2,Улаштування дерев'яних ростверків,м3,матеріал,С156-1,Пиломатеріали хвойні,м3,1.1,12000,13200.0,False
40-1-2,Улаштування дерев'яних ростверків,м3,матеріал,С157-1,"Цвяхи, кріплення",кг,5.0,55,275.0,False
40-1-2,Улаштування дерев'яних ростверків,м3,матеріал,С158-1,Антисептик,л,1.5,80,120.0,False
40-1-2,Улаштування дерев'яних ростверків,м3,труд_робітників,Т1,"Труд робітників, розряд 3.6",люд.-год,9.726,95.0,923.97,False
40-1-3,Улаштування дерев'яних ряжів,м3,матеріал,С156-1,Пиломатеріали хвойні,м3,1.1,12000,13200.0,False
40-1-3,Улаштування дерев'яних ряжів,м3,матеріал,С157-1,"Цвяхи, кріплення",кг,5.0,55,275.0,False
40-1-3,Улаштування дерев'яних ряжів,м3,матеріал,С158-1,Антисептик,л,1.5,80,120.0,False
40-1-3,Улаштування дерев'яних ряжів,м3,труд_робітників,Т1,"Труд робітників, розряд 3.6",люд.-год,9.542,95.0,906.49,False
40-2-1,Улаштування настилів причалів,м2 / м3,матеріал,С190-1,Прилад санітарний / опалювальний,шт,1.0,3500,3500.0,False
40-2-1,Улаштування настилів причалів,м2 / м3,матеріал,С191-1,Підводка / кріплення / арматура,компл,1.0,650,650.0,False
40-2-1,Улаштування настилів причалів,м2 / м3,матеріал,С192-1,Герметик / ущільнювачі,компл,1.0,80,80.0,False
40-2-1,Улаштування настилів причалів,м2 / м3,труд_робітників,Т1,"Труд робітників, розряд 4.0",люд.-год,3.689,95.0,350.45,False
40-2-2,Улаштування відбійних брусів,м2 / м3,матеріал,С190-1,Прилад санітарний / опалювальний,шт,1.0,3500,3500.0,False
40-2-2,Улаштування відбійних брусів,м2 / м3,матеріал,С191-1,Підводка / кріплення / арматура,компл,1.0,650,650.0,False
40-2-2,Улаштування відбійних брусів,м2 / м3,матеріал,С192-1,Герметик / ущільнювачі,компл,1.0,80,80.0,False
40-2-2,Улаштування відбійних брусів,м2 / м3,труд_робітників,Т1,"Труд робітників, розряд 4.0",люд.-год,4.435,95.0,421.32,False
41-1-1,Обмазувальна гідроізоляція бетонних поверхонь,100 м2,матеріал,С222-1,Мастика / рулонна гідроізоляція,м2,115,160,18400,False
41-1-1,Обмазувальна гідроізоляція бетонних поверхонь,100 м2,матеріал,С223-1,Праймер,л,30,70,2100,False
41-1-1,Обмазувальна гідроізоляція бетонних поверхонь,100 м2,труд_робітників,Т1,"Труд робітників, розряд 3.5",люд.-год,113.68,95.0,10799.6,False
41-1-2,Обклеювальна гідроізоляція рулонними матеріалами,100 м2,матеріал,С222-1,Мастика / рулонна гідроізоляція,м2,115,160,18400,False
41-1-2,Обклеювальна гідроізоляція рулонними матеріалами,100 м2,матеріал,С223-1,Праймер,л,30,70,2100,False
41-1-2,Обклеювальна гідроізоляція рулонними матеріалами,100 м2,труд_робітників,Т1,"Труд робітників, розряд 3.5",люд.-год,110.862,95.0,10531.89,False
41-1-3,Напилювана гідроізоляція,100 м2,матеріал,С222-1,Мастика / рулонна гідроізоляція,м2,115,160,18400,False
41-1-3,Напилювана гідроізоляція,100 м2,матеріал,С223-1,Праймер,л,30,70,2100,False
41-1-3,Напилювана гідроізоляція,100 м2,труд_робітників,Т1,"Труд робітників, розряд 3.5",люд.-год,101.817,95.0,9672.61,False
41-2-1,Улаштування асфальтових екранів,100 м2 / 100 м,матеріал,С190-1,Прилад санітарний / опалювальний,шт,1.0,3500,3500.0,False
41-2-1,Улаштування асфальтових екранів,100 м2 / 100 м,матеріал,С191-1,Підводка / кріплення / арматура,компл,1.0,650,650.0,False
41-2-1,Улаштування асфальтових екранів,100 м2 / 100 м,матеріал,С192-1,Герметик / ущільнювачі,компл,1.0,80,80.0,False
41-2-1,Улаштування асфальтових екранів,100 м2 / 100 м,труд_робітників,Т1,"Труд робітників, розряд 4.0",люд.-год,4.25,95.0,403.75,False
41-2-2,Ін'єкційна гідроізоляція швів,100 м2 / 100 м,матеріал,С222-1,Мастика / рулонна гідроізоляція,м2,115,160,18400,False
41-2-2,Ін'єкційна гідроізоляція швів,100 м2 / 100 м,матеріал,С223-1,Праймер,л,30,70,2100,False
41-2-2,Ін'єкційна гідроізоляція швів,100 м2 / 100 м,труд_робітників,Т1,"Труд робітників, розряд 3.5",люд.-год,111.298,95.0,10573.31,False
41-2-3,Улаштування дренажних систем споруд,100 м2 / 100 м,матеріал,С190-1,Прилад санітарний / опалювальний,шт,1.0,3500,3500.0,False
41-2-3,Улаштування дренажних систем споруд,100 м2 / 100 м,матеріал,С191-1,Підводка / кріплення / арматура,компл,1.0,650,650.0,False
41-2-3,Улаштування дренажних систем споруд,100 м2 / 100 м,матеріал,С192-1,Герметик / ущільнювачі,компл,1.0,80,80.0,False
41-2-3,Улаштування дренажних систем споруд,100 м2 / 100 м,труд_робітників,Т1,"Труд робітників, розряд 4.0",люд.-год,4.182,95.0,397.29,False
42-1-1,Кріплення берегів кам'яним накидом,100 м2 / м3,матеріал,С301-1,Допоміжні матеріали,компл,1.0,150,150.0,False
42-1-1,Кріплення берегів кам'яним накидом,100 м2 / м3,труд_робітників,Т1,"Труд робітників, розряд 3.2",люд.-год,2.628,95.0,249.66,False
42-1-2,Кріплення берегів габіонами,100 м2 / м3,матеріал,С301-1,Допоміжні матеріали,компл,1.0,150,150.0,False
42-1-2,Кріплення берегів габіонами,100 м2 / м3,труд_робітників,Т1,"Труд робітників, розряд 3.2",люд.-год,2.68,95.0,254.6,False
42-1-3,Кріплення берегів залізобетонними плитами,100 м2 / м3,матеріал,С301-1,Допоміжні матеріали,компл,1.0,150,150.0,False
42-1-3,Кріплення берегів залізобетонними плитами,100 м2 / м3,труд_робітників,Т1,"Труд робітників, розряд 3.2",люд.-год,3.272,95.0,310.84,False
42-1-4,Улаштування підпірних стінок берегових,100 м2 / м3,матеріал,С190-1,Прилад санітарний / опалювальний,шт,1.0,3500,3500.0,False
42-1-4,Улаштування підпірних стінок берегових,100 м2 / м3,матеріал,С191-1,Підводка / кріплення / арматура,компл,1.0,650,650.0,False
42-1-4,Улаштування підпірних стінок берегових,100 м2 / м3,матеріал,С192-1,Герметик / ущільнювачі,компл,1.0,80,80.0,False
42-1-4,Улаштування підпірних стінок берегових,100 м2 / м3,труд_робітників,Т1,"Труд робітників, розряд 4.0",люд.-год,4.465,95.0,424.18,False
42-2-1,Улаштування хвилеломів,м3 / м,матеріал,С190-1,Прилад санітарний / опалювальний,шт,1.0,3500,3500.0,False
42-2-1,Улаштування хвилеломів,м3 / м,матеріал,С191-1,Підводка / кріплення / арматура,компл,1.0,650,650.0,False
42-2-1,Улаштування хвилеломів,м3 / м,матеріал,С192-1,Герметик / ущільнювачі,компл,1.0,80,80.0,False
42-2-1,Улаштування хвилеломів,м3 / м,труд_робітників,Т1,"Труд робітників, розряд 4.0",люд.-год,3.997,95.0,379.71,False
42-2-2,Улаштування бун,м3 / м,матеріал,С190-1,Прилад санітарний / опалювальний,шт,1.0,3500,3500.0,False
42-2-2,Улаштування бун,м3 / м,матеріал,С191-1,Підводка / кріплення / арматура,компл,1.0,650,650.0,False
42-2-2,Улаштування бун,м3 / м,матеріал,С192-1,Герметик / ущільнювачі,компл,1.0,80,80.0,False
42-2-2,Улаштування бун,м3 / м,труд_робітників,Т1,"Труд робітників, розряд 4.0",люд.-год,3.639,95.0,345.7,False
42-2-3,Улаштування пляжів штучних,м3 / м,матеріал,С190-1,Прилад санітарний / опалювальний,шт,1.0,3500,3500.0,False
42-2-3,Улаштування пляжів штучних,м3 / м,матеріал,С191-1,Підводка / кріплення / арматура,компл,1.0,650,650.0,False
42-2-3,Улаштування пляжів штучних,м3 / м,матеріал,С192-1,Герметик / ущільнювачі,компл,1.0,80,80.0,False
42-2-3,Улаштування пляжів штучних,м3 / м,труд_робітників,Т1,"Труд робітників, розряд 4.0",люд.-год,4.206,95.0,399.57,False
43-1-1,Улаштування рейкових шляхів стапелів,м / шт,матеріал,С190-1,Прилад санітарний / опалювальний,шт,1.0,3500,3500.0,False
43-1-1,Улаштування рейкових шляхів стапелів,м / шт,матеріал,С191-1,Підводка / кріплення / арматура,компл,1.0,650,650.0,False
43-1-1,Улаштування рейкових шляхів стапелів,м / шт,матеріал,С192-1,Герметик / ущільнювачі,компл,1.0,80,80.0,False
43-1-1,Улаштування рейкових шляхів стапелів,м / шт,труд_робітників,Т1,"Труд робітників, розряд 4.0",люд.-год,4.279,95.0,406.5,False
43-1-2,Улаштування рейкових шляхів сліпів,м / шт,матеріал,С190-1,Прилад санітарний / опалювальний,шт,1.0,3500,3500.0,False
43-1-2,Улаштування рейкових шляхів сліпів,м / шт,матеріал,С191-1,Підводка / кріплення / арматура,компл,1.0,650,650.0,False
43-1-2,Улаштування рейкових шляхів сліпів,м / шт,матеріал,С192-1,Герметик / ущільнювачі,компл,1.0,80,80.0,False
43-1-2,Улаштування рейкових шляхів сліпів,м / шт,труд_робітників,Т1,"Труд робітників, розряд 4.0",люд.-год,4.336,95.0,411.92,False
43-1-3,Установлення опорних візків,м / шт,матеріал,С301-1,Допоміжні матеріали,компл,1.0,150,150.0,False
43-1-3,Установлення опорних візків,м / шт,труд_робітників,Т1,"Труд робітників, розряд 3.2",люд.-год,3.244,95.0,308.18,False
43-2-1,Монтаж лебідок і тягових пристроїв,шт / т,машина,С230-m,Кран / такелаж,маш.-год,1.5,1600,2400.0,False
43-2-1,Монтаж лебідок і тягових пристроїв,шт / т,машина,С213-1,Зварювальне / електромонтажне обладнання,маш.-год,2.0,80,160.0,False
43-2-1,Монтаж лебідок і тягових пристроїв,шт / т,матеріал,С240-1,"Матеріали монтажні (анкери, прокладки, метизи)",компл,1.0,1200,1200.0,False
43-2-1,Монтаж лебідок і тягових пристроїв,шт / т,матеріал,С241-1,Електроди / кабель обв'язки,компл,1.0,800,800.0,False
43-2-1,Монтаж лебідок і тягових пристроїв,шт / т,труд_робітників,Т1,"Труд робітників, розряд 4.3",люд.-год,10.367,95.0,984.87,False
43-2-1,Монтаж лебідок і тягових пристроїв,шт / т,труд_машиністів,Т2,Труд машиністів,люд.-год,1.5,110.0,165.0,False
43-2-2,Монтаж металоконструкцій елінга,шт / т,машина,С230-m,Кран / такелаж,маш.-год,1.5,1600,2400.0,False
43-2-2,Монтаж металоконструкцій елінга,шт / т,машина,С213-1,Зварювальне / електромонтажне обладнання,маш.-год,2.0,80,160.0,False
43-2-2,Монтаж металоконструкцій елінга,шт / т,матеріал,С240-1,"Матеріали монтажні (анкери, прокладки, метизи)",компл,1.0,1200,1200.0,False
43-2-2,Монтаж металоконструкцій елінга,шт / т,матеріал,С241-1,Електроди / кабель обв'язки,компл,1.0,800,800.0,False
43-2-2,Монтаж металоконструкцій елінга,шт / т,труд_робітників,Т1,"Труд робітників, розряд 4.3",люд.-год,11.107,95.0,1055.16,False
43-2-2,Монтаж металоконструкцій елінга,шт / т,труд_машиністів,Т2,Труд машиністів,люд.-год,1.5,110.0,165.0,False
44-1-1,Підводна розробка ґрунту,м3 / м2,машина,С201-2,Бульдозер / трамбівка,маш.-год,0.5,600,300.0,False
44-1-1,Підводна розробка ґрунту,м3 / м2,матеріал,С300-1,Пальне дизельне (орієнтовно),л,4.25,55,233.75,False
44-1-1,Підводна розробка ґрунту,м3 / м2,матеріал,С300-2,Мастильні матеріали,кг,0.2125,120,25.5,False
44-1-1,Підводна розробка ґрунту,м3 / м2,труд_робітників,Т1,"Труд робітників, розряд 2.8",люд.-год,9.314,95.0,884.83,False
44-1-1,Підводна розробка ґрунту,м3 / м2,труд_машиністів,Т2,Труд машиністів,люд.-год,0.5,110.0,55.0,False
44-1-2,Підводне бетонування,м3 / м2,машина,С210-1,Кран / бетононасос,маш.-год,0.6,1500,900.0,False
44-1-2,Підводне бетонування,м3 / м2,машина,С211-1,Вібратор глибинний,маш.-год,0.8,120,96.0,False
44-1-2,Підводне бетонування,м3 / м2,матеріал,С120-1,Бетон товарний В15–В25,м3,1.02,3200,3264.0,False
44-1-2,Підводне бетонування,м3 / м2,матеріал,С121-1,Вода,м3,0.2,40,8.0,False
44-1-2,Підводне бетонування,м3 / м2,труд_робітників,Т1,"Труд робітників, розряд 3.5",люд.-год,7.848,95.0,745.56,False
44-1-2,Підводне бетонування,м3 / м2,труд_машиністів,Т2,Труд машиністів,люд.-год,0.6,110.0,66.0,False
44-1-3,Підводне укладання каменю,м3 / м2,матеріал,С301-1,Допоміжні матеріали,компл,1.0,150,150.0,False
44-1-3,Підводне укладання каменю,м3 / м2,труд_робітників,Т1,"Труд робітників, розряд 3.2",люд.-год,2.922,95.0,277.59,False
44-2-1,Водолазне обстеження споруд,год / шт,матеріал,С301-1,Допоміжні матеріали,компл,1.0,150,150.0,False
44-2-1,Водолазне обстеження споруд,год / шт,труд_робітників,Т1,"Труд робітників, розряд 3.2",люд.-год,2.922,95.0,277.59,False
44-2-2,Підводне зварювання і різання,год / шт,матеріал,С190-1,Прилад санітарний / опалювальний,шт,1.0,3500,3500.0,False
44-2-2,Підводне зварювання і різання,год / шт,матеріал,С191-1,Підводка / кріплення / арматура,компл,1.0,650,650.0,False
44-2-2,Підводне зварювання і різання,год / шт,матеріал,С192-1,Герметик / ущільнювачі,компл,1.0,80,80.0,False
44-2-2,Підводне зварювання і різання,год / шт,труд_робітників,Т1,"Труд робітників, розряд 4.0",люд.-год,4.307,95.0,409.17,False
44-2-3,Підводний монтаж конструкцій,год / шт,машина,С230-m,Кран / такелаж,маш.-год,1.5,1600,2400.0,False
44-2-3,Підводний монтаж конструкцій,год / шт,машина,С213-1,Зварювальне / електромонтажне обладнання,маш.-год,2.0,80,160.0,False
44-2-3,Підводний монтаж конструкцій,год / шт,матеріал,С240-1,"Матеріали монтажні (анкери, прокладки, метизи)",компл,1.0,1200,1200.0,False
44-2-3,Підводний монтаж конструкцій,год / шт,матеріал,С241-1,Електроди / кабель обв'язки,компл,1.0,800,800.0,False
44-2-3,Підводний монтаж конструкцій,год / шт,труд_робітників,Т1,"Труд робітників, розряд 4.3",люд.-год,13.646,95.0,1296.37,False
44-2-3,Підводний монтаж конструкцій,год / шт,труд_машиністів,Т2,Труд машиністів,люд.-год,1.5,110.0,165.0,False
45-1-1,Мурування промислових печей шамотною цеглою,м3 / т,машина,С212-1,Підйомник / кран (подача матеріалів),маш.-год,0.15,900,135.0,False
45-1-1,Мурування промислових печей шамотною цеглою,м3 / т,матеріал,С137-1,Цегла керамічна рядова 250×120×65,шт,409.6,12,4915.2,False
45-1-1,Мурування промислових печей шамотною цеглою,м3 / т,матеріал,С135-1,Розчин мурувальний М50–М75,м3,0.24,2200,528.0,False
45-1-1,Мурування промислових печей шамотною цеглою,м3 / т,матеріал,С138-1,Вода,м3,0.15,40,6.0,False
45-1-1,Мурування промислових печей шамотною цеглою,м3 / т,труд_робітників,Т1,"Труд робітників, розряд 3.5",люд.-год,5.568,95.0,528.96,False
45-1-1,Мурування промислових печей шамотною цеглою,м3 / т,труд_машиністів,Т2,Труд машиністів,люд.-год,0.15,110.0,16.5,False
45-1-2,Мурування склепінь печей,м3 / т,машина,С212-1,Підйомник / кран (подача матеріалів),маш.-год,0.15,900,135.0,False
45-1-2,Мурування склепінь печей,м3 / т,матеріал,С137-1,Цегла керамічна рядова 250×120×65,шт,408.33,12,4899.96,False
45-1-2,Мурування склепінь печей,м3 / т,матеріал,С135-1,Розчин мурувальний М50–М75,м3,0.24,2200,528.0,False
45-1-2,Мурування склепінь печей,м3 / т,матеріал,С138-1,Вода,м3,0.15,40,6.0,False
45-1-2,Мурування склепінь печей,м3 / т,труд_робітників,Т1,"Труд робітників, розряд 3.5",люд.-год,5.466,95.0,519.27,False
45-1-2,Мурування склепінь печей,м3 / т,труд_машиністів,Т2,Труд машиністів,люд.-год,0.15,110.0,16.5,False
45-1-3,Улаштування футеровок із вогнетривів,м3 / т,матеріал,С190-1,Прилад санітарний / опалювальний,шт,1.0,3500,3500.0,False
45-1-3,Улаштування футеровок із вогнетривів,м3 / т,матеріал,С191-1,Підводка / кріплення / арматура,компл,1.0,650,650.0,False
45-1-3,Улаштування футеровок із вогнетривів,м3 / т,матеріал,С192-1,Герметик / ущільнювачі,компл,1.0,80,80.0,False
45-1-3,Улаштування футеровок із вогнетривів,м3 / т,труд_робітників,Т1,"Труд робітників, розряд 4.0",люд.-год,4.159,95.0,395.1,False
45-2-1,Мурування цегляних димарів,м / м3,машина,С212-1,Підйомник / кран (подача матеріалів),маш.-год,0.15,900,135.0,False
45-2-1,Мурування цегляних димарів,м / м3,матеріал,С137-1,Цегла керамічна рядова 250×120×65,шт,405.18,12,4862.16,False
45-2-1,Мурування цегляних димарів,м / м3,матеріал,С135-1,Розчин мурувальний М50–М75,м3,0.24,2200,528.0,False
45-2-1,Мурування цегляних димарів,м / м3,матеріал,С138-1,Вода,м3,0.15,40,6.0,False
45-2-1,Мурування цегляних димарів,м / м3,труд_робітників,Т1,"Труд робітників, розряд 3.5",люд.-год,5.214,95.0,495.33,False
45-2-1,Мурування цегляних димарів,м / м3,труд_машиністів,Т2,Труд машиністів,люд.-год,0.15,110.0,16.5,False
45-2-2,Монтаж збірних залізобетонних димарів,м / м3,машина,С230-m,Кран / такелаж,маш.-год,1.5,1600,2400.0,False
45-2-2,Монтаж збірних залізобетонних димарів,м / м3,машина,С213-1,Зварювальне / електромонтажне обладнання,маш.-год,2.0,80,160.0,False
45-2-2,Монтаж збірних залізобетонних димарів,м / м3,матеріал,С240-1,"Матеріали монтажні (анкери, прокладки, метизи)",компл,1.0,1200,1200.0,False
45-2-2,Монтаж збірних залізобетонних димарів,м / м3,матеріал,С241-1,Електроди / кабель обв'язки,компл,1.0,800,800.0,False
45-2-2,Монтаж збірних залізобетонних димарів,м / м3,труд_робітників,Т1,"Труд робітників, розряд 4.3",люд.-год,14.828,95.0,1408.66,False
45-2-2,Монтаж збірних залізобетонних димарів,м / м3,труд_машиністів,Т2,Труд машиністів,люд.-год,1.5,110.0,165.0,False
45-2-3,Монтаж металевих димарів,м / м3,машина,С230-m,Кран / такелаж,маш.-год,1.5,1600,2400.0,False
45-2-3,Монтаж металевих димарів,м / м3,машина,С213-1,Зварювальне / електромонтажне обладнання,маш.-год,2.0,80,160.0,False
45-2-3,Монтаж металевих димарів,м / м3,матеріал,С240-1,"Матеріали монтажні (анкери, прокладки, метизи)",компл,1.0,1200,1200.0,False
45-2-3,Монтаж металевих димарів,м / м3,матеріал,С241-1,Електроди / кабель обв'язки,компл,1.0,800,800.0,False
45-2-3,Монтаж металевих димарів,м / м3,труд_робітників,Т1,"Труд робітників, розряд 4.3",люд.-год,14.634,95.0,1390.23,False
45-2-3,Монтаж металевих димарів,м / м3,труд_машиністів,Т2,Труд машиністів,люд.-год,1.5,110.0,165.0,False
45-3-1,Установлення закладних деталей печей,компл,матеріал,С301-1,Допоміжні матеріали,компл,1.0,150,150.0,False
45-3-1,Установлення закладних деталей печей,компл,труд_робітників,Т1,"Труд робітників, розряд 3.2",люд.-год,3.467,95.0,329.37,False
45-3-2,Сушіння і розігрів печей,компл,матеріал,С301-1,Допоміжні матеріали,компл,1.0,150,150.0,False
45-3-2,Сушіння і розігрів печей,компл,труд_робітників,Т1,"Труд робітників, розряд 3.2",люд.-год,3.435,95.0,326.32,False
46-1-1,Розбирання фундаментів бетонних,м3,машина,С210-1,Кран / бетононасос,маш.-год,0.6,1500,900.0,True
46-1-1,Розбирання фундаментів бетонних,м3,машина,С211-1,Вібратор глибинний,маш.-год,0.8,120,96.0,True
46-1-1,Розбирання фундаментів бетонних,м3,матеріал,С120-1,Бетон товарний В15–В25,м3,1.02,3200,3264.0,True
46-1-1,Розбирання фундаментів бетонних,м3,матеріал,С121-1,Вода,м3,0.2,40,8.0,True
46-1-1,Розбирання фундаментів бетонних,м3,труд_робітників,Т1,"Труд робітників, розряд 3.5",люд.-год,7.106,95.0,675.07,True
46-1-1,Розбирання фундаментів бетонних,м3,труд_машиністів,Т2,Труд машиністів,люд.-год,0.6,110.0,66.0,True
46-1-2,Розбирання стін цегляних,м3,машина,С212-1,Підйомник / кран (подача матеріалів),маш.-год,0.15,900,135.0,True
46-1-2,Розбирання стін цегляних,м3,матеріал,С137-1,Цегла керамічна рядова 250×120×65,шт,408.33,12,4899.96,True
46-1-2,Розбирання стін цегляних,м3,матеріал,С135-1,Розчин мурувальний М50–М75,м3,0.24,2200,528.0,True
46-1-2,Розбирання стін цегляних,м3,матеріал,С138-1,Вода,м3,0.15,40,6.0,True
46-1-2,Розбирання стін цегляних,м3,труд_робітників,Т1,"Труд робітників, розряд 3.5",люд.-год,5.466,95.0,519.27,True
46-1-2,Розбирання стін цегляних,м3,труд_машиністів,Т2,Труд машиністів,люд.-год,0.15,110.0,16.5,True
46-1-3,Розбирання перекриттів,100 м2,машина,С240-m,Перфоратор / відбійний молоток,маш.-год,1.0,90,90.0,True
46-1-3,Розбирання перекриттів,100 м2,матеріал,С311-3,Вивезення будівельного сміття,т,0.8861,450,398.75,True
46-1-3,Розбирання перекриттів,100 м2,труд_робітників,Т1,"Труд робітників, розряд 2.8",люд.-год,4.323,95.0,410.69,True
46-1-3,Розбирання перекриттів,100 м2,труд_машиністів,Т2,Труд машиністів,люд.-год,0.3,110.0,33.0,True
46-1-4,Розбирання перегородок,100 м2,машина,С212-1,Підйомник / кран (подача матеріалів),маш.-год,0.15,900,135.0,True
46-1-4,Розбирання перегородок,100 м2,матеріал,С137-1,Цегла керамічна,шт,5100,12,61200,True
46-1-4,Розбирання перегородок,100 м2,матеріал,С135-1,Розчин мурувальний,м3,2.4,2200,5280.0,True
46-1-4,Розбирання перегородок,100 м2,труд_робітників,Т1,"Труд робітників, розряд 3.5",люд.-год,57.941,95.0,5504.4,True
46-1-4,Розбирання перегородок,100 м2,труд_машиністів,Т2,Труд машиністів,люд.-год,0.15,110.0,16.5,True
46-2-1,Посилення фундаментів,м3,машина,С250-m,Копер / бурова установка / кран,маш.-год,2.0,2200,4400.0,True
46-2-1,Посилення фундаментів,м3,матеріал,С260-1,Палі / бетон / метал посилення,компл,1.0,15000,15000.0,True
46-2-1,Посилення фундаментів,м3,труд_робітників,Т1,"Труд робітників, розряд 3.8",люд.-год,10.486,95.0,996.17,True
46-2-1,Посилення фундаментів,м3,труд_машиністів,Т2,Труд машиністів,люд.-год,2.0,110.0,220.0,True
46-2-2,Посилення стін і простінків,м3,машина,С250-m,Копер / бурова установка / кран,маш.-год,2.0,2200,4400.0,True
46-2-2,Посилення стін і простінків,м3,матеріал,С260-1,Палі / бетон / метал посилення,компл,1.0,15000,15000.0,True
46-2-2,Посилення стін і простінків,м3,труд_робітників,Т1,"Труд робітників, розряд 3.8",люд.-год,10.658,95.0,1012.51,True
46-2-2,Посилення стін і простінків,м3,труд_машиністів,Т2,Труд машиністів,люд.-год,2.0,110.0,220.0,True
46-2-3,Посилення перекриттів металевими балками,т,машина,С210-2,Кран стріловий 16–25 т,маш.-год,1.0,1800,1800.0,True
46-2-3,Посилення перекриттів металевими балками,т,машина,С213-1,Апарат зварювальний,маш.-год,2.0,80,160.0,True
46-2-3,Посилення перекриттів металевими балками,т,матеріал,С140-1,Конструкції сталеві,т,1.03,45000,46350.0,True
46-2-3,Посилення перекриттів металевими балками,т,матеріал,С141-1,Електроди / зварювальні матеріали,кг,6.0,90,540.0,True
46-2-3,Посилення перекриттів металевими балками,т,матеріал,С142-1,Болти високоміцні / метизи,кг,8.0,70,560.0,True
46-2-3,Посилення перекриттів металевими балками,т,труд_робітників,Т1,"Труд робітників, розряд 4.2",люд.-год,15.157,95.0,1439.91,True
46-2-3,Посилення перекриттів металевими балками,т,труд_машиністів,Т2,Труд машиністів,люд.-год,1.0,110.0,110.0,True
46-3-1,Пробивання прорізів у цегляних стінах,м2,машина,С212-1,Підйомник / кран (подача матеріалів),маш.-год,0.15,900,135.0,True
46-3-1,Пробивання прорізів у цегляних стінах,м2,матеріал,С137-1,Цегла керамічна рядова 250×120×65,шт,409.5,12,4914.0,True
46-3-1,Пробивання прорізів у цегляних стінах,м2,матеріал,С135-1,Розчин мурувальний М50–М75,м3,0.24,2200,528.0,True
46-3-1,Пробивання прорізів у цегляних стінах,м2,матеріал,С138-1,Вода,м3,0.15,40,6.0,True
46-3-1,Пробивання прорізів у цегляних стінах,м2,труд_робітників,Т1,"Труд робітників, розряд 3.5",люд.-год,5.56,95.0,528.2,True
46-3-1,Пробивання прорізів у цегляних стінах,м2,труд_машиністів,Т2,Труд машиністів,люд.-год,0.15,110.0,16.5,True
46-3-2,Пробивання прорізів у бетонних стінах,м2,машина,С210-1,Кран / бетононасос,маш.-год,0.6,1500,900.0,True
46-3-2,Пробивання прорізів у бетонних стінах,м2,машина,С211-1,Вібратор глибинний,маш.-год,0.8,120,96.0,True
46-3-2,Пробивання прорізів у бетонних стінах,м2,матеріал,С120-1,Бетон товарний В15–В25,м3,1.02,3200,3264.0,True
46-3-2,Пробивання прорізів у бетонних стінах,м2,матеріал,С121-1,Вода,м3,0.2,40,8.0,True
46-3-2,Пробивання прорізів у бетонних стінах,м2,труд_робітників,Т1,"Труд робітників, розряд 3.5",люд.-год,7.97,95.0,757.15,True
46-3-2,Пробивання прорізів у бетонних стінах,м2,труд_машиністів,Т2,Труд машиністів,люд.-год,0.6,110.0,66.0,True
46-3-3,Закладання прорізів,м3,машина,С250-m,Копер / бурова установка / кран,маш.-год,2.0,2200,4400.0,True
46-3-3,Закладання прорізів,м3,матеріал,С260-1,Палі / бетон / метал посилення,компл,1.0,15000,15000.0,True
46-3-3,Закладання прорізів,м3,труд_робітників,Т1,"Труд робітників, розряд 3.8",люд.-год,9.26,95.0,879.7,True
46-3-3,Закладання прорізів,м3,труд_машиністів,Т2,Труд машиністів,люд.-год,2.0,110.0,220.0,True
47-1-1,Планування території під озеленення,100 м2,машина,С201-2,Бульдозер / трамбівка,маш.-год,0.5,600,300.0,True
47-1-1,Планування території під озеленення,100 м2,матеріал,С300-1,Пальне дизельне (орієнтовно),л,4.25,55,233.75,True
47-1-1,Планування території під озеленення,100 м2,матеріал,С300-2,Мастильні матеріали,кг,0.2125,120,25.5,True
47-1-1,Планування території під озеленення,100 м2,труд_робітників,Т1,"Труд робітників, розряд 2.8",люд.-год,9.439,95.0,896.71,True
47-1-1,Планування території під озеленення,100 м2,труд_машиністів,Т2,Труд машиністів,люд.-год,0.5,110.0,55.0,True
47-1-2,Влаштування рослинного ґрунту,100 м2,матеріал,С190-1,Прилад санітарний / опалювальний,шт,1.0,3500,3500.0,True
47-1-2,Влаштування рослинного ґрунту,100 м2,матеріал,С191-1,Підводка / кріплення / арматура,компл,1.0,650,650.0,True
47-1-2,Влаштування рослинного ґрунту,100 м2,матеріал,С192-1,Герметик / ущільнювачі,компл,1.0,80,80.0,True
47-1-2,Влаштування рослинного ґрунту,100 м2,труд_робітників,Т1,"Труд робітників, розряд 4.0",люд.-год,3.739,95.0,355.2,True
47-2-1,Посадка дерев із грудкою,шт,матеріал,С156-1,Пиломатеріали хвойні,м3,1.1,12000,13200.0,True
47-2-1,Посадка дерев із грудкою,шт,матеріал,С157-1,"Цвяхи, кріплення",кг,5.0,55,275.0,True
47-2-1,Посадка дерев із грудкою,шт,матеріал,С158-1,Антисептик,л,1.5,80,120.0,True
47-2-1,Посадка дерев із грудкою,шт,труд_робітників,Т1,"Труд робітників, розряд 3.6",люд.-год,8.783,95.0,834.38,True
47-2-2,Посадка кущів,шт,матеріал,С230-1,Садивний матеріал,шт,1.0,450,450.0,True
47-2-2,Посадка кущів,шт,матеріал,С231-1,Ґрунт рослинний / добрива,м3,0.2,600,120.0,True
47-2-2,Посадка кущів,шт,труд_робітників,Т1,"Труд робітників, розряд 2.8",люд.-год,1.679,95.0,159.5,True
47-2-3,Улаштування газонів звичайних,100 м2,матеріал,С190-1,Прилад санітарний / опалювальний,шт,1.0,3500,3500.0,True
47-2-3,Улаштування газонів звичайних,100 м2,матеріал,С191-1,Підводка / кріплення / арматура,компл,1.0,650,650.0,True
47-2-3,Улаштування газонів звичайних,100 м2,матеріал,С192-1,Герметик / ущільнювачі,компл,1.0,80,80.0,True
47-2-3,Улаштування газонів звичайних,100 м2,труд_робітників,Т1,"Труд робітників, розряд 4.0",люд.-год,3.929,95.0,373.25,True
47-2-4,Улаштування квітників,100 м2,матеріал,С190-1,Прилад санітарний / опалювальний,шт,1.0,3500,3500.0,True
47-2-4,Улаштування квітників,100 м2,матеріал,С191-1,Підводка / кріплення / арматура,компл,1.0,650,650.0,True
47-2-4,Улаштування квітників,100 м2,матеріал,С192-1,Герметик / ущільнювачі,компл,1.0,80,80.0,True
47-2-4,Улаштування квітників,100 м2,труд_робітників,Т1,"Труд робітників, розряд 4.0",люд.-год,3.555,95.0,337.73,True
47-3-1,Полив насаджень,100 м2,машина,С220-m,Коток / віброплита,маш.-год,0.4,500,200.0,True
47-3-1,Полив насаджень,100 м2,машина,С221-m,Автосамоскид,маш.-год,0.3,700,210.0,True
47-3-1,Полив насаджень,100 м2,матеріал,С233-1,Щебінь / відсів / асфальтобетон / плитка,м3,15,1800,27000,True
47-3-1,Полив насаджень,100 м2,труд_робітників,Т1,"Труд робітників, розряд 3.2",люд.-год,60.439,95.0,5741.7,True
47-3-1,Полив насаджень,100 м2,труд_машиністів,Т2,Труд машиністів,люд.-год,0.4,110.0,44.0,True
47-3-2,Підв'язування та формування дерев,шт,матеріал,С156-1,Пиломатеріали хвойні,м3,1.1,12000,13200.0,True
47-3-2,Підв'язування та формування дерев,шт,матеріал,С157-1,"Цвяхи, кріплення",кг,5.0,55,275.0,True
47-3-2,Підв'язування та формування дерев,шт,матеріал,С158-1,Антисептик,л,1.5,80,120.0,True
47-3-2,Підв'язування та формування дерев,шт,труд_робітників,Т1,"Труд робітників, розряд 3.6",люд.-год,9.596,95.0,911.62,True
1-1-1,Монтаж токарних верстатів,шт,машина,С230-m,Кран / такелаж,маш.-год,1.5,1600,2400.0,False
1-1-1,Монтаж токарних верстатів,шт,машина,С213-1,Зварювальне / електромонтажне обладнання,маш.-год,2.0,80,160.0,False
1-1-1,Монтаж токарних верстатів,шт,матеріал,С240-1,"Матеріали монтажні (анкери, прокладки, метизи)",компл,1.0,1200,1200.0,False
1-1-1,Монтаж токарних верстатів,шт,матеріал,С241-1,Електроди / кабель обв'язки,компл,1.0,800,800.0,False
1-1-1,Монтаж токарних верстатів,шт,труд_робітників,Т1,"Труд робітників, розряд 4.3",люд.-год,12.538,95.0,1191.11,False
1-1-1,Монтаж токарних верстатів,шт,труд_машиністів,Т2,Труд машиністів,люд.-год,1.5,110.0,165.0,False
1-1-2,Монтаж фрезерних верстатів,шт,машина,С230-m,Кран / такелаж,маш.-год,1.5,1600,2400.0,False
1-1-2,Монтаж фрезерних верстатів,шт,машина,С213-1,Зварювальне / електромонтажне обладнання,маш.-год,2.0,80,160.0,False
1-1-2,Монтаж фрезерних верстатів,шт,матеріал,С240-1,"Матеріали монтажні (анкери, прокладки, метизи)",компл,1.0,1200,1200.0,False
1-1-2,Монтаж фрезерних верстатів,шт,матеріал,С241-1,Електроди / кабель обв'язки,компл,1.0,800,800.0,False
1-1-2,Монтаж фрезерних верстатів,шт,труд_робітників,Т1,"Труд робітників, розряд 4.3",люд.-год,12.615,95.0,1198.42,False
1-1-2,Монтаж фрезерних верстатів,шт,труд_машиністів,Т2,Труд машиністів,люд.-год,1.5,110.0,165.0,False
1-1-3,Монтаж свердлильних верстатів,шт,машина,С230-m,Кран / такелаж,маш.-год,1.5,1600,2400.0,False
1-1-3,Монтаж свердлильних верстатів,шт,машина,С213-1,Зварювальне / електромонтажне обладнання,маш.-год,2.0,80,160.0,False
1-1-3,Монтаж свердлильних верстатів,шт,матеріал,С240-1,"Матеріали монтажні (анкери, прокладки, метизи)",компл,1.0,1200,1200.0,False
1-1-3,Монтаж свердлильних верстатів,шт,матеріал,С241-1,Електроди / кабель обв'язки,компл,1.0,800,800.0,False
1-1-3,Монтаж свердлильних верстатів,шт,труд_робітників,Т1,"Труд робітників, розряд 4.3",люд.-год,11.819,95.0,1122.81,False
1-1-3,Монтаж свердлильних верстатів,шт,труд_машиністів,Т2,Труд машиністів,люд.-год,1.5,110.0,165.0,False
1-1-4,Монтаж шліфувальних верстатів,шт,машина,С230-m,Кран / такелаж,маш.-год,1.5,1600,2400.0,False
1-1-4,Монтаж шліфувальних верстатів,шт,машина,С213-1,Зварювальне / електромонтажне обладнання,маш.-год,2.0,80,160.0,False
1-1-4,Монтаж шліфувальних верстатів,шт,матеріал,С240-1,"Матеріали монтажні (анкери, прокладки, метизи)",компл,1.0,1200,1200.0,False
1-1-4,Монтаж шліфувальних верстатів,шт,матеріал,С241-1,Електроди / кабель обв'язки,компл,1.0,800,800.0,False
1-1-4,Монтаж шліфувальних верстатів,шт,труд_робітників,Т1,"Труд робітників, розряд 4.3",люд.-год,11.444,95.0,1087.18,False
1-1-4,Монтаж шліфувальних верстатів,шт,труд_машиністів,Т2,Труд машиністів,люд.-год,1.5,110.0,165.0,False
1-2-1,Монтаж пресів механічних,шт,машина,С230-m,Кран / такелаж,маш.-год,1.5,1600,2400.0,False
1-2-1,Монтаж пресів механічних,шт,машина,С213-1,Зварювальне / електромонтажне обладнання,маш.-год,2.0,80,160.0,False
1-2-1,Монтаж пресів механічних,шт,матеріал,С240-1,"Матеріали монтажні (анкери, прокладки, метизи)",компл,1.0,1200,1200.0,False
1-2-1,Монтаж пресів механічних,шт,матеріал,С241-1,Електроди / кабель обв'язки,компл,1.0,800,800.0,False
1-2-1,Монтаж пресів механічних,шт,труд_робітників,Т1,"Труд робітників, розряд 4.3",люд.-год,13.349,95.0,1268.15,False
1-2-1,Монтаж пресів механічних,шт,труд_машиністів,Т2,Труд машиністів,люд.-год,1.5,110.0,165.0,False
1-2-2,Монтаж пресів гідравлічних,шт,машина,С230-m,Кран / такелаж,маш.-год,1.5,1600,2400.0,False
1-2-2,Монтаж пресів гідравлічних,шт,машина,С213-1,Зварювальне / електромонтажне обладнання,маш.-год,2.0,80,160.0,False
1-2-2,Монтаж пресів гідравлічних,шт,матеріал,С240-1,"Матеріали монтажні (анкери, прокладки, метизи)",компл,1.0,1200,1200.0,False
1-2-2,Монтаж пресів гідравлічних,шт,матеріал,С241-1,Електроди / кабель обв'язки,компл,1.0,800,800.0,False
1-2-2,Монтаж пресів гідравлічних,шт,труд_робітників,Т1,"Труд робітників, розряд 4.3",люд.-год,12.42,95.0,1179.9,False
1-2-2,Монтаж пресів гідравлічних,шт,труд_машиністів,Т2,Труд машиністів,люд.-год,1.5,110.0,165.0,False
1-2-3,Монтаж молотів,шт,машина,С230-m,Кран / такелаж,маш.-год,1.5,1600,2400.0,False
1-2-3,Монтаж молотів,шт,машина,С213-1,Зварювальне / електромонтажне обладнання,маш.-год,2.0,80,160.0,False
1-2-3,Монтаж молотів,шт,матеріал,С240-1,"Матеріали монтажні (анкери, прокладки, метизи)",компл,1.0,1200,1200.0,False
1-2-3,Монтаж молотів,шт,матеріал,С241-1,Електроди / кабель обв'язки,компл,1.0,800,800.0,False
1-2-3,Монтаж молотів,шт,труд_робітників,Т1,"Труд робітників, розряд 4.3",люд.-год,11.956,95.0,1135.82,False
1-2-3,Монтаж молотів,шт,труд_машиністів,Т2,Труд машиністів,люд.-год,1.5,110.0,165.0,False
1-3-1,Монтаж електрообладнання верстатів,шт,матеріал,С214-m,Кабель / провід силовий,м,1.05,55,57.75,False
1-3-1,Монтаж електрообладнання верстатів,шт,матеріал,С215-m,Труба/короб/гофра,м,1.05,18,18.9,False
1-3-1,Монтаж електрообладнання верстатів,шт,матеріал,С216-m,Кріплення,компл,1.0,25,25.0,False
1-3-1,Монтаж електрообладнання верстатів,шт,труд_робітників,Т1,"Труд робітників, розряд 3.7",люд.-год,1.758,95.0,167.01,False
1-3-2,Підключення і налагодження приводів,шт,машина,С230-m,Кран / такелаж,маш.-год,1.5,1600,2400.0,False
1-3-2,Підключення і налагодження приводів,шт,машина,С213-1,Зварювальне / електромонтажне обладнання,маш.-год,2.0,80,160.0,False
1-3-2,Підключення і налагодження приводів,шт,матеріал,С240-1,"Матеріали монтажні (анкери, прокладки, метизи)",компл,1.0,1200,1200.0,False
1-3-2,Підключення і налагодження приводів,шт,матеріал,С241-1,Електроди / кабель обв'язки,компл,1.0,800,800.0,False
1-3-2,Підключення і налагодження приводів,шт,труд_робітників,Т1,"Труд робітників, розряд 4.3",люд.-год,12.051,95.0,1144.85,False
1-3-2,Підключення і налагодження приводів,шт,труд_машиністів,Т2,Труд машиністів,люд.-год,1.5,110.0,165.0,False
2-1-1,Монтаж круглопилкових верстатів,шт,машина,С230-m,Кран / такелаж,маш.-год,1.5,1600,2400.0,False
2-1-1,Монтаж круглопилкових верстатів,шт,машина,С213-1,Зварювальне / електромонтажне обладнання,маш.-год,2.0,80,160.0,False
2-1-1,Монтаж круглопилкових верстатів,шт,матеріал,С240-1,"Матеріали монтажні (анкери, прокладки, метизи)",компл,1.0,1200,1200.0,False
2-1-1,Монтаж круглопилкових верстатів,шт,матеріал,С241-1,Електроди / кабель обв'язки,компл,1.0,800,800.0,False
2-1-1,Монтаж круглопилкових верстатів,шт,труд_робітників,Т1,"Труд робітників, розряд 4.3",люд.-год,14.609,95.0,1387.86,False
2-1-1,Монтаж круглопилкових верстатів,шт,труд_машиністів,Т2,Труд машиністів,люд.-год,1.5,110.0,165.0,False
2-1-2,Монтаж фуговальних і рейсмусових верстатів,шт,машина,С230-m,Кран / такелаж,маш.-год,1.5,1600,2400.0,False
2-1-2,Монтаж фуговальних і рейсмусових верстатів,шт,машина,С213-1,Зварювальне / електромонтажне обладнання,маш.-год,2.0,80,160.0,False
2-1-2,Монтаж фуговальних і рейсмусових верстатів,шт,матеріал,С240-1,"Матеріали монтажні (анкери, прокладки, метизи)",компл,1.0,1200,1200.0,False
2-1-2,Монтаж фуговальних і рейсмусових верстатів,шт,матеріал,С241-1,Електроди / кабель обв'язки,компл,1.0,800,800.0,False
2-1-2,Монтаж фуговальних і рейсмусових верстатів,шт,труд_робітників,Т1,"Труд робітників, розряд 4.3",люд.-год,14.059,95.0,1335.61,False
2-1-2,Монтаж фуговальних і рейсмусових верстатів,шт,труд_машиністів,Т2,Труд машиністів,люд.-год,1.5,110.0,165.0,False
2-1-3,Монтаж фрезерних деревообробних верстатів,шт,матеріал,С156-1,Пиломатеріали хвойні,м3,1.1,12000,13200.0,False
2-1-3,Монтаж фрезерних деревообробних верстатів,шт,матеріал,С157-1,"Цвяхи, кріплення",кг,5.0,55,275.0,False
2-1-3,Монтаж фрезерних деревообробних верстатів,шт,матеріал,С158-1,Антисептик,л,1.5,80,120.0,False
2-1-3,Монтаж фрезерних деревообробних верстатів,шт,труд_робітників,Т1,"Труд робітників, розряд 3.6",люд.-год,9.993,95.0,949.34,False
2-1-4,Монтаж стрічкопилкових верстатів,шт,машина,С230-m,Кран / такелаж,маш.-год,1.5,1600,2400.0,False
2-1-4,Монтаж стрічкопилкових верстатів,шт,машина,С213-1,Зварювальне / електромонтажне обладнання,маш.-год,2.0,80,160.0,False
2-1-4,Монтаж стрічкопилкових верстатів,шт,матеріал,С240-1,"Матеріали монтажні (анкери, прокладки, метизи)",компл,1.0,1200,1200.0,False
2-1-4,Монтаж стрічкопилкових верстатів,шт,матеріал,С241-1,Електроди / кабель обв'язки,компл,1.0,800,800.0,False
2-1-4,Монтаж стрічкопилкових верстатів,шт,труд_робітників,Т1,"Труд робітників, розряд 4.3",люд.-год,13.832,95.0,1314.04,False
2-1-4,Монтаж стрічкопилкових верстатів,шт,труд_машиністів,Т2,Труд машиністів,люд.-год,1.5,110.0,165.0,False
2-2-1,Монтаж сушильних камер,шт,машина,С230-m,Кран / такелаж,маш.-год,1.5,1600,2400.0,False
2-2-1,Монтаж сушильних камер,шт,машина,С213-1,Зварювальне / електромонтажне обладнання,маш.-год,2.0,80,160.0,False
2-2-1,Монтаж сушильних камер,шт,матеріал,С240-1,"Матеріали монтажні (анкери, прокладки, метизи)",компл,1.0,1200,1200.0,False
2-2-1,Монтаж сушильних камер,шт,матеріал,С241-1,Електроди / кабель обв'язки,компл,1.0,800,800.0,False
2-2-1,Монтаж сушильних камер,шт,труд_робітників,Т1,"Труд робітників, розряд 4.3",люд.-год,11.228,95.0,1066.66,False
2-2-1,Монтаж сушильних камер,шт,труд_машиністів,Т2,Труд машиністів,люд.-год,1.5,110.0,165.0,False
2-2-2,Монтаж систем аспірації,шт,машина,С230-m,Кран / такелаж,маш.-год,1.5,1600,2400.0,False
2-2-2,Монтаж систем аспірації,шт,машина,С213-1,Зварювальне / електромонтажне обладнання,маш.-год,2.0,80,160.0,False
2-2-2,Монтаж систем аспірації,шт,матеріал,С240-1,"Матеріали монтажні (анкери, прокладки, метизи)",компл,1.0,1200,1200.0,False
2-2-2,Монтаж систем аспірації,шт,матеріал,С241-1,Електроди / кабель обв'язки,компл,1.0,800,800.0,False
2-2-2,Монтаж систем аспірації,шт,труд_робітників,Т1,"Труд робітників, розряд 4.3",люд.-год,11.04,95.0,1048.8,False
2-2-2,Монтаж систем аспірації,шт,труд_машиністів,Т2,Труд машиністів,люд.-год,1.5,110.0,165.0,False
3-1-1,Монтаж мостових кранів,шт / т,машина,С230-m,Кран / такелаж,маш.-год,1.5,1600,2400.0,False
3-1-1,Монтаж мостових кранів,шт / т,машина,С213-1,Зварювальне / електромонтажне обладнання,маш.-год,2.0,80,160.0,False
3-1-1,Монтаж мостових кранів,шт / т,матеріал,С240-1,"Матеріали монтажні (анкери, прокладки, метизи)",компл,1.0,1200,1200.0,False
3-1-1,Монтаж мостових кранів,шт / т,матеріал,С241-1,Електроди / кабель обв'язки,компл,1.0,800,800.0,False
3-1-1,Монтаж мостових кранів,шт / т,труд_робітників,Т1,"Труд робітників, розряд 4.3",люд.-год,13.213,95.0,1255.23,False
3-1-1,Монтаж мостових кранів,шт / т,труд_машиністів,Т2,Труд машиністів,люд.-год,1.5,110.0,165.0,False
3-1-2,Монтаж козлових кранів,шт / т,машина,С230-m,Кран / такелаж,маш.-год,1.5,1600,2400.0,False
3-1-2,Монтаж козлових кранів,шт / т,машина,С213-1,Зварювальне / електромонтажне обладнання,маш.-год,2.0,80,160.0,False
3-1-2,Монтаж козлових кранів,шт / т,матеріал,С240-1,"Матеріали монтажні (анкери, прокладки, метизи)",компл,1.0,1200,1200.0,False
3-1-2,Монтаж козлових кранів,шт / т,матеріал,С241-1,Електроди / кабель обв'язки,компл,1.0,800,800.0,False
3-1-2,Монтаж козлових кранів,шт / т,труд_робітників,Т1,"Труд робітників, розряд 4.3",люд.-год,11.126,95.0,1056.97,False
3-1-2,Монтаж козлових кранів,шт / т,труд_машиністів,Т2,Труд машиністів,люд.-год,1.5,110.0,165.0,False
3-1-3,Монтаж кран-балок,шт / т,машина,С230-m,Кран / такелаж,маш.-год,1.5,1600,2400.0,False
3-1-3,Монтаж кран-балок,шт / т,машина,С213-1,Зварювальне / електромонтажне обладнання,маш.-год,2.0,80,160.0,False
3-1-3,Монтаж кран-балок,шт / т,матеріал,С240-1,"Матеріали монтажні (анкери, прокладки, метизи)",компл,1.0,1200,1200.0,False
3-1-3,Монтаж кран-балок,шт / т,матеріал,С241-1,Електроди / кабель обв'язки,компл,1.0,800,800.0,False
3-1-3,Монтаж кран-балок,шт / т,труд_робітників,Т1,"Труд робітників, розряд 4.3",люд.-год,12.824,95.0,1218.28,False
3-1-3,Монтаж кран-балок,шт / т,труд_машиністів,Т2,Труд машиністів,люд.-год,1.5,110.0,165.0,False
3-1-4,Монтаж консольних кранів,шт / т,машина,С230-m,Кран / такелаж,маш.-год,1.5,1600,2400.0,False
3-1-4,Монтаж консольних кранів,шт / т,машина,С213-1,Зварювальне / електромонтажне обладнання,маш.-год,2.0,80,160.0,False
3-1-4,Монтаж консольних кранів,шт / т,матеріал,С240-1,"Матеріали монтажні (анкери, прокладки, метизи)",компл,1.0,1200,1200.0,False
3-1-4,Монтаж консольних кранів,шт / т,матеріал,С241-1,Електроди / кабель обв'язки,компл,1.0,800,800.0,False
3-1-4,Монтаж консольних кранів,шт / т,труд_робітників,Т1,"Труд робітників, розряд 4.3",люд.-год,14.965,95.0,1421.67,False
3-1-4,Монтаж консольних кранів,шт / т,труд_машиністів,Т2,Труд машиністів,люд.-год,1.5,110.0,165.0,False
3-2-1,Монтаж стрічкових конвеєрів,м / шт,машина,С230-m,Кран / такелаж,маш.-год,1.5,1600,2400.0,False
3-2-1,Монтаж стрічкових конвеєрів,м / шт,машина,С213-1,Зварювальне / електромонтажне обладнання,маш.-год,2.0,80,160.0,False
3-2-1,Монтаж стрічкових конвеєрів,м / шт,матеріал,С240-1,"Матеріали монтажні (анкери, прокладки, метизи)",компл,1.0,1200,1200.0,False
3-2-1,Монтаж стрічкових конвеєрів,м / шт,матеріал,С241-1,Електроди / кабель обв'язки,компл,1.0,800,800.0,False
3-2-1,Монтаж стрічкових конвеєрів,м / шт,труд_робітників,Т1,"Труд робітників, розряд 4.3",люд.-год,13.786,95.0,1309.67,False
3-2-1,Монтаж стрічкових конвеєрів,м / шт,труд_машиністів,Т2,Труд машиністів,люд.-год,1.5,110.0,165.0,False
3-2-2,Монтаж роликових конвеєрів,м / шт,машина,С230-m,Кран / такелаж,маш.-год,1.5,1600,2400.0,False
3-2-2,Монтаж роликових конвеєрів,м / шт,машина,С213-1,Зварювальне / електромонтажне обладнання,маш.-год,2.0,80,160.0,False
3-2-2,Монтаж роликових конвеєрів,м / шт,матеріал,С240-1,"Матеріали монтажні (анкери, прокладки, метизи)",компл,1.0,1200,1200.0,False
3-2-2,Монтаж роликових конвеєрів,м / шт,матеріал,С241-1,Електроди / кабель обв'язки,компл,1.0,800,800.0,False
3-2-2,Монтаж роликових конвеєрів,м / шт,труд_робітників,Т1,"Труд робітників, розряд 4.3",люд.-год,13.47,95.0,1279.65,False
3-2-2,Монтаж роликових конвеєрів,м / шт,труд_машиністів,Т2,Труд машиністів,люд.-год,1.5,110.0,165.0,False
3-2-3,Монтаж ліфтів вантажних,м / шт,машина,С230-m,Кран / такелаж,маш.-год,1.5,1600,2400.0,False
3-2-3,Монтаж ліфтів вантажних,м / шт,машина,С213-1,Зварювальне / електромонтажне обладнання,маш.-год,2.0,80,160.0,False
3-2-3,Монтаж ліфтів вантажних,м / шт,матеріал,С240-1,"Матеріали монтажні (анкери, прокладки, метизи)",компл,1.0,1200,1200.0,False
3-2-3,Монтаж ліфтів вантажних,м / шт,матеріал,С241-1,Електроди / кабель обв'язки,компл,1.0,800,800.0,False
3-2-3,Монтаж ліфтів вантажних,м / шт,труд_робітників,Т1,"Труд робітників, розряд 4.3",люд.-год,13.387,95.0,1271.77,False
3-2-3,Монтаж ліфтів вантажних,м / шт,труд_машиністів,Т2,Труд машиністів,люд.-год,1.5,110.0,165.0,False
3-2-4,Монтаж підйомників,м / шт,машина,С230-m,Кран / такелаж,маш.-год,1.5,1600,2400.0,False
3-2-4,Монтаж підйомників,м / шт,машина,С213-1,Зварювальне / електромонтажне обладнання,маш.-год,2.0,80,160.0,False
3-2-4,Монтаж підйомників,м / шт,матеріал,С240-1,"Матеріали монтажні (анкери, прокладки, метизи)",компл,1.0,1200,1200.0,False
3-2-4,Монтаж підйомників,м / шт,матеріал,С241-1,Електроди / кабель обв'язки,компл,1.0,800,800.0,False
3-2-4,Монтаж підйомників,м / шт,труд_робітників,Т1,"Труд робітників, розряд 4.3",люд.-год,10.709,95.0,1017.36,False
3-2-4,Монтаж підйомників,м / шт,труд_машиністів,Т2,Труд машиністів,люд.-год,1.5,110.0,165.0,False
4-1-1,Монтаж щокових дробарок,шт,машина,С230-m,Кран / такелаж,маш.-год,1.5,1600,2400.0,False
4-1-1,Монтаж щокових дробарок,шт,машина,С213-1,Зварювальне / електромонтажне обладнання,маш.-год,2.0,80,160.0,False
4-1-1,Монтаж щокових дробарок,шт,матеріал,С240-1,"Матеріали монтажні (анкери, прокладки, метизи)",компл,1.0,1200,1200.0,False
4-1-1,Монтаж щокових дробарок,шт,матеріал,С241-1,Електроди / кабель обв'язки,компл,1.0,800,800.0,False
4-1-1,Монтаж щокових дробарок,шт,труд_робітників,Т1,"Труд робітників, розряд 4.3",люд.-год,11.464,95.0,1089.08,False
4-1-1,Монтаж щокових дробарок,шт,труд_машиністів,Т2,Труд машиністів,люд.-год,1.5,110.0,165.0,False
4-1-2,Монтаж конусних дробарок,шт,машина,С230-m,Кран / такелаж,маш.-год,1.5,1600,2400.0,False
4-1-2,Монтаж конусних дробарок,шт,машина,С213-1,Зварювальне / електромонтажне обладнання,маш.-год,2.0,80,160.0,False
4-1-2,Монтаж конусних дробарок,шт,матеріал,С240-1,"Матеріали монтажні (анкери, прокладки, метизи)",компл,1.0,1200,1200.0,False
4-1-2,Монтаж конусних дробарок,шт,матеріал,С241-1,Електроди / кабель обв'язки,компл,1.0,800,800.0,False
4-1-2,Монтаж конусних дробарок,шт,труд_робітників,Т1,"Труд робітників, розряд 4.3",люд.-год,13.009,95.0,1235.86,False
4-1-2,Монтаж конусних дробарок,шт,труд_машиністів,Т2,Труд машиністів,люд.-год,1.5,110.0,165.0,False
4-1-3,Монтаж молоткових дробарок,шт,машина,С230-m,Кран / такелаж,маш.-год,1.5,1600,2400.0,False
4-1-3,Монтаж молоткових дробарок,шт,машина,С213-1,Зварювальне / електромонтажне обладнання,маш.-год,2.0,80,160.0,False
4-1-3,Монтаж молоткових дробарок,шт,матеріал,С240-1,"Матеріали монтажні (анкери, прокладки, метизи)",компл,1.0,1200,1200.0,False
4-1-3,Монтаж молоткових дробарок,шт,матеріал,С241-1,Електроди / кабель обв'язки,компл,1.0,800,800.0,False
4-1-3,Монтаж молоткових дробарок,шт,труд_робітників,Т1,"Труд робітників, розряд 4.3",люд.-год,13.817,95.0,1312.62,False
4-1-3,Монтаж молоткових дробарок,шт,труд_машиністів,Т2,Труд машиністів,люд.-год,1.5,110.0,165.0,False
4-2-1,Монтаж грохотів,шт,машина,С230-m,Кран / такелаж,маш.-год,1.5,1600,2400.0,False
4-2-1,Монтаж грохотів,шт,машина,С213-1,Зварювальне / електромонтажне обладнання,маш.-год,2.0,80,160.0,False
4-2-1,Монтаж грохотів,шт,матеріал,С240-1,"Матеріали монтажні (анкери, прокладки, метизи)",компл,1.0,1200,1200.0,False
4-2-1,Монтаж грохотів,шт,матеріал,С241-1,Електроди / кабель обв'язки,компл,1.0,800,800.0,False
4-2-1,Монтаж грохотів,шт,труд_робітників,Т1,"Труд робітників, розряд 4.3",люд.-год,11.826,95.0,1123.47,False
4-2-1,Монтаж грохотів,шт,труд_машиністів,Т2,Труд машиністів,люд.-год,1.5,110.0,165.0,False
4-2-2,Монтаж класифікаторів,шт,машина,С230-m,Кран / такелаж,маш.-год,1.5,1600,2400.0,False
4-2-2,Монтаж класифікаторів,шт,машина,С213-1,Зварювальне / електромонтажне обладнання,маш.-год,2.0,80,160.0,False
4-2-2,Монтаж класифікаторів,шт,матеріал,С240-1,"Матеріали монтажні (анкери, прокладки, метизи)",компл,1.0,1200,1200.0,False
4-2-2,Монтаж класифікаторів,шт,матеріал,С241-1,Електроди / кабель обв'язки,компл,1.0,800,800.0,False
4-2-2,Монтаж класифікаторів,шт,труд_робітників,Т1,"Труд робітників, розряд 4.3",люд.-год,14.223,95.0,1351.19,False
4-2-2,Монтаж класифікаторів,шт,труд_машиністів,Т2,Труд машиністів,люд.-год,1.5,110.0,165.0,False
4-2-3,Монтаж флотаційних машин,шт,машина,С230-m,Кран / такелаж,маш.-год,1.5,1600,2400.0,False
4-2-3,Монтаж флотаційних машин,шт,машина,С213-1,Зварювальне / електромонтажне обладнання,маш.-год,2.0,80,160.0,False
4-2-3,Монтаж флотаційних машин,шт,матеріал,С240-1,"Матеріали монтажні (анкери, прокладки, метизи)",компл,1.0,1200,1200.0,False
4-2-3,Монтаж флотаційних машин,шт,матеріал,С241-1,Електроди / кабель обв'язки,компл,1.0,800,800.0,False
4-2-3,Монтаж флотаційних машин,шт,труд_робітників,Т1,"Труд робітників, розряд 4.3",люд.-год,11.113,95.0,1055.73,False
4-2-3,Монтаж флотаційних машин,шт,труд_машиністів,Т2,Труд машиністів,люд.-год,1.5,110.0,165.0,False
5-1-1,Монтаж ваг платформних,шт,машина,С230-m,Кран / такелаж,маш.-год,1.5,1600,2400.0,False
5-1-1,Монтаж ваг платформних,шт,машина,С213-1,Зварювальне / електромонтажне обладнання,маш.-год,2.0,80,160.0,False
5-1-1,Монтаж ваг платформних,шт,матеріал,С240-1,"Матеріали монтажні (анкери, прокладки, метизи)",компл,1.0,1200,1200.0,False
5-1-1,Монтаж ваг платформних,шт,матеріал,С241-1,Електроди / кабель обв'язки,компл,1.0,800,800.0,False
5-1-1,Монтаж ваг платформних,шт,труд_робітників,Т1,"Труд робітників, розряд 4.3",люд.-год,12.196,95.0,1158.62,False
5-1-1,Монтаж ваг платформних,шт,труд_машиністів,Т2,Труд машиністів,люд.-год,1.5,110.0,165.0,False
5-1-2,Монтаж ваг автомобільних,шт,машина,С230-m,Кран / такелаж,маш.-год,1.5,1600,2400.0,False
5-1-2,Монтаж ваг автомобільних,шт,машина,С213-1,Зварювальне / електромонтажне обладнання,маш.-год,2.0,80,160.0,False
5-1-2,Монтаж ваг автомобільних,шт,матеріал,С240-1,"Матеріали монтажні (анкери, прокладки, метизи)",компл,1.0,1200,1200.0,False
5-1-2,Монтаж ваг автомобільних,шт,матеріал,С241-1,Електроди / кабель обв'язки,компл,1.0,800,800.0,False
5-1-2,Монтаж ваг автомобільних,шт,труд_робітників,Т1,"Труд робітників, розряд 4.3",люд.-год,11.054,95.0,1050.13,False
5-1-2,Монтаж ваг автомобільних,шт,труд_машиністів,Т2,Труд машиністів,люд.-год,1.5,110.0,165.0,False
5-1-3,Монтаж ваг бункерних,шт,машина,С230-m,Кран / такелаж,маш.-год,1.5,1600,2400.0,False
5-1-3,Монтаж ваг бункерних,шт,машина,С213-1,Зварювальне / електромонтажне обладнання,маш.-год,2.0,80,160.0,False
5-1-3,Монтаж ваг бункерних,шт,матеріал,С240-1,"Матеріали монтажні (анкери, прокладки, метизи)",компл,1.0,1200,1200.0,False
5-1-3,Монтаж ваг бункерних,шт,матеріал,С241-1,Електроди / кабель обв'язки,компл,1.0,800,800.0,False
5-1-3,Монтаж ваг бункерних,шт,труд_робітників,Т1,"Труд робітників, розряд 4.3",люд.-год,10.295,95.0,978.02,False
5-1-3,Монтаж ваг бункерних,шт,труд_машиністів,Т2,Труд машиністів,люд.-год,1.5,110.0,165.0,False
5-1-4,Монтаж дозаторів вагових,шт,машина,С230-m,Кран / такелаж,маш.-год,1.5,1600,2400.0,False
5-1-4,Монтаж дозаторів вагових,шт,машина,С213-1,Зварювальне / електромонтажне обладнання,маш.-год,2.0,80,160.0,False
5-1-4,Монтаж дозаторів вагових,шт,матеріал,С240-1,"Матеріали монтажні (анкери, прокладки, метизи)",компл,1.0,1200,1200.0,False
5-1-4,Монтаж дозаторів вагових,шт,матеріал,С241-1,Електроди / кабель обв'язки,компл,1.0,800,800.0,False
5-1-4,Монтаж дозаторів вагових,шт,труд_робітників,Т1,"Труд робітників, розряд 4.3",люд.-год,14.635,95.0,1390.33,False
5-1-4,Монтаж дозаторів вагових,шт,труд_машиністів,Т2,Труд машиністів,люд.-год,1.5,110.0,165.0,False
6-1-1,Монтаж парових котлів,шт / т,машина,С230-m,Кран / такелаж,маш.-год,1.5,1600,2400.0,False
6-1-1,Монтаж парових котлів,шт / т,машина,С213-1,Зварювальне / електромонтажне обладнання,маш.-год,2.0,80,160.0,False
6-1-1,Монтаж парових котлів,шт / т,матеріал,С240-1,"Матеріали монтажні (анкери, прокладки, метизи)",компл,1.0,1200,1200.0,False
6-1-1,Монтаж парових котлів,шт / т,матеріал,С241-1,Електроди / кабель обв'язки,компл,1.0,800,800.0,False
6-1-1,Монтаж парових котлів,шт / т,труд_робітників,Т1,"Труд робітників, розряд 4.3",люд.-год,12.481,95.0,1185.69,False
6-1-1,Монтаж парових котлів,шт / т,труд_машиністів,Т2,Труд машиністів,люд.-год,1.5,110.0,165.0,False
6-1-2,Монтаж водогрійних котлів,шт / т,машина,С230-m,Кран / такелаж,маш.-год,1.5,1600,2400.0,False
6-1-2,Монтаж водогрійних котлів,шт / т,машина,С213-1,Зварювальне / електромонтажне обладнання,маш.-год,2.0,80,160.0,False
6-1-2,Монтаж водогрійних котлів,шт / т,матеріал,С240-1,"Матеріали монтажні (анкери, прокладки, метизи)",компл,1.0,1200,1200.0,False
6-1-2,Монтаж водогрійних котлів,шт / т,матеріал,С241-1,Електроди / кабель обв'язки,компл,1.0,800,800.0,False
6-1-2,Монтаж водогрійних котлів,шт / т,труд_робітників,Т1,"Труд робітників, розряд 4.3",люд.-год,11.557,95.0,1097.91,False
6-1-2,Монтаж водогрійних котлів,шт / т,труд_машиністів,Т2,Труд машиністів,люд.-год,1.5,110.0,165.0,False
6-1-3,Монтаж економайзерів і підігрівачів,шт / т,машина,С230-m,Кран / такелаж,маш.-год,1.5,1600,2400.0,False
6-1-3,Монтаж економайзерів і підігрівачів,шт / т,машина,С213-1,Зварювальне / електромонтажне обладнання,маш.-год,2.0,80,160.0,False
6-1-3,Монтаж економайзерів і підігрівачів,шт / т,матеріал,С240-1,"Матеріали монтажні (анкери, прокладки, метизи)",компл,1.0,1200,1200.0,False
6-1-3,Монтаж економайзерів і підігрівачів,шт / т,матеріал,С241-1,Електроди / кабель обв'язки,компл,1.0,800,800.0,False
6-1-3,Монтаж економайзерів і підігрівачів,шт / т,труд_робітників,Т1,"Труд робітників, розряд 4.3",люд.-год,12.601,95.0,1197.1,False
6-1-3,Монтаж економайзерів і підігрівачів,шт / т,труд_машиністів,Т2,Труд машиністів,люд.-год,1.5,110.0,165.0,False
6-1-4,Монтаж деаераторів,шт / т,машина,С230-m,Кран / такелаж,маш.-год,1.5,1600,2400.0,False
6-1-4,Монтаж деаераторів,шт / т,машина,С213-1,Зварювальне / електромонтажне обладнання,маш.-год,2.0,80,160.0,False
6-1-4,Монтаж деаераторів,шт / т,матеріал,С240-1,"Матеріали монтажні (анкери, прокладки, метизи)",компл,1.0,1200,1200.0,False
6-1-4,Монтаж деаераторів,шт / т,матеріал,С241-1,Електроди / кабель обв'язки,компл,1.0,800,800.0,False
6-1-4,Монтаж деаераторів,шт / т,труд_робітників,Т1,"Труд робітників, розряд 4.3",люд.-год,10.715,95.0,1017.92,False
6-1-4,Монтаж деаераторів,шт / т,труд_машиністів,Т2,Труд машиністів,люд.-год,1.5,110.0,165.0,False
6-2-1,Монтаж парових турбін,шт,машина,С230-m,Кран / такелаж,маш.-год,1.5,1600,2400.0,False
6-2-1,Монтаж парових турбін,шт,машина,С213-1,Зварювальне / електромонтажне обладнання,маш.-год,2.0,80,160.0,False
6-2-1,Монтаж парових турбін,шт,матеріал,С240-1,"Матеріали монтажні (анкери, прокладки, метизи)",компл,1.0,1200,1200.0,False
6-2-1,Монтаж парових турбін,шт,матеріал,С241-1,Електроди / кабель обв'язки,компл,1.0,800,800.0,False
6-2-1,Монтаж парових турбін,шт,труд_робітників,Т1,"Труд робітників, розряд 4.3",люд.-год,11.966,95.0,1136.77,False
6-2-1,Монтаж парових турбін,шт,труд_машиністів,Т2,Труд машиністів,люд.-год,1.5,110.0,165.0,False
6-2-2,Монтаж редукторів і муфт,шт,машина,С230-m,Кран / такелаж,маш.-год,1.5,1600,2400.0,False
6-2-2,Монтаж редукторів і муфт,шт,машина,С213-1,Зварювальне / електромонтажне обладнання,маш.-год,2.0,80,160.0,False
6-2-2,Монтаж редукторів і муфт,шт,матеріал,С240-1,"Матеріали монтажні (анкери, прокладки, метизи)",компл,1.0,1200,1200.0,False
6-2-2,Монтаж редукторів і муфт,шт,матеріал,С241-1,Електроди / кабель обв'язки,компл,1.0,800,800.0,False
6-2-2,Монтаж редукторів і муфт,шт,труд_робітників,Т1,"Труд робітників, розряд 4.3",люд.-год,11.105,95.0,1054.98,False
6-2-2,Монтаж редукторів і муфт,шт,труд_машиністів,Т2,Труд машиністів,люд.-год,1.5,110.0,165.0,False
6-2-3,Монтаж димососів і дуттєвих вентиляторів,шт,матеріал,С200-1,Обладнання вентиляції/кондиціювання,шт,1.0,18000,18000.0,False
6-2-3,Монтаж димососів і дуттєвих вентиляторів,шт,матеріал,С201-m,"Кронштейни, фреон-траса, дренаж",компл,1.0,2500,2500.0,False
6-2-3,Монтаж димососів і дуттєвих вентиляторів,шт,труд_робітників,Т1,"Труд робітників, розряд 4.1",люд.-год,8.946,95.0,849.87,False
7-1-1,Монтаж насосів консольних,шт,машина,С230-m,Кран / такелаж,маш.-год,1.5,1600,2400.0,True
7-1-1,Монтаж насосів консольних,шт,машина,С213-1,Зварювальне / електромонтажне обладнання,маш.-год,2.0,80,160.0,True
7-1-1,Монтаж насосів консольних,шт,матеріал,С240-1,"Матеріали монтажні (анкери, прокладки, метизи)",компл,1.0,1200,1200.0,True
7-1-1,Монтаж насосів консольних,шт,матеріал,С241-1,Електроди / кабель обв'язки,компл,1.0,800,800.0,True
7-1-1,Монтаж насосів консольних,шт,труд_робітників,Т1,"Труд робітників, розряд 4.3",люд.-год,11.782,95.0,1119.29,True
7-1-1,Монтаж насосів консольних,шт,труд_машиністів,Т2,Труд машиністів,люд.-год,1.5,110.0,165.0,True
7-1-2,Монтаж насосів заглибних,шт,машина,С230-m,Кран / такелаж,маш.-год,1.5,1600,2400.0,True
7-1-2,Монтаж насосів заглибних,шт,машина,С213-1,Зварювальне / електромонтажне обладнання,маш.-год,2.0,80,160.0,True
7-1-2,Монтаж насосів заглибних,шт,матеріал,С240-1,"Матеріали монтажні (анкери, прокладки, метизи)",компл,1.0,1200,1200.0,True
7-1-2,Монтаж насосів заглибних,шт,матеріал,С241-1,Електроди / кабель обв'язки,компл,1.0,800,800.0,True
7-1-2,Монтаж насосів заглибних,шт,труд_робітників,Т1,"Труд робітників, розряд 4.3",люд.-год,12.538,95.0,1191.11,True
7-1-2,Монтаж насосів заглибних,шт,труд_машиністів,Т2,Труд машиністів,люд.-год,1.5,110.0,165.0,True
7-1-3,Монтаж насосних агрегатів,шт,машина,С230-m,Кран / такелаж,маш.-год,1.5,1600,2400.0,True
7-1-3,Монтаж насосних агрегатів,шт,машина,С213-1,Зварювальне / електромонтажне обладнання,маш.-год,2.0,80,160.0,True
7-1-3,Монтаж насосних агрегатів,шт,матеріал,С240-1,"Матеріали монтажні (анкери, прокладки, метизи)",компл,1.0,1200,1200.0,True
7-1-3,Монтаж насосних агрегатів,шт,матеріал,С241-1,Електроди / кабель обв'язки,компл,1.0,800,800.0,True
7-1-3,Монтаж насосних агрегатів,шт,труд_робітників,Т1,"Труд робітників, розряд 4.3",люд.-год,10.175,95.0,966.63,True
7-1-3,Монтаж насосних агрегатів,шт,труд_машиністів,Т2,Труд машиністів,люд.-год,1.5,110.0,165.0,True
7-2-1,Монтаж вентиляторів осьових,шт,матеріал,С200-1,Обладнання вентиляції/кондиціювання,шт,1.0,18000,18000.0,True
7-2-1,Монтаж вентиляторів осьових,шт,матеріал,С201-m,"Кронштейни, фреон-траса, дренаж",компл,1.0,2500,2500.0,True
7-2-1,Монтаж вентиляторів осьових,шт,труд_робітників,Т1,"Труд робітників, розряд 4.1",люд.-год,9.93,95.0,943.35,True
7-2-2,Монтаж вентиляторів радіальних,шт,матеріал,С200-1,Обладнання вентиляції/кондиціювання,шт,1.0,18000,18000.0,True
7-2-2,Монтаж вентиляторів радіальних,шт,матеріал,С201-m,"Кронштейни, фреон-траса, дренаж",компл,1.0,2500,2500.0,True
7-2-2,Монтаж вентиляторів радіальних,шт,труд_робітників,Т1,"Труд робітників, розряд 4.1",люд.-год,8.567,95.0,813.87,True
8-1-1,Монтаж щитів низької напруги,шт,машина,С212-1,Підйомник / кран (подача матеріалів),маш.-год,0.15,900,135.0,True
8-1-1,Монтаж щитів низької напруги,шт,матеріал,С137-1,Цегла керамічна рядова 250×120×65,шт,408.95,12,4907.4,True
8-1-1,Монтаж щитів низької напруги,шт,матеріал,С135-1,Розчин мурувальний М50–М75,м3,0.24,2200,528.0,True
8-1-1,Монтаж щитів низької напруги,шт,матеріал,С138-1,Вода,м3,0.15,40,6.0,True
8-1-1,Монтаж щитів низької напруги,шт,труд_робітників,Т1,"Труд робітників, розряд 3.5",люд.-год,5.516,95.0,524.02,True
8-1-1,Монтаж щитів низької напруги,шт,труд_машиністів,Т2,Труд машиністів,люд.-год,0.15,110.0,16.5,True
8-1-2,Монтаж автоматичних вимикачів,шт,машина,С212-1,Підйомник / кран (подача матеріалів),маш.-год,0.15,900,135.0,True
8-1-2,Монтаж автоматичних вимикачів,шт,матеріал,С137-1,Цегла керамічна рядова 250×120×65,шт,405.6,12,4867.2,True
8-1-2,Монтаж автоматичних вимикачів,шт,матеріал,С135-1,Розчин мурувальний М50–М75,м3,0.24,2200,528.0,True
8-1-2,Монтаж автоматичних вимикачів,шт,матеріал,С138-1,Вода,м3,0.15,40,6.0,True
8-1-2,Монтаж автоматичних вимикачів,шт,труд_робітників,Т1,"Труд робітників, розряд 3.5",люд.-год,5.248,95.0,498.56,True
8-1-2,Монтаж автоматичних вимикачів,шт,труд_машиністів,Т2,Труд машиністів,люд.-год,0.15,110.0,16.5,True
8-1-3,Монтаж ПЗВ,шт,машина,С212-1,Підйомник / кран (подача матеріалів),маш.-год,0.15,900,135.0,True
8-1-3,Монтаж ПЗВ,шт,матеріал,С137-1,Цегла керамічна рядова 250×120×65,шт,406.36,12,4876.32,True
8-1-3,Монтаж ПЗВ,шт,матеріал,С135-1,Розчин мурувальний М50–М75,м3,0.24,2200,528.0,True
8-1-3,Монтаж ПЗВ,шт,матеріал,С138-1,Вода,м3,0.15,40,6.0,True
8-1-3,Монтаж ПЗВ,шт,труд_робітників,Т1,"Труд робітників, розряд 3.5",люд.-год,5.309,95.0,504.36,True
8-1-3,Монтаж ПЗВ,шт,труд_машиністів,Т2,Труд машиністів,люд.-год,0.15,110.0,16.5,True
8-2-1,Прокладання силових кабелів,100 м,машина,С212-1,Підйомник / кран (подача матеріалів),маш.-год,0.15,900,135.0,True
8-2-1,Прокладання силових кабелів,100 м,матеріал,С137-1,Цегла керамічна,шт,5100,12,61200,True
8-2-1,Прокладання силових кабелів,100 м,матеріал,С135-1,Розчин мурувальний,м3,2.4,2200,5280.0,True
8-2-1,Прокладання силових кабелів,100 м,труд_робітників,Т1,"Труд робітників, розряд 3.5",люд.-год,62.977,95.0,5982.81,True
8-2-1,Прокладання силових кабелів,100 м,труд_машиністів,Т2,Труд машиністів,люд.-год,0.15,110.0,16.5,True
8-2-2,Закінчення та з'єднання кабелів,100 м,машина,С212-1,Підйомник / кран (подача матеріалів),маш.-год,0.15,900,135.0,True
8-2-2,Закінчення та з'єднання кабелів,100 м,матеріал,С137-1,Цегла керамічна,шт,5100,12,61200,True
8-2-2,Закінчення та з'єднання кабелів,100 м,матеріал,С135-1,Розчин мурувальний,м3,2.4,2200,5280.0,True
8-2-2,Закінчення та з'єднання кабелів,100 м,труд_робітників,Т1,"Труд робітників, розряд 3.5",люд.-год,63.029,95.0,5987.76,True
8-2-2,Закінчення та з'єднання кабелів,100 м,труд_машиністів,Т2,Труд машиністів,люд.-год,0.15,110.0,16.5,True
9-1-1,Монтаж печей опору,шт,машина,С230-m,Кран / такелаж,маш.-год,1.5,1600,2400.0,False
9-1-1,Монтаж печей опору,шт,машина,С213-1,Зварювальне / електромонтажне обладнання,маш.-год,2.0,80,160.0,False
9-1-1,Монтаж печей опору,шт,матеріал,С240-1,"Матеріали монтажні (анкери, прокладки, метизи)",компл,1.0,1200,1200.0,False
9-1-1,Монтаж печей опору,шт,матеріал,С241-1,Електроди / кабель обв'язки,компл,1.0,800,800.0,False
9-1-1,Монтаж печей опору,шт,труд_робітників,Т1,"Труд робітників, розряд 4.3",люд.-год,13.334,95.0,1266.73,False
9-1-1,Монтаж печей опору,шт,труд_машиністів,Т2,Труд машиністів,люд.-год,1.5,110.0,165.0,False
9-1-2,Монтаж індукційних печей,шт,машина,С230-m,Кран / такелаж,маш.-год,1.5,1600,2400.0,False
9-1-2,Монтаж індукційних печей,шт,машина,С213-1,Зварювальне / електромонтажне обладнання,маш.-год,2.0,80,160.0,False
9-1-2,Монтаж індукційних печей,шт,матеріал,С240-1,"Матеріали монтажні (анкери, прокладки, метизи)",компл,1.0,1200,1200.0,False
9-1-2,Монтаж індукційних печей,шт,матеріал,С241-1,Електроди / кабель обв'язки,компл,1.0,800,800.0,False
9-1-2,Монтаж індукційних печей,шт,труд_робітників,Т1,"Труд робітників, розряд 4.3",люд.-год,14.842,95.0,1409.99,False
9-1-2,Монтаж індукційних печей,шт,труд_машиністів,Т2,Труд машиністів,люд.-год,1.5,110.0,165.0,False
9-1-3,Монтаж дугових печей,шт,машина,С230-m,Кран / такелаж,маш.-год,1.5,1600,2400.0,False
9-1-3,Монтаж дугових печей,шт,машина,С213-1,Зварювальне / електромонтажне обладнання,маш.-год,2.0,80,160.0,False
9-1-3,Монтаж дугових печей,шт,матеріал,С240-1,"Матеріали монтажні (анкери, прокладки, метизи)",компл,1.0,1200,1200.0,False
9-1-3,Монтаж дугових печей,шт,матеріал,С241-1,Електроди / кабель обв'язки,компл,1.0,800,800.0,False
9-1-3,Монтаж дугових печей,шт,труд_робітників,Т1,"Труд робітників, розряд 4.3",люд.-год,11.044,95.0,1049.18,False
9-1-3,Монтаж дугових печей,шт,труд_машиністів,Т2,Труд машиністів,люд.-год,1.5,110.0,165.0,False
9-1-4,Монтаж сушильних електричних шаф,шт,машина,С230-m,Кран / такелаж,маш.-год,1.5,1600,2400.0,False
9-1-4,Монтаж сушильних електричних шаф,шт,машина,С213-1,Зварювальне / електромонтажне обладнання,маш.-год,2.0,80,160.0,False
9-1-4,Монтаж сушильних електричних шаф,шт,матеріал,С240-1,"Матеріали монтажні (анкери, прокладки, метизи)",компл,1.0,1200,1200.0,False
9-1-4,Монтаж сушильних електричних шаф,шт,матеріал,С241-1,Електроди / кабель обв'язки,компл,1.0,800,800.0,False
9-1-4,Монтаж сушильних електричних шаф,шт,труд_робітників,Т1,"Труд робітників, розряд 4.3",люд.-год,13.816,95.0,1312.52,False
9-1-4,Монтаж сушильних електричних шаф,шт,труд_машиністів,Т2,Труд машиністів,люд.-год,1.5,110.0,165.0,False
10-1-1,Монтаж СКС,компл,матеріал,С156-1,Пиломатеріали хвойні,м3,1.1,12000,13200.0,True
10-1-1,Монтаж СКС,компл,матеріал,С157-1,"Цвяхи, кріплення",кг,5.0,55,275.0,True
10-1-1,Монтаж СКС,компл,матеріал,С158-1,Антисептик,л,1.5,80,120.0,True
10-1-1,Монтаж СКС,компл,труд_робітників,Т1,"Труд робітників, розряд 3.6",люд.-год,9.812,95.0,932.14,True
10-1-2,Монтаж телефонії,компл,матеріал,С156-1,Пиломатеріали хвойні,м3,1.1,12000,13200.0,True
10-1-2,Монтаж телефонії,компл,матеріал,С157-1,"Цвяхи, кріплення",кг,5.0,55,275.0,True
10-1-2,Монтаж телефонії,компл,матеріал,С158-1,Антисептик,л,1.5,80,120.0,True
10-1-2,Монтаж телефонії,компл,труд_робітників,Т1,"Труд робітників, розряд 3.6",люд.-год,9.803,95.0,931.29,True
10-1-3,Монтаж домофонів,компл,матеріал,С156-1,Пиломатеріали хвойні,м3,1.1,12000,13200.0,True
10-1-3,Монтаж домофонів,компл,матеріал,С157-1,"Цвяхи, кріплення",кг,5.0,55,275.0,True
10-1-3,Монтаж домофонів,компл,матеріал,С158-1,Антисептик,л,1.5,80,120.0,True
10-1-3,Монтаж домофонів,компл,труд_робітників,Т1,"Труд робітників, розряд 3.6",люд.-год,9.4,95.0,893.0,True
10-1-4,Монтаж систем оповіщення,компл,матеріал,С156-1,Пиломатеріали хвойні,м3,1.1,12000,13200.0,True
10-1-4,Монтаж систем оповіщення,компл,матеріал,С157-1,"Цвяхи, кріплення",кг,5.0,55,275.0,True
10-1-4,Монтаж систем оповіщення,компл,матеріал,С158-1,Антисептик,л,1.5,80,120.0,True
10-1-4,Монтаж систем оповіщення,компл,труд_робітників,Т1,"Труд робітників, розряд 3.6",люд.-год,8.239,95.0,782.71,True
10-1-5,Монтаж антенно-фідерних пристроїв,компл,матеріал,С156-1,Пиломатеріали хвойні,м3,1.1,12000,13200.0,True
10-1-5,Монтаж антенно-фідерних пристроїв,компл,матеріал,С157-1,"Цвяхи, кріплення",кг,5.0,55,275.0,True
10-1-5,Монтаж антенно-фідерних пристроїв,компл,матеріал,С158-1,Антисептик,л,1.5,80,120.0,True
10-1-5,Монтаж антенно-фідерних пристроїв,компл,труд_робітників,Т1,"Труд робітників, розряд 3.6",люд.-год,9.056,95.0,860.32,True
10-2-1,Прокладання кабелів зв'язку внутрішніх,100 м,матеріал,С156-1,Пиломатеріали хвойні,м3,1.1,12000,13200.0,True
10-2-1,Прокладання кабелів зв'язку внутрішніх,100 м,матеріал,С157-1,"Цвяхи, кріплення",кг,5.0,55,275.0,True
10-2-1,Прокладання кабелів зв'язку внутрішніх,100 м,матеріал,С158-1,Антисептик,л,1.5,80,120.0,True
10-2-1,Прокладання кабелів зв'язку внутрішніх,100 м,труд_робітників,Т1,"Труд робітників, розряд 3.6",люд.-год,9.303,95.0,883.79,True
10-2-2,Розробка кабельних закінчень,шт,машина,С201-2,Бульдозер / трамбівка,маш.-год,0.5,600,300.0,True
10-2-2,Розробка кабельних закінчень,шт,матеріал,С300-1,Пальне дизельне (орієнтовно),л,4.25,55,233.75,True
10-2-2,Розробка кабельних закінчень,шт,матеріал,С300-2,Мастильні матеріали,кг,0.2125,120,25.5,True
10-2-2,Розробка кабельних закінчень,шт,труд_робітників,Т1,"Труд робітників, розряд 2.8",люд.-год,9.86,95.0,936.7,True
10-2-2,Розробка кабельних закінчень,шт,труд_машиністів,Т2,Труд машиністів,люд.-год,0.5,110.0,55.0,True
10-2-3,Випробування ліній зв'язку,система,матеріал,С156-1,Пиломатеріали хвойні,м3,1.1,12000,13200.0,True
10-2-3,Випробування ліній зв'язку,система,матеріал,С157-1,"Цвяхи, кріплення",кг,5.0,55,275.0,True
10-2-3,Випробування ліній зв'язку,система,матеріал,С158-1,Антисептик,л,1.5,80,120.0,True
10-2-3,Випробування ліній зв'язку,система,труд_робітників,Т1,"Труд робітників, розряд 3.6",люд.-год,8.265,95.0,785.18,True
11-1-1,Монтаж датчиків,шт,матеріал,С167-1,Плитка керамічна / керамограніт,м2,1.05,420,441.0,True
11-1-1,Монтаж датчиків,шт,матеріал,С168-1,Клей плитковий,кг,5.0,14,70.0,True
11-1-1,Монтаж датчиків,шт,матеріал,С169-1,Затирка,кг,0.5,45,22.5,True
11-1-1,Монтаж датчиків,шт,труд_робітників,Т1,"Труд робітників, розряд 3.8",люд.-год,1.891,95.0,179.65,True
11-1-2,Монтаж щитів автоматики,шт,матеріал,С167-1,Плитка керамічна / керамограніт,м2,1.05,420,441.0,True
11-1-2,Монтаж щитів автоматики,шт,матеріал,С168-1,Клей плитковий,кг,5.0,14,70.0,True
11-1-2,Монтаж щитів автоматики,шт,матеріал,С169-1,Затирка,кг,0.5,45,22.5,True
11-1-2,Монтаж щитів автоматики,шт,труд_робітників,Т1,"Труд робітників, розряд 3.8",люд.-год,1.836,95.0,174.42,True
11-1-3,Монтаж контролерів,шт,матеріал,С167-1,Плитка керамічна / керамограніт,м2,1.05,420,441.0,True
11-1-3,Монтаж контролерів,шт,матеріал,С168-1,Клей плитковий,кг,5.0,14,70.0,True
11-1-3,Монтаж контролерів,шт,матеріал,С169-1,Затирка,кг,0.5,45,22.5,True
11-1-3,Монтаж контролерів,шт,труд_робітників,Т1,"Труд робітників, розряд 3.8",люд.-год,1.703,95.0,161.78,True
11-1-4,Монтаж датчиків температури і тиску,шт,матеріал,С167-1,Плитка керамічна / керамограніт,м2,1.05,420,441.0,True
11-1-4,Монтаж датчиків температури і тиску,шт,матеріал,С168-1,Клей плитковий,кг,5.0,14,70.0,True
11-1-4,Монтаж датчиків температури і тиску,шт,матеріал,С169-1,Затирка,кг,0.5,45,22.5,True
11-1-4,Монтаж датчиків температури і тиску,шт,труд_робітників,Т1,"Труд робітників, розряд 3.8",люд.-год,1.654,95.0,157.13,True
11-1-5,Монтаж витратомірів,шт,матеріал,С167-1,Плитка керамічна / керамограніт,м2,1.05,420,441.0,True
11-1-5,Монтаж витратомірів,шт,матеріал,С168-1,Клей плитковий,кг,5.0,14,70.0,True
11-1-5,Монтаж витратомірів,шт,матеріал,С169-1,Затирка,кг,0.5,45,22.5,True
11-1-5,Монтаж витратомірів,шт,труд_робітників,Т1,"Труд робітників, розряд 3.8",люд.-год,1.821,95.0,173.0,True
11-1-6,Монтаж виконавчих механізмів,шт,матеріал,С167-1,Плитка керамічна / керамограніт,м2,1.05,420,441.0,True
11-1-6,Монтаж виконавчих механізмів,шт,матеріал,С168-1,Клей плитковий,кг,5.0,14,70.0,True
11-1-6,Монтаж виконавчих механізмів,шт,матеріал,С169-1,Затирка,кг,0.5,45,22.5,True
11-1-6,Монтаж виконавчих механізмів,шт,труд_робітників,Т1,"Труд робітників, розряд 3.8",люд.-год,1.735,95.0,164.83,True
11-2-1,Прокладання кабелів КВП,100 м,матеріал,С167-1,Плитка керамічна / керамограніт,м2,105,420,44100,True
11-2-1,Прокладання кабелів КВП,100 м,матеріал,С168-1,Клей плитковий,кг,500,14,7000,True
11-2-1,Прокладання кабелів КВП,100 м,матеріал,С169-1,Затирка,кг,50,45,2250,True
11-2-1,Прокладання кабелів КВП,100 м,труд_робітників,Т1,"Труд робітників, розряд 3.8",люд.-год,130.844,95.0,12430.18,True
11-2-2,Підключення приладів,шт,матеріал,С167-1,Плитка керамічна / керамограніт,м2,1.05,420,441.0,True
11-2-2,Підключення приладів,шт,матеріал,С168-1,Клей плитковий,кг,5.0,14,70.0,True
11-2-2,Підключення приладів,шт,матеріал,С169-1,Затирка,кг,0.5,45,22.5,True
11-2-2,Підключення приладів,шт,труд_робітників,Т1,"Труд робітників, розряд 3.8",люд.-год,1.698,95.0,161.31,True
11-2-3,Налагодження контурів регулювання,контур,матеріал,С167-1,Плитка керамічна / керамограніт,м2,1.05,420,441.0,True
11-2-3,Налагодження контурів регулювання,контур,матеріал,С168-1,Клей плитковий,кг,5.0,14,70.0,True
11-2-3,Налагодження контурів регулювання,контур,матеріал,С169-1,Затирка,кг,0.5,45,22.5,True
11-2-3,Налагодження контурів регулювання,контур,труд_робітників,Т1,"Труд робітників, розряд 3.8",люд.-год,1.879,95.0,178.5,True
12-1-1,Монтаж трубопроводів із вуглецевої сталі,100 м / т,машина,С214-1,Пальник газовий покрівельний,маш.-год,0.8,50,40.0,False
12-1-1,Монтаж трубопроводів із вуглецевої сталі,100 м / т,матеріал,С174-1,Матеріал рулонний наплавлюваний,м2,115,180,20700,False
12-1-1,Монтаж трубопроводів із вуглецевої сталі,100 м / т,матеріал,С175-1,Праймер бітумний,л,30,70,2100,False
12-1-1,Монтаж трубопроводів із вуглецевої сталі,100 м / т,труд_робітників,Т1,"Труд робітників, розряд 3.6",люд.-год,97.501,95.0,9262.6,False
12-1-1,Монтаж трубопроводів із вуглецевої сталі,100 м / т,труд_машиністів,Т2,Труд машиністів,люд.-год,0.2,110.0,22.0,False
12-1-2,Монтаж трубопроводів із нержавіючої сталі,100 м / т,машина,С214-1,Пальник газовий покрівельний,маш.-год,0.8,50,40.0,False
12-1-2,Монтаж трубопроводів із нержавіючої сталі,100 м / т,матеріал,С174-1,Матеріал рулонний наплавлюваний,м2,115,180,20700,False
12-1-2,Монтаж трубопроводів із нержавіючої сталі,100 м / т,матеріал,С175-1,Праймер бітумний,л,30,70,2100,False
12-1-2,Монтаж трубопроводів із нержавіючої сталі,100 м / т,труд_робітників,Т1,"Труд робітників, розряд 3.6",люд.-год,96.498,95.0,9167.31,False
12-1-2,Монтаж трубопроводів із нержавіючої сталі,100 м / т,труд_машиністів,Т2,Труд машиністів,люд.-год,0.2,110.0,22.0,False
12-1-3,Монтаж трубопроводів із полімерних матеріалів,100 м / т,машина,С214-1,Пальник газовий покрівельний,маш.-год,0.8,50,40.0,False
12-1-3,Монтаж трубопроводів із полімерних матеріалів,100 м / т,матеріал,С174-1,Матеріал рулонний наплавлюваний,м2,115,180,20700,False
12-1-3,Монтаж трубопроводів із полімерних матеріалів,100 м / т,матеріал,С175-1,Праймер бітумний,л,30,70,2100,False
12-1-3,Монтаж трубопроводів із полімерних матеріалів,100 м / т,труд_робітників,Т1,"Труд робітників, розряд 3.6",люд.-год,94.96,95.0,9021.2,False
12-1-3,Монтаж трубопроводів із полімерних матеріалів,100 м / т,труд_машиністів,Т2,Труд машиністів,люд.-год,0.2,110.0,22.0,False
12-1-4,Установлення арматури технологічної,100 м / т,машина,С214-1,Пальник газовий покрівельний,маш.-год,0.8,50,40.0,False
12-1-4,Установлення арматури технологічної,100 м / т,матеріал,С174-1,Матеріал рулонний наплавлюваний,м2,115,180,20700,False
12-1-4,Установлення арматури технологічної,100 м / т,матеріал,С175-1,Праймер бітумний,л,30,70,2100,False
12-1-4,Установлення арматури технологічної,100 м / т,труд_робітників,Т1,"Труд робітників, розряд 3.6",люд.-год,99.241,95.0,9427.9,False
12-1-4,Установлення арматури технологічної,100 м / т,труд_машиністів,Т2,Труд машиністів,люд.-год,0.2,110.0,22.0,False
12-2-1,Гідравлічне випробування,100 м,машина,С214-1,Пальник газовий покрівельний,маш.-год,0.8,50,40.0,False
12-2-1,Гідравлічне випробування,100 м,матеріал,С174-1,Матеріал рулонний наплавлюваний,м2,115,180,20700,False
12-2-1,Гідравлічне випробування,100 м,матеріал,С175-1,Праймер бітумний,л,30,70,2100,False
12-2-1,Гідравлічне випробування,100 м,труд_робітників,Т1,"Труд робітників, розряд 3.6",люд.-год,89.216,95.0,8475.52,False
12-2-1,Гідравлічне випробування,100 м,труд_машиністів,Т2,Труд машиністів,люд.-год,0.2,110.0,22.0,False
12-2-2,Пневматичне випробування,100 м,машина,С214-1,Пальник газовий покрівельний,маш.-год,0.8,50,40.0,False
12-2-2,Пневматичне випробування,100 м,матеріал,С174-1,Матеріал рулонний наплавлюваний,м2,115,180,20700,False
12-2-2,Пневматичне випробування,100 м,матеріал,С175-1,Праймер бітумний,л,30,70,2100,False
12-2-2,Пневматичне випробування,100 м,труд_робітників,Т1,"Труд робітників, розряд 3.6",люд.-год,99.99,95.0,9499.05,False
12-2-2,Пневматичне випробування,100 м,труд_машиністів,Т2,Труд машиністів,люд.-год,0.2,110.0,22.0,False
12-2-3,Промивання і продування трубопроводів,100 м,машина,С214-1,Пальник газовий покрівельний,маш.-год,0.8,50,40.0,False
12-2-3,Промивання і продування трубопроводів,100 м,матеріал,С174-1,Матеріал рулонний наплавлюваний,м2,115,180,20700,False
12-2-3,Промивання і продування трубопроводів,100 м,матеріал,С175-1,Праймер бітумний,л,30,70,2100,False
12-2-3,Промивання і продування трубопроводів,100 м,труд_робітників,Т1,"Труд робітників, розряд 3.6",люд.-год,88.369,95.0,8395.06,False
12-2-3,Промивання і продування трубопроводів,100 м,труд_машиністів,Т2,Труд машиністів,люд.-год,0.2,110.0,22.0,False
13-1-1,Монтаж корпусного обладнання,шт / т,матеріал,С220-1,Утеплювач плитний,м2,1.05,220,231.0,False
13-1-1,Монтаж корпусного обладнання,шт / т,матеріал,С221-1,Клей / дюбелі / сітка / декоративний шар,компл,1.0,180,180.0,False
13-1-1,Монтаж корпусного обладнання,шт / т,труд_робітників,Т1,"Труд робітників, розряд 3.5",люд.-год,1.436,95.0,136.42,False
13-1-2,Монтаж трубопроводів першого контуру,шт / т,матеріал,С193-1,Труби (сталь/ППР/ПВХ/ПЕ),м,1.05,120,126.0,False
13-1-2,Монтаж трубопроводів першого контуру,шт / т,матеріал,С194-1,Фітинги та арматура,компл,1.0,350,350.0,False
13-1-2,Монтаж трубопроводів першого контуру,шт / т,матеріал,С195-1,Кріплення / ізоляція,компл,1.0,90,90.0,False
13-1-2,Монтаж трубопроводів першого контуру,шт / т,труд_робітників,Т1,"Труд робітників, розряд 3.8",люд.-год,2.275,95.0,216.12,False
13-1-3,Монтаж систем безпеки,шт / т,матеріал,С220-1,Утеплювач плитний,м2,1.05,220,231.0,False
13-1-3,Монтаж систем безпеки,шт / т,матеріал,С221-1,Клей / дюбелі / сітка / декоративний шар,компл,1.0,180,180.0,False
13-1-3,Монтаж систем безпеки,шт / т,труд_робітників,Т1,"Труд робітників, розряд 3.5",люд.-год,1.523,95.0,144.69,False
13-1-4,Монтаж систем контролю реактора,компл,матеріал,С220-1,Утеплювач плитний,м2,1.05,220,231.0,False
13-1-4,Монтаж систем контролю реактора,компл,матеріал,С221-1,Клей / дюбелі / сітка / декоративний шар,компл,1.0,180,180.0,False
13-1-4,Монтаж систем контролю реактора,компл,труд_робітників,Т1,"Труд робітників, розряд 3.5",люд.-год,1.54,95.0,146.3,False
14-1-1,Монтаж клітей прокатних станів,шт / т,машина,С230-m,Кран / такелаж,маш.-год,1.5,1600,2400.0,False
14-1-1,Монтаж клітей прокатних станів,шт / т,машина,С213-1,Зварювальне / електромонтажне обладнання,маш.-год,2.0,80,160.0,False
14-1-1,Монтаж клітей прокатних станів,шт / т,матеріал,С240-1,"Матеріали монтажні (анкери, прокладки, метизи)",компл,1.0,1200,1200.0,False
14-1-1,Монтаж клітей прокатних станів,шт / т,матеріал,С241-1,Електроди / кабель обв'язки,компл,1.0,800,800.0,False
14-1-1,Монтаж клітей прокатних станів,шт / т,труд_робітників,Т1,"Труд робітників, розряд 4.3",люд.-год,13.902,95.0,1320.69,False
14-1-1,Монтаж клітей прокатних станів,шт / т,труд_машиністів,Т2,Труд машиністів,люд.-год,1.5,110.0,165.0,False
14-1-2,Монтаж рольгангів,шт / т,машина,С230-m,Кран / такелаж,маш.-год,1.5,1600,2400.0,False
14-1-2,Монтаж рольгангів,шт / т,машина,С213-1,Зварювальне / електромонтажне обладнання,маш.-год,2.0,80,160.0,False
14-1-2,Монтаж рольгангів,шт / т,матеріал,С240-1,"Матеріали монтажні (анкери, прокладки, метизи)",компл,1.0,1200,1200.0,False
14-1-2,Монтаж рольгангів,шт / т,матеріал,С241-1,Електроди / кабель обв'язки,компл,1.0,800,800.0,False
14-1-2,Монтаж рольгангів,шт / т,труд_робітників,Т1,"Труд робітників, розряд 4.3",люд.-год,14.541,95.0,1381.39,False
14-1-2,Монтаж рольгангів,шт / т,труд_машиністів,Т2,Труд машиністів,люд.-год,1.5,110.0,165.0,False
14-1-3,Монтаж ножиць і пил,шт / т,машина,С230-m,Кран / такелаж,маш.-год,1.5,1600,2400.0,False
14-1-3,Монтаж ножиць і пил,шт / т,машина,С213-1,Зварювальне / електромонтажне обладнання,маш.-год,2.0,80,160.0,False
14-1-3,Монтаж ножиць і пил,шт / т,матеріал,С240-1,"Матеріали монтажні (анкери, прокладки, метизи)",компл,1.0,1200,1200.0,False
14-1-3,Монтаж ножиць і пил,шт / т,матеріал,С241-1,Електроди / кабель обв'язки,компл,1.0,800,800.0,False
14-1-3,Монтаж ножиць і пил,шт / т,труд_робітників,Т1,"Труд робітників, розряд 4.3",люд.-год,13.036,95.0,1238.42,False
14-1-3,Монтаж ножиць і пил,шт / т,труд_машиністів,Т2,Труд машиністів,люд.-год,1.5,110.0,165.0,False
14-1-4,Монтаж моталок і розмотувачів,шт,машина,С230-m,Кран / такелаж,маш.-год,1.5,1600,2400.0,False
14-1-4,Монтаж моталок і розмотувачів,шт,машина,С213-1,Зварювальне / електромонтажне обладнання,маш.-год,2.0,80,160.0,False
14-1-4,Монтаж моталок і розмотувачів,шт,матеріал,С240-1,"Матеріали монтажні (анкери, прокладки, метизи)",компл,1.0,1200,1200.0,False
14-1-4,Монтаж моталок і розмотувачів,шт,матеріал,С241-1,Електроди / кабель обв'язки,компл,1.0,800,800.0,False
14-1-4,Монтаж моталок і розмотувачів,шт,труд_робітників,Т1,"Труд робітників, розряд 4.3",люд.-год,10.07,95.0,956.65,False
14-1-4,Монтаж моталок і розмотувачів,шт,труд_машиністів,Т2,Труд машиністів,люд.-год,1.5,110.0,165.0,False
15-1-1,Монтаж електрофільтрів,шт,матеріал,С188-1,Суміш штукатурна,кг,12,8,96,False
15-1-1,Монтаж електрофільтрів,шт,матеріал,С181-2,Ґрунтовка,л,0.2,85,17.0,False
15-1-1,Монтаж електрофільтрів,шт,матеріал,С189-1,Сітка штукатурна (за потреби),м2,0.3,25,7.5,False
15-1-1,Монтаж електрофільтрів,шт,труд_робітників,Т1,"Труд робітників, розряд 3.6",люд.-год,2.114,95.0,200.83,False
15-1-2,Монтаж рукавних фільтрів,шт,матеріал,С188-1,Суміш штукатурна,кг,12,8,96,False
15-1-2,Монтаж рукавних фільтрів,шт,матеріал,С181-2,Ґрунтовка,л,0.2,85,17.0,False
15-1-2,Монтаж рукавних фільтрів,шт,матеріал,С189-1,Сітка штукатурна (за потреби),м2,0.3,25,7.5,False
15-1-2,Монтаж рукавних фільтрів,шт,труд_робітників,Т1,"Труд робітників, розряд 3.6",люд.-год,1.828,95.0,173.66,False
15-1-3,Монтаж скруберів,шт,матеріал,С188-1,Суміш штукатурна,кг,12,8,96,False
15-1-3,Монтаж скруберів,шт,матеріал,С181-2,Ґрунтовка,л,0.2,85,17.0,False
15-1-3,Монтаж скруберів,шт,матеріал,С189-1,Сітка штукатурна (за потреби),м2,0.3,25,7.5,False
15-1-3,Монтаж скруберів,шт,труд_робітників,Т1,"Труд робітників, розряд 3.6",люд.-год,1.861,95.0,176.79,False
15-1-4,Монтаж циклонів,шт,матеріал,С188-1,Суміш штукатурна,кг,12,8,96,False
15-1-4,Монтаж циклонів,шт,матеріал,С181-2,Ґрунтовка,л,0.2,85,17.0,False
15-1-4,Монтаж циклонів,шт,матеріал,С189-1,Сітка штукатурна (за потреби),м2,0.3,25,7.5,False
15-1-4,Монтаж циклонів,шт,труд_робітників,Т1,"Труд робітників, розряд 3.6",люд.-год,2.047,95.0,194.47,False
16-1-1,Монтаж доменного обладнання,шт / т,матеріал,С193-1,Труби (сталь/ППР/ПВХ/ПЕ),м,1.05,120,126.0,False
16-1-1,Монтаж доменного обладнання,шт / т,матеріал,С194-1,Фітинги та арматура,компл,1.0,350,350.0,False
16-1-1,Монтаж доменного обладнання,шт / т,матеріал,С195-1,Кріплення / ізоляція,компл,1.0,90,90.0,False
16-1-1,Монтаж доменного обладнання,шт / т,труд_робітників,Т1,"Труд робітників, розряд 3.8",люд.-год,2.309,95.0,219.36,False
16-1-2,Монтаж сталеплавильного обладнання,шт / т,матеріал,С193-1,Труби (сталь/ППР/ПВХ/ПЕ),м,1.05,120,126.0,False
16-1-2,Монтаж сталеплавильного обладнання,шт / т,матеріал,С194-1,Фітинги та арматура,компл,1.0,350,350.0,False
16-1-2,Монтаж сталеплавильного обладнання,шт / т,матеріал,С195-1,Кріплення / ізоляція,компл,1.0,90,90.0,False
16-1-2,Монтаж сталеплавильного обладнання,шт / т,труд_робітників,Т1,"Труд робітників, розряд 3.8",люд.-год,2.057,95.0,195.41,False
16-1-3,Монтаж розливних машин,шт / т,матеріал,С193-1,Труби (сталь/ППР/ПВХ/ПЕ),м,1.05,120,126.0,False
16-1-3,Монтаж розливних машин,шт / т,матеріал,С194-1,Фітинги та арматура,компл,1.0,350,350.0,False
16-1-3,Монтаж розливних машин,шт / т,матеріал,С195-1,Кріплення / ізоляція,компл,1.0,90,90.0,False
16-1-3,Монтаж розливних машин,шт / т,труд_робітників,Т1,"Труд робітників, розряд 3.8",люд.-год,2.465,95.0,234.17,False
16-1-4,Монтаж міксерів і ковшів,шт,матеріал,С193-1,Труби (сталь/ППР/ПВХ/ПЕ),м,1.05,120,126.0,False
16-1-4,Монтаж міксерів і ковшів,шт,матеріал,С194-1,Фітинги та арматура,компл,1.0,350,350.0,False
16-1-4,Монтаж міксерів і ковшів,шт,матеріал,С195-1,Кріплення / ізоляція,компл,1.0,90,90.0,False
16-1-4,Монтаж міксерів і ковшів,шт,труд_робітників,Т1,"Труд робітників, розряд 3.8",люд.-год,2.386,95.0,226.67,False
17-1-1,Монтаж печей кольорової металургії,шт / т,матеріал,С193-1,Труби (сталь/ППР/ПВХ/ПЕ),м,1.05,120,126.0,False
17-1-1,Монтаж печей кольорової металургії,шт / т,матеріал,С194-1,Фітинги та арматура,компл,1.0,350,350.0,False
17-1-1,Монтаж печей кольорової металургії,шт / т,матеріал,С195-1,Кріплення / ізоляція,компл,1.0,90,90.0,False
17-1-1,Монтаж печей кольорової металургії,шт / т,труд_робітників,Т1,"Труд робітників, розряд 3.8",люд.-год,2.041,95.0,193.89,False
17-1-2,Монтаж електролізерів,шт / т,матеріал,С193-1,Труби (сталь/ППР/ПВХ/ПЕ),м,1.05,120,126.0,False
17-1-2,Монтаж електролізерів,шт / т,матеріал,С194-1,Фітинги та арматура,компл,1.0,350,350.0,False
17-1-2,Монтаж електролізерів,шт / т,матеріал,С195-1,Кріплення / ізоляція,компл,1.0,90,90.0,False
17-1-2,Монтаж електролізерів,шт / т,труд_робітників,Т1,"Труд робітників, розряд 3.8",люд.-год,2.346,95.0,222.87,False
17-1-3,Монтаж ливарного обладнання,шт / т,матеріал,С193-1,Труби (сталь/ППР/ПВХ/ПЕ),м,1.05,120,126.0,False
17-1-3,Монтаж ливарного обладнання,шт / т,матеріал,С194-1,Фітинги та арматура,компл,1.0,350,350.0,False
17-1-3,Монтаж ливарного обладнання,шт / т,матеріал,С195-1,Кріплення / ізоляція,компл,1.0,90,90.0,False
17-1-3,Монтаж ливарного обладнання,шт / т,труд_робітників,Т1,"Труд робітників, розряд 3.8",люд.-год,2.249,95.0,213.66,False
17-1-4,Монтаж систем газоочистки цехів,компл,матеріал,С193-1,Труби (сталь/ППР/ПВХ/ПЕ),м,1.05,120,126.0,False
17-1-4,Монтаж систем газоочистки цехів,компл,матеріал,С194-1,Фітинги та арматура,компл,1.0,350,350.0,False
17-1-4,Монтаж систем газоочистки цехів,компл,матеріал,С195-1,Кріплення / ізоляція,компл,1.0,90,90.0,False
17-1-4,Монтаж систем газоочистки цехів,компл,труд_робітників,Т1,"Труд робітників, розряд 3.8",люд.-год,2.037,95.0,193.51,False
18-1-1,Монтаж реакторів і колон,шт / т,матеріал,С193-1,Труби (сталь/ППР/ПВХ/ПЕ),м,1.05,120,126.0,False
18-1-1,Монтаж реакторів і колон,шт / т,матеріал,С194-1,Фітинги та арматура,компл,1.0,350,350.0,False
18-1-1,Монтаж реакторів і колон,шт / т,матеріал,С195-1,Кріплення / ізоляція,компл,1.0,90,90.0,False
18-1-1,Монтаж реакторів і колон,шт / т,труд_робітників,Т1,"Труд робітників, розряд 3.8",люд.-год,2.309,95.0,219.36,False
18-1-2,Монтаж теплообмінників,шт / т,матеріал,С193-1,Труби (сталь/ППР/ПВХ/ПЕ),м,1.05,120,126.0,False
18-1-2,Монтаж теплообмінників,шт / т,матеріал,С194-1,Фітинги та арматура,компл,1.0,350,350.0,False
18-1-2,Монтаж теплообмінників,шт / т,матеріал,С195-1,Кріплення / ізоляція,компл,1.0,90,90.0,False
18-1-2,Монтаж теплообмінників,шт / т,труд_робітників,Т1,"Труд робітників, розряд 3.8",люд.-год,2.046,95.0,194.37,False
18-1-3,Монтаж ємнісного обладнання,шт / т,матеріал,С193-1,Труби (сталь/ППР/ПВХ/ПЕ),м,1.05,120,126.0,False
18-1-3,Монтаж ємнісного обладнання,шт / т,матеріал,С194-1,Фітинги та арматура,компл,1.0,350,350.0,False
18-1-3,Монтаж ємнісного обладнання,шт / т,матеріал,С195-1,Кріплення / ізоляція,компл,1.0,90,90.0,False
18-1-3,Монтаж ємнісного обладнання,шт / т,труд_робітників,Т1,"Труд робітників, розряд 3.8",люд.-год,2.349,95.0,223.16,False
18-1-4,Монтаж насосів і компресорів хімічних,шт / т,матеріал,С190-1,Прилад санітарний / опалювальний,шт,1.0,3500,3500.0,False
18-1-4,Монтаж насосів і компресорів хімічних,шт / т,матеріал,С191-1,Підводка / кріплення / арматура,компл,1.0,650,650.0,False
18-1-4,Монтаж насосів і компресорів хімічних,шт / т,матеріал,С192-1,Герметик / ущільнювачі,компл,1.0,80,80.0,False
18-1-4,Монтаж насосів і компресорів хімічних,шт / т,труд_робітників,Т1,"Труд робітників, розряд 4.0",люд.-год,4.464,95.0,424.08,False
19-1-1,Монтаж комбайнів прохідницьких,шт,матеріал,С193-1,Труби (сталь/ППР/ПВХ/ПЕ),м,1.05,120,126.0,False
19-1-1,Монтаж комбайнів прохідницьких,шт,матеріал,С194-1,Фітинги та арматура,компл,1.0,350,350.0,False
19-1-1,Монтаж комбайнів прохідницьких,шт,матеріал,С195-1,Кріплення / ізоляція,компл,1.0,90,90.0,False
19-1-1,Монтаж комбайнів прохідницьких,шт,труд_робітників,Т1,"Труд робітників, розряд 3.8",люд.-год,2.149,95.0,204.16,False
19-1-2,Монтаж конвеєрів шахтних,шт,матеріал,С193-1,Труби (сталь/ППР/ПВХ/ПЕ),м,1.05,120,126.0,False
19-1-2,Монтаж конвеєрів шахтних,шт,матеріал,С194-1,Фітинги та арматура,компл,1.0,350,350.0,False
19-1-2,Монтаж конвеєрів шахтних,шт,матеріал,С195-1,Кріплення / ізоляція,компл,1.0,90,90.0,False
19-1-2,Монтаж конвеєрів шахтних,шт,труд_робітників,Т1,"Труд робітників, розряд 3.8",люд.-год,2.371,95.0,225.25,False
19-1-3,Монтаж підйомних машин,шт,матеріал,С193-1,Труби (сталь/ППР/ПВХ/ПЕ),м,1.05,120,126.0,False
19-1-3,Монтаж підйомних машин,шт,матеріал,С194-1,Фітинги та арматура,компл,1.0,350,350.0,False
19-1-3,Монтаж підйомних машин,шт,матеріал,С195-1,Кріплення / ізоляція,компл,1.0,90,90.0,False
19-1-3,Монтаж підйомних машин,шт,труд_робітників,Т1,"Труд робітників, розряд 3.8",люд.-год,2.092,95.0,198.74,False
19-1-4,Монтаж вентиляторів головного провітрювання,шт,матеріал,С190-1,Прилад санітарний / опалювальний,шт,1.0,3500,3500.0,False
19-1-4,Монтаж вентиляторів головного провітрювання,шт,матеріал,С191-1,Підводка / кріплення / арматура,компл,1.0,650,650.0,False
19-1-4,Монтаж вентиляторів головного провітрювання,шт,матеріал,С192-1,Герметик / ущільнювачі,компл,1.0,80,80.0,False
19-1-4,Монтаж вентиляторів головного провітрювання,шт,труд_робітників,Т1,"Труд робітників, розряд 4.0",люд.-год,3.832,95.0,364.04,False
20-1-1,Монтаж світлофорів,компл / шт,матеріал,С202-m,Повітроводи оцинковані,м2,1.05,280,294.0,False
20-1-1,Монтаж світлофорів,компл / шт,матеріал,С203-m,"Фланці, ущільнення, кріплення",компл,1.0,120,120.0,False
20-1-1,Монтаж світлофорів,компл / шт,труд_робітників,Т1,"Труд робітників, розряд 3.9",люд.-год,3.141,95.0,298.39,False
20-1-2,Монтаж стрілочних електроприводів,компл / шт,матеріал,С202-m,Повітроводи оцинковані,м2,1.05,280,294.0,False
20-1-2,Монтаж стрілочних електроприводів,компл / шт,матеріал,С203-m,"Фланці, ущільнення, кріплення",компл,1.0,120,120.0,False
20-1-2,Монтаж стрілочних електроприводів,компл / шт,труд_робітників,Т1,"Труд робітників, розряд 3.9",люд.-год,3.558,95.0,338.01,False
20-1-3,Монтаж релейних шаф,компл / шт,матеріал,С202-m,Повітроводи оцинковані,м2,1.05,280,294.0,False
20-1-3,Монтаж релейних шаф,компл / шт,матеріал,С203-m,"Фланці, ущільнення, кріплення",компл,1.0,120,120.0,False
20-1-3,Монтаж релейних шаф,компл / шт,труд_робітників,Т1,"Труд робітників, розряд 3.9",люд.-год,3.318,95.0,315.21,False
20-1-4,Монтаж кабельних мереж СЦБ,компл / шт,матеріал,С202-m,Повітроводи оцинковані,м2,1.05,280,294.0,False
20-1-4,Монтаж кабельних мереж СЦБ,компл / шт,матеріал,С203-m,"Фланці, ущільнення, кріплення",компл,1.0,120,120.0,False
20-1-4,Монтаж кабельних мереж СЦБ,компл / шт,труд_робітників,Т1,"Труд робітників, розряд 3.9",люд.-год,3.569,95.0,339.06,False
21-1-1,Монтаж ескалаторів,компл,матеріал,С214-m,Кабель / провід силовий,м,1.05,55,57.75,False
21-1-1,Монтаж ескалаторів,компл,матеріал,С215-m,Труба/короб/гофра,м,1.05,18,18.9,False
21-1-1,Монтаж ескалаторів,компл,матеріал,С216-m,Кріплення,компл,1.0,25,25.0,False
21-1-1,Монтаж ескалаторів,компл,труд_робітників,Т1,"Труд робітників, розряд 3.7",люд.-год,1.878,95.0,178.41,False
21-1-2,Монтаж вентиляційного обладнання станцій,компл,матеріал,С202-m,Повітроводи оцинковані,м2,1.05,280,294.0,False
21-1-2,Монтаж вентиляційного обладнання станцій,компл,матеріал,С203-m,"Фланці, ущільнення, кріплення",компл,1.0,120,120.0,False
21-1-2,Монтаж вентиляційного обладнання станцій,компл,труд_робітників,Т1,"Труд робітників, розряд 3.9",люд.-год,3.558,95.0,338.01,False
21-1-3,Монтаж водопостачання і водовідливу тунелів,компл,матеріал,С214-m,Кабель / провід силовий,м,1.05,55,57.75,False
21-1-3,Монтаж водопостачання і водовідливу тунелів,компл,матеріал,С215-m,Труба/короб/гофра,м,1.05,18,18.9,False
21-1-3,Монтаж водопостачання і водовідливу тунелів,компл,матеріал,С216-m,Кріплення,компл,1.0,25,25.0,False
21-1-3,Монтаж водопостачання і водовідливу тунелів,компл,труд_робітників,Т1,"Труд робітників, розряд 3.7",люд.-год,1.777,95.0,168.81,False
21-1-4,Монтаж обладнання тягових підстанцій,компл,матеріал,С214-m,Кабель / провід силовий,м,1.05,55,57.75,False
21-1-4,Монтаж обладнання тягових підстанцій,компл,матеріал,С215-m,Труба/короб/гофра,м,1.05,18,18.9,False
21-1-4,Монтаж обладнання тягових підстанцій,компл,матеріал,С216-m,Кріплення,компл,1.0,25,25.0,False
21-1-4,Монтаж обладнання тягових підстанцій,компл,труд_робітників,Т1,"Труд робітників, розряд 3.7",люд.-год,1.787,95.0,169.76,False
22-1-1,Монтаж гідротурбін,шт / т,матеріал,С193-1,Труби (сталь/ППР/ПВХ/ПЕ),м,1.05,120,126.0,False
22-1-1,Монтаж гідротурбін,шт / т,матеріал,С194-1,Фітинги та арматура,компл,1.0,350,350.0,False
22-1-1,Монтаж гідротурбін,шт / т,матеріал,С195-1,Кріплення / ізоляція,компл,1.0,90,90.0,False
22-1-1,Монтаж гідротурбін,шт / т,труд_робітників,Т1,"Труд робітників, розряд 3.8",люд.-год,2.011,95.0,191.05,False
22-1-2,Монтаж гідрогенераторів,шт / т,матеріал,С193-1,Труби (сталь/ППР/ПВХ/ПЕ),м,1.05,120,126.0,False
22-1-2,Монтаж гідрогенераторів,шт / т,матеріал,С194-1,Фітинги та арматура,компл,1.0,350,350.0,False
22-1-2,Монтаж гідрогенераторів,шт / т,матеріал,С195-1,Кріплення / ізоляція,компл,1.0,90,90.0,False
22-1-2,Монтаж гідрогенераторів,шт / т,труд_робітників,Т1,"Труд робітників, розряд 3.8",люд.-год,2.012,95.0,191.14,False
22-1-3,Монтаж затворного обладнання,шт / т,матеріал,С193-1,Труби (сталь/ППР/ПВХ/ПЕ),м,1.05,120,126.0,False
22-1-3,Монтаж затворного обладнання,шт / т,матеріал,С194-1,Фітинги та арматура,компл,1.0,350,350.0,False
22-1-3,Монтаж затворного обладнання,шт / т,матеріал,С195-1,Кріплення / ізоляція,компл,1.0,90,90.0,False
22-1-3,Монтаж затворного обладнання,шт / т,труд_робітників,Т1,"Труд робітників, розряд 3.8",люд.-год,2.461,95.0,233.79,False
22-1-4,Монтаж систем регулювання турбін,компл,матеріал,С190-1,Прилад санітарний / опалювальний,шт,1.0,3500,3500.0,False
22-1-4,Монтаж систем регулювання турбін,компл,матеріал,С191-1,Підводка / кріплення / арматура,компл,1.0,650,650.0,False
22-1-4,Монтаж систем регулювання турбін,компл,матеріал,С192-1,Герметик / ущільнювачі,компл,1.0,80,80.0,False
22-1-4,Монтаж систем регулювання турбін,компл,труд_робітників,Т1,"Труд робітників, розряд 4.0",люд.-год,4.261,95.0,404.8,False
23-1-1,Монтаж технологічних ліній виробництва кабелів,шт,матеріал,С193-1,Труби (сталь/ППР/ПВХ/ПЕ),м,1.05,120,126.0,False
23-1-1,Монтаж технологічних ліній виробництва кабелів,шт,матеріал,С194-1,Фітинги та арматура,компл,1.0,350,350.0,False
23-1-1,Монтаж технологічних ліній виробництва кабелів,шт,матеріал,С195-1,Кріплення / ізоляція,компл,1.0,90,90.0,False
23-1-1,Монтаж технологічних ліній виробництва кабелів,шт,труд_робітників,Т1,"Труд робітників, розряд 3.8",люд.-год,2.402,95.0,228.19,False
23-1-2,Монтаж устаткування виробництва електроапаратів,шт,матеріал,С190-1,Прилад санітарний / опалювальний,шт,1.0,3500,3500.0,False
23-1-2,Монтаж устаткування виробництва електроапаратів,шт,матеріал,С191-1,Підводка / кріплення / арматура,компл,1.0,650,650.0,False
23-1-2,Монтаж устаткування виробництва електроапаратів,шт,матеріал,С192-1,Герметик / ущільнювачі,компл,1.0,80,80.0,False
23-1-2,Монтаж устаткування виробництва електроапаратів,шт,труд_робітників,Т1,"Труд робітників, розряд 4.0",люд.-год,4.027,95.0,382.56,False
23-1-3,Монтаж випробувальних стендів,шт,матеріал,С193-1,Труби (сталь/ППР/ПВХ/ПЕ),м,1.05,120,126.0,False
23-1-3,Монтаж випробувальних стендів,шт,матеріал,С194-1,Фітинги та арматура,компл,1.0,350,350.0,False
23-1-3,Монтаж випробувальних стендів,шт,матеріал,С195-1,Кріплення / ізоляція,компл,1.0,90,90.0,False
23-1-3,Монтаж випробувальних стендів,шт,труд_робітників,Т1,"Труд робітників, розряд 3.8",люд.-год,2.232,95.0,212.04,False
23-1-4,Монтаж намотувального обладнання,шт,матеріал,С193-1,Труби (сталь/ППР/ПВХ/ПЕ),м,1.05,120,126.0,False
23-1-4,Монтаж намотувального обладнання,шт,матеріал,С194-1,Фітинги та арматура,компл,1.0,350,350.0,False
23-1-4,Монтаж намотувального обладнання,шт,матеріал,С195-1,Кріплення / ізоляція,компл,1.0,90,90.0,False
23-1-4,Монтаж намотувального обладнання,шт,труд_робітників,Т1,"Труд робітників, розряд 3.8",люд.-год,2.117,95.0,201.12,False
24-1-1,Монтаж бетонозмішувачів,шт,матеріал,С190-1,Прилад санітарний / опалювальний,шт,1.0,3500,3500.0,False
24-1-1,Монтаж бетонозмішувачів,шт,матеріал,С191-1,Підводка / кріплення / арматура,компл,1.0,650,650.0,False
24-1-1,Монтаж бетонозмішувачів,шт,матеріал,С192-1,Герметик / ущільнювачі,компл,1.0,80,80.0,False
24-1-1,Монтаж бетонозмішувачів,шт,труд_робітників,Т1,"Труд робітників, розряд 4.0",люд.-год,4.03,95.0,382.85,False
24-1-2,Монтаж формувальних машин,шт,матеріал,С193-1,Труби (сталь/ППР/ПВХ/ПЕ),м,1.05,120,126.0,False
24-1-2,Монтаж формувальних машин,шт,матеріал,С194-1,Фітинги та арматура,компл,1.0,350,350.0,False
24-1-2,Монтаж формувальних машин,шт,матеріал,С195-1,Кріплення / ізоляція,компл,1.0,90,90.0,False
24-1-2,Монтаж формувальних машин,шт,труд_робітників,Т1,"Труд робітників, розряд 3.8",люд.-год,2.068,95.0,196.46,False
24-1-3,Монтаж ліній виробництва ЗБВ,шт,матеріал,С193-1,Труби (сталь/ППР/ПВХ/ПЕ),м,1.05,120,126.0,False
24-1-3,Монтаж ліній виробництва ЗБВ,шт,матеріал,С194-1,Фітинги та арматура,компл,1.0,350,350.0,False
24-1-3,Монтаж ліній виробництва ЗБВ,шт,матеріал,С195-1,Кріплення / ізоляція,компл,1.0,90,90.0,False
24-1-3,Монтаж ліній виробництва ЗБВ,шт,труд_робітників,Т1,"Труд робітників, розряд 3.8",люд.-год,2.244,95.0,213.18,False
24-1-4,Монтаж дробильно-сортувальних комплексів,шт,матеріал,С193-1,Труби (сталь/ППР/ПВХ/ПЕ),м,1.05,120,126.0,False
24-1-4,Монтаж дробильно-сортувальних комплексів,шт,матеріал,С194-1,Фітинги та арматура,компл,1.0,350,350.0,False
24-1-4,Монтаж дробильно-сортувальних комплексів,шт,матеріал,С195-1,Кріплення / ізоляція,компл,1.0,90,90.0,False
24-1-4,Монтаж дробильно-сортувальних комплексів,шт,труд_робітників,Т1,"Труд робітників, розряд 3.8",люд.-год,2.114,95.0,200.83,False
25-1-1,Монтаж папероробних машин,шт / т,машина,С230-m,Кран / такелаж,маш.-год,1.5,1600,2400.0,False
25-1-1,Монтаж папероробних машин,шт / т,машина,С213-1,Зварювальне / електромонтажне обладнання,маш.-год,2.0,80,160.0,False
25-1-1,Монтаж папероробних машин,шт / т,матеріал,С240-1,"Матеріали монтажні (анкери, прокладки, метизи)",компл,1.0,1200,1200.0,False
25-1-1,Монтаж папероробних машин,шт / т,матеріал,С241-1,Електроди / кабель обв'язки,компл,1.0,800,800.0,False
25-1-1,Монтаж папероробних машин,шт / т,труд_робітників,Т1,"Труд робітників, розряд 4.3",люд.-год,11.13,95.0,1057.35,False
25-1-1,Монтаж папероробних машин,шт / т,труд_машиністів,Т2,Труд машиністів,люд.-год,1.5,110.0,165.0,False
25-1-2,Монтаж варильних котлів,шт / т,машина,С230-m,Кран / такелаж,маш.-год,1.5,1600,2400.0,False
25-1-2,Монтаж варильних котлів,шт / т,машина,С213-1,Зварювальне / електромонтажне обладнання,маш.-год,2.0,80,160.0,False
25-1-2,Монтаж варильних котлів,шт / т,матеріал,С240-1,"Матеріали монтажні (анкери, прокладки, метизи)",компл,1.0,1200,1200.0,False
25-1-2,Монтаж варильних котлів,шт / т,матеріал,С241-1,Електроди / кабель обв'язки,компл,1.0,800,800.0,False
25-1-2,Монтаж варильних котлів,шт / т,труд_робітників,Т1,"Труд робітників, розряд 4.3",люд.-год,13.613,95.0,1293.23,False
25-1-2,Монтаж варильних котлів,шт / т,труд_машиністів,Т2,Труд машиністів,люд.-год,1.5,110.0,165.0,False
25-1-3,Монтаж розмелювального обладнання,шт / т,машина,С230-m,Кран / такелаж,маш.-год,1.5,1600,2400.0,False
25-1-3,Монтаж розмелювального обладнання,шт / т,машина,С213-1,Зварювальне / електромонтажне обладнання,маш.-год,2.0,80,160.0,False
25-1-3,Монтаж розмелювального обладнання,шт / т,матеріал,С240-1,"Матеріали монтажні (анкери, прокладки, метизи)",компл,1.0,1200,1200.0,False
25-1-3,Монтаж розмелювального обладнання,шт / т,матеріал,С241-1,Електроди / кабель обв'язки,компл,1.0,800,800.0,False
25-1-3,Монтаж розмелювального обладнання,шт / т,труд_робітників,Т1,"Труд робітників, розряд 4.3",люд.-год,13.812,95.0,1312.14,False
25-1-3,Монтаж розмелювального обладнання,шт / т,труд_машиністів,Т2,Труд машиністів,люд.-год,1.5,110.0,165.0,False
25-1-4,Монтаж сушильних циліндрів,шт,машина,С230-m,Кран / такелаж,маш.-год,1.5,1600,2400.0,False
25-1-4,Монтаж сушильних циліндрів,шт,машина,С213-1,Зварювальне / електромонтажне обладнання,маш.-год,2.0,80,160.0,False
25-1-4,Монтаж сушильних циліндрів,шт,матеріал,С240-1,"Матеріали монтажні (анкери, прокладки, метизи)",компл,1.0,1200,1200.0,False
25-1-4,Монтаж сушильних циліндрів,шт,матеріал,С241-1,Електроди / кабель обв'язки,компл,1.0,800,800.0,False
25-1-4,Монтаж сушильних циліндрів,шт,труд_робітників,Т1,"Труд робітників, розряд 4.3",люд.-год,13.405,95.0,1273.47,False
25-1-4,Монтаж сушильних циліндрів,шт,труд_машиністів,Т2,Труд машиністів,люд.-год,1.5,110.0,165.0,False
26-1-1,Монтаж прядильних машин,шт,матеріал,С220-1,Утеплювач плитний,м2,1.05,220,231.0,False
26-1-1,Монтаж прядильних машин,шт,матеріал,С221-1,Клей / дюбелі / сітка / декоративний шар,компл,1.0,180,180.0,False
26-1-1,Монтаж прядильних машин,шт,труд_робітників,Т1,"Труд робітників, розряд 3.5",люд.-год,1.451,95.0,137.84,False
26-1-2,Монтаж ткацьких верстатів,шт,матеріал,С220-1,Утеплювач плитний,м2,1.05,220,231.0,False
26-1-2,Монтаж ткацьких верстатів,шт,матеріал,С221-1,Клей / дюбелі / сітка / декоративний шар,компл,1.0,180,180.0,False
26-1-2,Монтаж ткацьких верстатів,шт,труд_робітників,Т1,"Труд робітників, розряд 3.5",люд.-год,1.307,95.0,124.16,False
26-1-3,Монтаж опоряджувального обладнання,шт,матеріал,С220-1,Утеплювач плитний,м2,1.05,220,231.0,False
26-1-3,Монтаж опоряджувального обладнання,шт,матеріал,С221-1,Клей / дюбелі / сітка / декоративний шар,компл,1.0,180,180.0,False
26-1-3,Монтаж опоряджувального обладнання,шт,труд_робітників,Т1,"Труд робітників, розряд 3.5",люд.-год,1.433,95.0,136.13,False
26-1-4,Монтаж фарбувального обладнання,шт,матеріал,С181-1,Ґрунтовка,л,0.15,85,12.75,False
26-1-4,Монтаж фарбувального обладнання,шт,матеріал,С182-1,Шпаклівка,кг,1.2,22,26.4,False
26-1-4,Монтаж фарбувального обладнання,шт,матеріал,С183-1,Фарба водоемульсійна,л,0.25,140,35.0,False
26-1-4,Монтаж фарбувального обладнання,шт,труд_робітників,Т1,"Труд робітників, розряд 3.4",люд.-год,1.073,95.0,101.94,False
27-1-1,Монтаж друкарських машин,шт,машина,С220-m,Коток / віброплита,маш.-год,0.4,500,200.0,False
27-1-1,Монтаж друкарських машин,шт,машина,С221-m,Автосамоскид,маш.-год,0.3,700,210.0,False
27-1-1,Монтаж друкарських машин,шт,матеріал,С233-1,Щебінь / відсів / асфальтобетон / плитка,м3,0.2,1800,360.0,False
27-1-1,Монтаж друкарських машин,шт,труд_робітників,Т1,"Труд робітників, розряд 3.2",люд.-год,0.83,95.0,78.85,False
27-1-1,Монтаж друкарських машин,шт,труд_машиністів,Т2,Труд машиністів,люд.-год,0.4,110.0,44.0,False
27-1-2,Монтаж різального обладнання,шт,машина,С220-m,Коток / віброплита,маш.-год,0.4,500,200.0,False
27-1-2,Монтаж різального обладнання,шт,машина,С221-m,Автосамоскид,маш.-год,0.3,700,210.0,False
27-1-2,Монтаж різального обладнання,шт,матеріал,С233-1,Щебінь / відсів / асфальтобетон / плитка,м3,0.2,1800,360.0,False
27-1-2,Монтаж різального обладнання,шт,труд_робітників,Т1,"Труд робітників, розряд 3.2",люд.-год,0.811,95.0,77.05,False
27-1-2,Монтаж різального обладнання,шт,труд_машиністів,Т2,Труд машиністів,люд.-год,0.4,110.0,44.0,False
27-1-3,Монтаж палітурного обладнання,шт,машина,С220-m,Коток / віброплита,маш.-год,0.4,500,200.0,False
27-1-3,Монтаж палітурного обладнання,шт,машина,С221-m,Автосамоскид,маш.-год,0.3,700,210.0,False
27-1-3,Монтаж палітурного обладнання,шт,матеріал,С233-1,Щебінь / відсів / асфальтобетон / плитка,м3,0.2,1800,360.0,False
27-1-3,Монтаж палітурного обладнання,шт,труд_робітників,Т1,"Труд робітників, розряд 3.2",люд.-год,0.918,95.0,87.21,False
27-1-3,Монтаж палітурного обладнання,шт,труд_машиністів,Т2,Труд машиністів,люд.-год,0.4,110.0,44.0,False
27-1-4,Монтаж фальцювальних машин,шт,машина,С220-m,Коток / віброплита,маш.-год,0.4,500,200.0,False
27-1-4,Монтаж фальцювальних машин,шт,машина,С221-m,Автосамоскид,маш.-год,0.3,700,210.0,False
27-1-4,Монтаж фальцювальних машин,шт,матеріал,С233-1,Щебінь / відсів / асфальтобетон / плитка,м3,0.2,1800,360.0,False
27-1-4,Монтаж фальцювальних машин,шт,труд_робітників,Т1,"Труд робітників, розряд 3.2",люд.-год,0.966,95.0,91.77,False
27-1-4,Монтаж фальцювальних машин,шт,труд_машиністів,Т2,Труд машиністів,люд.-год,0.4,110.0,44.0,False
28-1-1,Монтаж технологічних ліній переробки,шт,машина,С230-m,Кран / такелаж,маш.-год,1.5,1600,2400.0,False
28-1-1,Монтаж технологічних ліній переробки,шт,машина,С213-1,Зварювальне / електромонтажне обладнання,маш.-год,2.0,80,160.0,False
28-1-1,Монтаж технологічних ліній переробки,шт,матеріал,С240-1,"Матеріали монтажні (анкери, прокладки, метизи)",компл,1.0,1200,1200.0,False
28-1-1,Монтаж технологічних ліній переробки,шт,матеріал,С241-1,Електроди / кабель обв'язки,компл,1.0,800,800.0,False
28-1-1,Монтаж технологічних ліній переробки,шт,труд_робітників,Т1,"Труд робітників, розряд 4.3",люд.-год,11.606,95.0,1102.57,False
28-1-1,Монтаж технологічних ліній переробки,шт,труд_машиністів,Т2,Труд машиністів,люд.-год,1.5,110.0,165.0,False
28-1-2,Монтаж холодильного обладнання харчового,шт,машина,С230-m,Кран / такелаж,маш.-год,1.5,1600,2400.0,False
28-1-2,Монтаж холодильного обладнання харчового,шт,машина,С213-1,Зварювальне / електромонтажне обладнання,маш.-год,2.0,80,160.0,False
28-1-2,Монтаж холодильного обладнання харчового,шт,матеріал,С240-1,"Матеріали монтажні (анкери, прокладки, метизи)",компл,1.0,1200,1200.0,False
28-1-2,Монтаж холодильного обладнання харчового,шт,матеріал,С241-1,Електроди / кабель обв'язки,компл,1.0,800,800.0,False
28-1-2,Монтаж холодильного обладнання харчового,шт,труд_робітників,Т1,"Труд робітників, розряд 4.3",люд.-год,13.323,95.0,1265.68,False
28-1-2,Монтаж холодильного обладнання харчового,шт,труд_машиністів,Т2,Труд машиністів,люд.-год,1.5,110.0,165.0,False
28-1-3,Монтаж фасувального обладнання,шт,машина,С230-m,Кран / такелаж,маш.-год,1.5,1600,2400.0,False
28-1-3,Монтаж фасувального обладнання,шт,машина,С213-1,Зварювальне / електромонтажне обладнання,маш.-год,2.0,80,160.0,False
28-1-3,Монтаж фасувального обладнання,шт,матеріал,С240-1,"Матеріали монтажні (анкери, прокладки, метизи)",компл,1.0,1200,1200.0,False
28-1-3,Монтаж фасувального обладнання,шт,матеріал,С241-1,Електроди / кабель обв'язки,компл,1.0,800,800.0,False
28-1-3,Монтаж фасувального обладнання,шт,труд_робітників,Т1,"Труд робітників, розряд 4.3",люд.-год,11.954,95.0,1135.63,False
28-1-3,Монтаж фасувального обладнання,шт,труд_машиністів,Т2,Труд машиністів,люд.-год,1.5,110.0,165.0,False
28-1-4,Монтаж пекарського обладнання,шт,машина,С230-m,Кран / такелаж,маш.-год,1.5,1600,2400.0,False
28-1-4,Монтаж пекарського обладнання,шт,машина,С213-1,Зварювальне / електромонтажне обладнання,маш.-год,2.0,80,160.0,False
28-1-4,Монтаж пекарського обладнання,шт,матеріал,С240-1,"Матеріали монтажні (анкери, прокладки, метизи)",компл,1.0,1200,1200.0,False
28-1-4,Монтаж пекарського обладнання,шт,матеріал,С241-1,Електроди / кабель обв'язки,компл,1.0,800,800.0,False
28-1-4,Монтаж пекарського обладнання,шт,труд_робітників,Т1,"Труд робітників, розряд 4.3",люд.-год,11.36,95.0,1079.2,False
28-1-4,Монтаж пекарського обладнання,шт,труд_машиністів,Т2,Труд машиністів,люд.-год,1.5,110.0,165.0,False
29-1-1,Монтаж сценічних механізмів,компл / шт,машина,С230-m,Кран / такелаж,маш.-год,1.5,1600,2400.0,False
29-1-1,Монтаж сценічних механізмів,компл / шт,машина,С213-1,Зварювальне / електромонтажне обладнання,маш.-год,2.0,80,160.0,False
29-1-1,Монтаж сценічних механізмів,компл / шт,матеріал,С240-1,"Матеріали монтажні (анкери, прокладки, метизи)",компл,1.0,1200,1200.0,False
29-1-1,Монтаж сценічних механізмів,компл / шт,матеріал,С241-1,Електроди / кабель обв'язки,компл,1.0,800,800.0,False
29-1-1,Монтаж сценічних механізмів,компл / шт,труд_робітників,Т1,"Труд робітників, розряд 4.3",люд.-год,14.024,95.0,1332.28,False
29-1-1,Монтаж сценічних механізмів,компл / шт,труд_машиністів,Т2,Труд машиністів,люд.-год,1.5,110.0,165.0,False
29-1-2,Монтаж освітлювального обладнання сцени,компл / шт,машина,С230-m,Кран / такелаж,маш.-год,1.5,1600,2400.0,False
29-1-2,Монтаж освітлювального обладнання сцени,компл / шт,машина,С213-1,Зварювальне / електромонтажне обладнання,маш.-год,2.0,80,160.0,False
29-1-2,Монтаж освітлювального обладнання сцени,компл / шт,матеріал,С240-1,"Матеріали монтажні (анкери, прокладки, метизи)",компл,1.0,1200,1200.0,False
29-1-2,Монтаж освітлювального обладнання сцени,компл / шт,матеріал,С241-1,Електроди / кабель обв'язки,компл,1.0,800,800.0,False
29-1-2,Монтаж освітлювального обладнання сцени,компл / шт,труд_робітників,Т1,"Труд робітників, розряд 4.3",люд.-год,12.832,95.0,1219.04,False
29-1-2,Монтаж освітлювального обладнання сцени,компл / шт,труд_машиністів,Т2,Труд машиністів,люд.-год,1.5,110.0,165.0,False
29-1-3,Монтаж звукового обладнання,компл / шт,машина,С230-m,Кран / такелаж,маш.-год,1.5,1600,2400.0,False
29-1-3,Монтаж звукового обладнання,компл / шт,машина,С213-1,Зварювальне / електромонтажне обладнання,маш.-год,2.0,80,160.0,False
29-1-3,Монтаж звукового обладнання,компл / шт,матеріал,С240-1,"Матеріали монтажні (анкери, прокладки, метизи)",компл,1.0,1200,1200.0,False
29-1-3,Монтаж звукового обладнання,компл / шт,матеріал,С241-1,Електроди / кабель обв'язки,компл,1.0,800,800.0,False
29-1-3,Монтаж звукового обладнання,компл / шт,труд_робітників,Т1,"Труд робітників, розряд 4.3",люд.-год,13.777,95.0,1308.81,False
29-1-3,Монтаж звукового обладнання,компл / шт,труд_машиністів,Т2,Труд машиністів,люд.-год,1.5,110.0,165.0,False
29-1-4,Монтаж протипожежної завіси,шт,машина,С230-m,Кран / такелаж,маш.-год,1.5,1600,2400.0,False
29-1-4,Монтаж протипожежної завіси,шт,машина,С213-1,Зварювальне / електромонтажне обладнання,маш.-год,2.0,80,160.0,False
29-1-4,Монтаж протипожежної завіси,шт,матеріал,С240-1,"Матеріали монтажні (анкери, прокладки, метизи)",компл,1.0,1200,1200.0,False
29-1-4,Монтаж протипожежної завіси,шт,матеріал,С241-1,Електроди / кабель обв'язки,компл,1.0,800,800.0,False
29-1-4,Монтаж протипожежної завіси,шт,труд_робітників,Т1,"Труд робітників, розряд 4.3",люд.-год,13.114,95.0,1245.83,False
29-1-4,Монтаж протипожежної завіси,шт,труд_машиністів,Т2,Труд машиністів,люд.-год,1.5,110.0,165.0,False
30-1-1,Монтаж норій і транспортерів зерна,шт / т,машина,С230-m,Кран / такелаж,маш.-год,1.5,1600,2400.0,False
30-1-1,Монтаж норій і транспортерів зерна,шт / т,машина,С213-1,Зварювальне / електромонтажне обладнання,маш.-год,2.0,80,160.0,False
30-1-1,Монтаж норій і транспортерів зерна,шт / т,матеріал,С240-1,"Матеріали монтажні (анкери, прокладки, метизи)",компл,1.0,1200,1200.0,False
30-1-1,Монтаж норій і транспортерів зерна,шт / т,матеріал,С241-1,Електроди / кабель обв'язки,компл,1.0,800,800.0,False
30-1-1,Монтаж норій і транспортерів зерна,шт / т,труд_робітників,Т1,"Труд робітників, розряд 4.3",люд.-год,12.227,95.0,1161.57,False
30-1-1,Монтаж норій і транспортерів зерна,шт / т,труд_машиністів,Т2,Труд машиністів,люд.-год,1.5,110.0,165.0,False
30-1-2,Монтаж зерноочисних машин,шт / т,машина,С230-m,Кран / такелаж,маш.-год,1.5,1600,2400.0,False
30-1-2,Монтаж зерноочисних машин,шт / т,машина,С213-1,Зварювальне / електромонтажне обладнання,маш.-год,2.0,80,160.0,False
30-1-2,Монтаж зерноочисних машин,шт / т,матеріал,С240-1,"Матеріали монтажні (анкери, прокладки, метизи)",компл,1.0,1200,1200.0,False
30-1-2,Монтаж зерноочисних машин,шт / т,матеріал,С241-1,Електроди / кабель обв'язки,компл,1.0,800,800.0,False
30-1-2,Монтаж зерноочисних машин,шт / т,труд_робітників,Т1,"Труд робітників, розряд 4.3",люд.-год,11.938,95.0,1134.11,False
30-1-2,Монтаж зерноочисних машин,шт / т,труд_машиністів,Т2,Труд машиністів,люд.-год,1.5,110.0,165.0,False
30-1-3,Монтаж сушарок зерна,шт / т,машина,С230-m,Кран / такелаж,маш.-год,1.5,1600,2400.0,False
30-1-3,Монтаж сушарок зерна,шт / т,машина,С213-1,Зварювальне / електромонтажне обладнання,маш.-год,2.0,80,160.0,False
30-1-3,Монтаж сушарок зерна,шт / т,матеріал,С240-1,"Матеріали монтажні (анкери, прокладки, метизи)",компл,1.0,1200,1200.0,False
30-1-3,Монтаж сушарок зерна,шт / т,матеріал,С241-1,Електроди / кабель обв'язки,компл,1.0,800,800.0,False
30-1-3,Монтаж сушарок зерна,шт / т,труд_робітників,Т1,"Труд робітників, розряд 4.3",люд.-год,13.801,95.0,1311.1,False
30-1-3,Монтаж сушарок зерна,шт / т,труд_машиністів,Т2,Труд машиністів,люд.-год,1.5,110.0,165.0,False
30-1-4,Монтаж силосної арматури,шт / т,машина,С230-m,Кран / такелаж,маш.-год,1.5,1600,2400.0,False
30-1-4,Монтаж силосної арматури,шт / т,машина,С213-1,Зварювальне / електромонтажне обладнання,маш.-год,2.0,80,160.0,False
30-1-4,Монтаж силосної арматури,шт / т,матеріал,С240-1,"Матеріали монтажні (анкери, прокладки, метизи)",компл,1.0,1200,1200.0,False
30-1-4,Монтаж силосної арматури,шт / т,матеріал,С241-1,Електроди / кабель обв'язки,компл,1.0,800,800.0,False
30-1-4,Монтаж силосної арматури,шт / т,труд_робітників,Т1,"Труд робітників, розряд 4.3",люд.-год,14.903,95.0,1415.79,False
30-1-4,Монтаж силосної арматури,шт / т,труд_машиністів,Т2,Труд машиністів,люд.-год,1.5,110.0,165.0,False
31-1-1,Монтаж кінопроекторів,компл / шт,машина,С230-m,Кран / такелаж,маш.-год,1.5,1600,2400.0,False
31-1-1,Монтаж кінопроекторів,компл / шт,машина,С213-1,Зварювальне / електромонтажне обладнання,маш.-год,2.0,80,160.0,False
31-1-1,Монтаж кінопроекторів,компл / шт,матеріал,С240-1,"Матеріали монтажні (анкери, прокладки, метизи)",компл,1.0,1200,1200.0,False
31-1-1,Монтаж кінопроекторів,компл / шт,матеріал,С241-1,Електроди / кабель обв'язки,компл,1.0,800,800.0,False
31-1-1,Монтаж кінопроекторів,компл / шт,труд_робітників,Т1,"Труд робітників, розряд 4.3",люд.-год,14.309,95.0,1359.36,False
31-1-1,Монтаж кінопроекторів,компл / шт,труд_машиністів,Т2,Труд машиністів,люд.-год,1.5,110.0,165.0,False
31-1-2,Монтаж звуковідтворювального обладнання,компл / шт,машина,С230-m,Кран / такелаж,маш.-год,1.5,1600,2400.0,False
31-1-2,Монтаж звуковідтворювального обладнання,компл / шт,машина,С213-1,Зварювальне / електромонтажне обладнання,маш.-год,2.0,80,160.0,False
31-1-2,Монтаж звуковідтворювального обладнання,компл / шт,матеріал,С240-1,"Матеріали монтажні (анкери, прокладки, метизи)",компл,1.0,1200,1200.0,False
31-1-2,Монтаж звуковідтворювального обладнання,компл / шт,матеріал,С241-1,Електроди / кабель обв'язки,компл,1.0,800,800.0,False
31-1-2,Монтаж звуковідтворювального обладнання,компл / шт,труд_робітників,Т1,"Труд робітників, розряд 4.3",люд.-год,12.893,95.0,1224.84,False
31-1-2,Монтаж звуковідтворювального обладнання,компл / шт,труд_машиністів,Т2,Труд машиністів,люд.-год,1.5,110.0,165.0,False
31-1-3,Монтаж екранів,компл / шт,машина,С230-m,Кран / такелаж,маш.-год,1.5,1600,2400.0,False
31-1-3,Монтаж екранів,компл / шт,машина,С213-1,Зварювальне / електромонтажне обладнання,маш.-год,2.0,80,160.0,False
31-1-3,Монтаж екранів,компл / шт,матеріал,С240-1,"Матеріали монтажні (анкери, прокладки, метизи)",компл,1.0,1200,1200.0,False
31-1-3,Монтаж екранів,компл / шт,матеріал,С241-1,Електроди / кабель обв'язки,компл,1.0,800,800.0,False
31-1-3,Монтаж екранів,компл / шт,труд_робітників,Т1,"Труд робітників, розряд 4.3",люд.-год,10.978,95.0,1042.91,False
31-1-3,Монтаж екранів,компл / шт,труд_машиністів,Т2,Труд машиністів,люд.-год,1.5,110.0,165.0,False
31-1-4,Монтаж затемнення залу,компл,машина,С230-m,Кран / такелаж,маш.-год,1.5,1600,2400.0,False
31-1-4,Монтаж затемнення залу,компл,машина,С213-1,Зварювальне / електромонтажне обладнання,маш.-год,2.0,80,160.0,False
31-1-4,Монтаж затемнення залу,компл,матеріал,С240-1,"Матеріали монтажні (анкери, прокладки, метизи)",компл,1.0,1200,1200.0,False
31-1-4,Монтаж затемнення залу,компл,матеріал,С241-1,Електроди / кабель обв'язки,компл,1.0,800,800.0,False
31-1-4,Монтаж затемнення залу,компл,труд_робітників,Т1,"Труд робітників, розряд 4.3",люд.-год,14.46,95.0,1373.7,False
31-1-4,Монтаж затемнення залу,компл,труд_машиністів,Т2,Труд машиністів,люд.-год,1.5,110.0,165.0,False
32-1-1,Монтаж технологічних ліній виробництва електроніки,шт,матеріал,С214-m,Кабель / провід силовий,м,1.05,55,57.75,False
32-1-1,Монтаж технологічних ліній виробництва електроніки,шт,матеріал,С215-m,Труба/короб/гофра,м,1.05,18,18.9,False
32-1-1,Монтаж технологічних ліній виробництва електроніки,шт,матеріал,С216-m,Кріплення,компл,1.0,25,25.0,False
32-1-1,Монтаж технологічних ліній виробництва електроніки,шт,труд_робітників,Т1,"Труд робітників, розряд 3.7",люд.-год,1.689,95.0,160.46,False
32-1-2,Монтаж чистих кімнат і інженерних систем,шт,машина,С230-m,Кран / такелаж,маш.-год,1.5,1600,2400.0,False
32-1-2,Монтаж чистих кімнат і інженерних систем,шт,машина,С213-1,Зварювальне / електромонтажне обладнання,маш.-год,2.0,80,160.0,False
32-1-2,Монтаж чистих кімнат і інженерних систем,шт,матеріал,С240-1,"Матеріали монтажні (анкери, прокладки, метизи)",компл,1.0,1200,1200.0,False
32-1-2,Монтаж чистих кімнат і інженерних систем,шт,матеріал,С241-1,Електроди / кабель обв'язки,компл,1.0,800,800.0,False
32-1-2,Монтаж чистих кімнат і інженерних систем,шт,труд_робітників,Т1,"Труд робітників, розряд 4.3",люд.-год,12.48,95.0,1185.6,False
32-1-2,Монтаж чистих кімнат і інженерних систем,шт,труд_машиністів,Т2,Труд машиністів,люд.-год,1.5,110.0,165.0,False
32-1-3,Монтаж випробувального обладнання,шт,машина,С230-m,Кран / такелаж,маш.-год,1.5,1600,2400.0,False
32-1-3,Монтаж випробувального обладнання,шт,машина,С213-1,Зварювальне / електромонтажне обладнання,маш.-год,2.0,80,160.0,False
32-1-3,Монтаж випробувального обладнання,шт,матеріал,С240-1,"Матеріали монтажні (анкери, прокладки, метизи)",компл,1.0,1200,1200.0,False
32-1-3,Монтаж випробувального обладнання,шт,матеріал,С241-1,Електроди / кабель обв'язки,компл,1.0,800,800.0,False
32-1-3,Монтаж випробувального обладнання,шт,труд_робітників,Т1,"Труд робітників, розряд 4.3",люд.-год,12.605,95.0,1197.48,False
32-1-3,Монтаж випробувального обладнання,шт,труд_машиністів,Т2,Труд машиністів,люд.-год,1.5,110.0,165.0,False
32-1-4,Монтаж паяльного і складального обладнання,шт,машина,С230-m,Кран / такелаж,маш.-год,1.5,1600,2400.0,False
32-1-4,Монтаж паяльного і складального обладнання,шт,машина,С213-1,Зварювальне / електромонтажне обладнання,маш.-год,2.0,80,160.0,False
32-1-4,Монтаж паяльного і складального обладнання,шт,матеріал,С240-1,"Матеріали монтажні (анкери, прокладки, метизи)",компл,1.0,1200,1200.0,False
32-1-4,Монтаж паяльного і складального обладнання,шт,матеріал,С241-1,Електроди / кабель обв'язки,компл,1.0,800,800.0,False
32-1-4,Монтаж паяльного і складального обладнання,шт,труд_робітників,Т1,"Труд робітників, розряд 4.3",люд.-год,10.475,95.0,995.12,False
32-1-4,Монтаж паяльного і складального обладнання,шт,труд_машиністів,Т2,Труд машиністів,люд.-год,1.5,110.0,165.0,False
33-1-1,Монтаж швейного обладнання,шт,матеріал,С214-m,Кабель / провід силовий,м,1.05,55,57.75,False
33-1-1,Монтаж швейного обладнання,шт,матеріал,С215-m,Труба/короб/гофра,м,1.05,18,18.9,False
33-1-1,Монтаж швейного обладнання,шт,матеріал,С216-m,Кріплення,компл,1.0,25,25.0,False
33-1-1,Монтаж швейного обладнання,шт,труд_робітників,Т1,"Труд робітників, розряд 3.7",люд.-год,1.874,95.0,178.03,False
33-1-2,Монтаж взуттєвого обладнання,шт,матеріал,С214-m,Кабель / провід силовий,м,1.05,55,57.75,False
33-1-2,Монтаж взуттєвого обладнання,шт,матеріал,С215-m,Труба/короб/гофра,м,1.05,18,18.9,False
33-1-2,Монтаж взуттєвого обладнання,шт,матеріал,С216-m,Кріплення,компл,1.0,25,25.0,False
33-1-2,Монтаж взуттєвого обладнання,шт,труд_робітників,Т1,"Труд робітників, розряд 3.7",люд.-год,1.629,95.0,154.75,False
33-1-3,Монтаж обладнання шкіряного виробництва,шт,матеріал,С214-m,Кабель / провід силовий,м,1.05,55,57.75,False
33-1-3,Монтаж обладнання шкіряного виробництва,шт,матеріал,С215-m,Труба/короб/гофра,м,1.05,18,18.9,False
33-1-3,Монтаж обладнання шкіряного виробництва,шт,матеріал,С216-m,Кріплення,компл,1.0,25,25.0,False
33-1-3,Монтаж обладнання шкіряного виробництва,шт,труд_робітників,Т1,"Труд робітників, розряд 3.7",люд.-год,1.705,95.0,161.97,False
33-1-4,Монтаж розкрійного обладнання,шт,матеріал,С214-m,Кабель / провід силовий,м,1.05,55,57.75,False
33-1-4,Монтаж розкрійного обладнання,шт,матеріал,С215-m,Труба/короб/гофра,м,1.05,18,18.9,False
33-1-4,Монтаж розкрійного обладнання,шт,матеріал,С216-m,Кріплення,компл,1.0,25,25.0,False
33-1-4,Монтаж розкрійного обладнання,шт,труд_робітників,Т1,"Труд робітників, розряд 3.7",люд.-год,1.648,95.0,156.56,False
34-1-1,Монтаж стерилізаторів,шт,машина,С230-m,Кран / такелаж,маш.-год,1.5,1600,2400.0,False
34-1-1,Монтаж стерилізаторів,шт,машина,С213-1,Зварювальне / електромонтажне обладнання,маш.-год,2.0,80,160.0,False
34-1-1,Монтаж стерилізаторів,шт,матеріал,С240-1,"Матеріали монтажні (анкери, прокладки, метизи)",компл,1.0,1200,1200.0,False
34-1-1,Монтаж стерилізаторів,шт,матеріал,С241-1,Електроди / кабель обв'язки,компл,1.0,800,800.0,False
34-1-1,Монтаж стерилізаторів,шт,труд_робітників,Т1,"Труд робітників, розряд 4.3",люд.-год,12.447,95.0,1182.46,False
34-1-1,Монтаж стерилізаторів,шт,труд_машиністів,Т2,Труд машиністів,люд.-год,1.5,110.0,165.0,False
34-1-2,Монтаж рентгенівського обладнання,шт,машина,С230-m,Кран / такелаж,маш.-год,1.5,1600,2400.0,False
34-1-2,Монтаж рентгенівського обладнання,шт,машина,С213-1,Зварювальне / електромонтажне обладнання,маш.-год,2.0,80,160.0,False
34-1-2,Монтаж рентгенівського обладнання,шт,матеріал,С240-1,"Матеріали монтажні (анкери, прокладки, метизи)",компл,1.0,1200,1200.0,False
34-1-2,Монтаж рентгенівського обладнання,шт,матеріал,С241-1,Електроди / кабель обв'язки,компл,1.0,800,800.0,False
34-1-2,Монтаж рентгенівського обладнання,шт,труд_робітників,Т1,"Труд робітників, розряд 4.3",люд.-год,14.676,95.0,1394.22,False
34-1-2,Монтаж рентгенівського обладнання,шт,труд_машиністів,Т2,Труд машиністів,люд.-год,1.5,110.0,165.0,False
34-1-3,Монтаж лабораторного обладнання,шт,машина,С230-m,Кран / такелаж,маш.-год,1.5,1600,2400.0,False
34-1-3,Монтаж лабораторного обладнання,шт,машина,С213-1,Зварювальне / електромонтажне обладнання,маш.-год,2.0,80,160.0,False
34-1-3,Монтаж лабораторного обладнання,шт,матеріал,С240-1,"Матеріали монтажні (анкери, прокладки, метизи)",компл,1.0,1200,1200.0,False
34-1-3,Монтаж лабораторного обладнання,шт,матеріал,С241-1,Електроди / кабель обв'язки,компл,1.0,800,800.0,False
34-1-3,Монтаж лабораторного обладнання,шт,труд_робітників,Т1,"Труд робітників, розряд 4.3",люд.-год,13.369,95.0,1270.06,False
34-1-3,Монтаж лабораторного обладнання,шт,труд_машиністів,Т2,Труд машиністів,люд.-год,1.5,110.0,165.0,False
34-1-4,Монтаж обладнання операційних,шт,машина,С230-m,Кран / такелаж,маш.-год,1.5,1600,2400.0,False
34-1-4,Монтаж обладнання операційних,шт,машина,С213-1,Зварювальне / електромонтажне обладнання,маш.-год,2.0,80,160.0,False
34-1-4,Монтаж обладнання операційних,шт,матеріал,С240-1,"Матеріали монтажні (анкери, прокладки, метизи)",компл,1.0,1200,1200.0,False
34-1-4,Монтаж обладнання операційних,шт,матеріал,С241-1,Електроди / кабель обв'язки,компл,1.0,800,800.0,False
34-1-4,Монтаж обладнання операційних,шт,труд_робітників,Т1,"Труд робітників, розряд 4.3",люд.-год,12.762,95.0,1212.39,False
34-1-4,Монтаж обладнання операційних,шт,труд_машиністів,Т2,Труд машиністів,люд.-год,1.5,110.0,165.0,False
35-1-1,Монтаж доїльного обладнання,шт,машина,С230-m,Кран / такелаж,маш.-год,1.5,1600,2400.0,False
35-1-1,Монтаж доїльного обладнання,шт,машина,С213-1,Зварювальне / електромонтажне обладнання,маш.-год,2.0,80,160.0,False
35-1-1,Монтаж доїльного обладнання,шт,матеріал,С240-1,"Матеріали монтажні (анкери, прокладки, метизи)",компл,1.0,1200,1200.0,False
35-1-1,Монтаж доїльного обладнання,шт,матеріал,С241-1,Електроди / кабель обв'язки,компл,1.0,800,800.0,False
35-1-1,Монтаж доїльного обладнання,шт,труд_робітників,Т1,"Труд робітників, розряд 4.3",люд.-год,14.81,95.0,1406.95,False
35-1-1,Монтаж доїльного обладнання,шт,труд_машиністів,Т2,Труд машиністів,люд.-год,1.5,110.0,165.0,False
35-1-2,Монтаж кормоприготувальних агрегатів,шт,машина,С230-m,Кран / такелаж,маш.-год,1.5,1600,2400.0,False
35-1-2,Монтаж кормоприготувальних агрегатів,шт,машина,С213-1,Зварювальне / електромонтажне обладнання,маш.-год,2.0,80,160.0,False
35-1-2,Монтаж кормоприготувальних агрегатів,шт,матеріал,С240-1,"Матеріали монтажні (анкери, прокладки, метизи)",компл,1.0,1200,1200.0,False
35-1-2,Монтаж кормоприготувальних агрегатів,шт,матеріал,С241-1,Електроди / кабель обв'язки,компл,1.0,800,800.0,False
35-1-2,Монтаж кормоприготувальних агрегатів,шт,труд_робітників,Т1,"Труд робітників, розряд 4.3",люд.-год,12.935,95.0,1228.83,False
35-1-2,Монтаж кормоприготувальних агрегатів,шт,труд_машиністів,Т2,Труд машиністів,люд.-год,1.5,110.0,165.0,False
35-1-3,Монтаж інкубаторів,шт,машина,С230-m,Кран / такелаж,маш.-год,1.5,1600,2400.0,False
35-1-3,Монтаж інкубаторів,шт,машина,С213-1,Зварювальне / електромонтажне обладнання,маш.-год,2.0,80,160.0,False
35-1-3,Монтаж інкубаторів,шт,матеріал,С240-1,"Матеріали монтажні (анкери, прокладки, метизи)",компл,1.0,1200,1200.0,False
35-1-3,Монтаж інкубаторів,шт,матеріал,С241-1,Електроди / кабель обв'язки,компл,1.0,800,800.0,False
35-1-3,Монтаж інкубаторів,шт,труд_робітників,Т1,"Труд робітників, розряд 4.3",люд.-год,11.921,95.0,1132.49,False
35-1-3,Монтаж інкубаторів,шт,труд_машиністів,Т2,Труд машиністів,люд.-год,1.5,110.0,165.0,False
35-1-4,Монтаж систем мікроклімату ферм,шт,машина,С230-m,Кран / такелаж,маш.-год,1.5,1600,2400.0,False
35-1-4,Монтаж систем мікроклімату ферм,шт,машина,С213-1,Зварювальне / електромонтажне обладнання,маш.-год,2.0,80,160.0,False
35-1-4,Монтаж систем мікроклімату ферм,шт,матеріал,С240-1,"Матеріали монтажні (анкери, прокладки, метизи)",компл,1.0,1200,1200.0,False
35-1-4,Монтаж систем мікроклімату ферм,шт,матеріал,С241-1,Електроди / кабель обв'язки,компл,1.0,800,800.0,False
35-1-4,Монтаж систем мікроклімату ферм,шт,труд_робітників,Т1,"Труд робітників, розряд 4.3",люд.-год,13.514,95.0,1283.83,False
35-1-4,Монтаж систем мікроклімату ферм,шт,труд_машиністів,Т2,Труд машиністів,люд.-год,1.5,110.0,165.0,False
36-1-1,Монтаж прального обладнання,шт,машина,С230-m,Кран / такелаж,маш.-год,1.5,1600,2400.0,False
36-1-1,Монтаж прального обладнання,шт,машина,С213-1,Зварювальне / електромонтажне обладнання,маш.-год,2.0,80,160.0,False
36-1-1,Монтаж прального обладнання,шт,матеріал,С240-1,"Матеріали монтажні (анкери, прокладки, метизи)",компл,1.0,1200,1200.0,False
36-1-1,Монтаж прального обладнання,шт,матеріал,С241-1,Електроди / кабель обв'язки,компл,1.0,800,800.0,False
36-1-1,Монтаж прального обладнання,шт,труд_робітників,Т1,"Труд робітників, розряд 4.3",люд.-год,11.002,95.0,1045.19,False
36-1-1,Монтаж прального обладнання,шт,труд_машиністів,Т2,Труд машиністів,люд.-год,1.5,110.0,165.0,False
36-1-2,Монтаж хімчисток,шт,машина,С230-m,Кран / такелаж,маш.-год,1.5,1600,2400.0,False
36-1-2,Монтаж хімчисток,шт,машина,С213-1,Зварювальне / електромонтажне обладнання,маш.-год,2.0,80,160.0,False
36-1-2,Монтаж хімчисток,шт,матеріал,С240-1,"Матеріали монтажні (анкери, прокладки, метизи)",компл,1.0,1200,1200.0,False
36-1-2,Монтаж хімчисток,шт,матеріал,С241-1,Електроди / кабель обв'язки,компл,1.0,800,800.0,False
36-1-2,Монтаж хімчисток,шт,труд_робітників,Т1,"Труд робітників, розряд 4.3",люд.-год,13.778,95.0,1308.91,False
36-1-2,Монтаж хімчисток,шт,труд_машиністів,Т2,Труд машиністів,люд.-год,1.5,110.0,165.0,False
36-1-3,Монтаж обладнання лазень і душових,шт,машина,С230-m,Кран / такелаж,маш.-год,1.5,1600,2400.0,False
36-1-3,Монтаж обладнання лазень і душових,шт,машина,С213-1,Зварювальне / електромонтажне обладнання,маш.-год,2.0,80,160.0,False
36-1-3,Монтаж обладнання лазень і душових,шт,матеріал,С240-1,"Матеріали монтажні (анкери, прокладки, метизи)",компл,1.0,1200,1200.0,False
36-1-3,Монтаж обладнання лазень і душових,шт,матеріал,С241-1,Електроди / кабель обв'язки,компл,1.0,800,800.0,False
36-1-3,Монтаж обладнання лазень і душових,шт,труд_робітників,Т1,"Труд робітників, розряд 4.3",люд.-год,14.716,95.0,1398.02,False
36-1-3,Монтаж обладнання лазень і душових,шт,труд_машиністів,Т2,Труд машиністів,люд.-год,1.5,110.0,165.0,False
36-1-4,Монтаж котельного обладнання комунального,шт,машина,С230-m,Кран / такелаж,маш.-год,1.5,1600,2400.0,False
36-1-4,Монтаж котельного обладнання комунального,шт,машина,С213-1,Зварювальне / електромонтажне обладнання,маш.-год,2.0,80,160.0,False
36-1-4,Монтаж котельного обладнання комунального,шт,матеріал,С240-1,"Матеріали монтажні (анкери, прокладки, метизи)",компл,1.0,1200,1200.0,False
36-1-4,Монтаж котельного обладнання комунального,шт,матеріал,С241-1,Електроди / кабель обв'язки,компл,1.0,800,800.0,False
36-1-4,Монтаж котельного обладнання комунального,шт,труд_робітників,Т1,"Труд робітників, розряд 4.3",люд.-год,13.379,95.0,1271.0,False
36-1-4,Монтаж котельного обладнання комунального,шт,труд_машиністів,Т2,Труд машиністів,люд.-год,1.5,110.0,165.0,False
37-1-1,Візуально-оптичний контроль,м / шт,машина,С230-m,Кран / такелаж,маш.-год,1.5,1600,2400.0,False
37-1-1,Візуально-оптичний контроль,м / шт,машина,С213-1,Зварювальне / електромонтажне обладнання,маш.-год,2.0,80,160.0,False
37-1-1,Візуально-оптичний контроль,м / шт,матеріал,С240-1,"Матеріали монтажні (анкери, прокладки, метизи)",компл,1.0,1200,1200.0,False
37-1-1,Візуально-оптичний контроль,м / шт,матеріал,С241-1,Електроди / кабель обв'язки,компл,1.0,800,800.0,False
37-1-1,Візуально-оптичний контроль,м / шт,труд_робітників,Т1,"Труд робітників, розряд 4.3",люд.-год,11.778,95.0,1118.91,False
37-1-1,Візуально-оптичний контроль,м / шт,труд_машиністів,Т2,Труд машиністів,люд.-год,1.5,110.0,165.0,False
37-1-2,Ультразвуковий контроль зварних швів,м / шт,машина,С230-m,Кран / такелаж,маш.-год,1.5,1600,2400.0,False
37-1-2,Ультразвуковий контроль зварних швів,м / шт,машина,С213-1,Зварювальне / електромонтажне обладнання,маш.-год,2.0,80,160.0,False
37-1-2,Ультразвуковий контроль зварних швів,м / шт,матеріал,С240-1,"Матеріали монтажні (анкери, прокладки, метизи)",компл,1.0,1200,1200.0,False
37-1-2,Ультразвуковий контроль зварних швів,м / шт,матеріал,С241-1,Електроди / кабель обв'язки,компл,1.0,800,800.0,False
37-1-2,Ультразвуковий контроль зварних швів,м / шт,труд_робітників,Т1,"Труд робітників, розряд 4.3",люд.-год,11.668,95.0,1108.46,False
37-1-2,Ультразвуковий контроль зварних швів,м / шт,труд_машиністів,Т2,Труд машиністів,люд.-год,1.5,110.0,165.0,False
37-1-3,Радіографічний контроль,м / шт,машина,С230-m,Кран / такелаж,маш.-год,1.5,1600,2400.0,False
37-1-3,Радіографічний контроль,м / шт,машина,С213-1,Зварювальне / електромонтажне обладнання,маш.-год,2.0,80,160.0,False
37-1-3,Радіографічний контроль,м / шт,матеріал,С240-1,"Матеріали монтажні (анкери, прокладки, метизи)",компл,1.0,1200,1200.0,False
37-1-3,Радіографічний контроль,м / шт,матеріал,С241-1,Електроди / кабель обв'язки,компл,1.0,800,800.0,False
37-1-3,Радіографічний контроль,м / шт,труд_робітників,Т1,"Труд робітників, розряд 4.3",люд.-год,14.607,95.0,1387.66,False
37-1-3,Радіографічний контроль,м / шт,труд_машиністів,Т2,Труд машиністів,люд.-год,1.5,110.0,165.0,False
37-1-4,Капілярний контроль,м / шт,машина,С230-m,Кран / такелаж,маш.-год,1.5,1600,2400.0,False
37-1-4,Капілярний контроль,м / шт,машина,С213-1,Зварювальне / електромонтажне обладнання,маш.-год,2.0,80,160.0,False
37-1-4,Капілярний контроль,м / шт,матеріал,С240-1,"Матеріали монтажні (анкери, прокладки, метизи)",компл,1.0,1200,1200.0,False
37-1-4,Капілярний контроль,м / шт,матеріал,С241-1,Електроди / кабель обв'язки,компл,1.0,800,800.0,False
37-1-4,Капілярний контроль,м / шт,труд_робітників,Т1,"Труд робітників, розряд 4.3",люд.-год,10.559,95.0,1003.1,False
37-1-4,Капілярний контроль,м / шт,труд_машиністів,Т2,Труд машиністів,люд.-год,1.5,110.0,165.0,False
37-1-5,Магнітопорошковий контроль,м / шт,машина,С230-m,Кран / такелаж,маш.-год,1.5,1600,2400.0,False
37-1-5,Магнітопорошковий контроль,м / шт,машина,С213-1,Зварювальне / електромонтажне обладнання,маш.-год,2.0,80,160.0,False
37-1-5,Магнітопорошковий контроль,м / шт,матеріал,С240-1,"Матеріали монтажні (анкери, прокладки, метизи)",компл,1.0,1200,1200.0,False
37-1-5,Магнітопорошковий контроль,м / шт,матеріал,С241-1,Електроди / кабель обв'язки,компл,1.0,800,800.0,False
37-1-5,Магнітопорошковий контроль,м / шт,труд_робітників,Т1,"Труд робітників, розряд 4.3",люд.-год,13.129,95.0,1247.25,False
37-1-5,Магнітопорошковий контроль,м / шт,труд_машиністів,Т2,Труд машиністів,люд.-год,1.5,110.0,165.0,False
38-1-1,Монтаж ємностей,шт,машина,С230-m,Кран / такелаж,маш.-год,1.5,1600,2400.0,True
38-1-1,Монтаж ємностей,шт,машина,С213-1,Зварювальне / електромонтажне обладнання,маш.-год,2.0,80,160.0,True
38-1-1,Монтаж ємностей,шт,матеріал,С240-1,"Матеріали монтажні (анкери, прокладки, метизи)",компл,1.0,1200,1200.0,True
38-1-1,Монтаж ємностей,шт,матеріал,С241-1,Електроди / кабель обв'язки,компл,1.0,800,800.0,True
38-1-1,Монтаж ємностей,шт,труд_робітників,Т1,"Труд робітників, розряд 4.3",люд.-год,11.863,95.0,1126.98,True
38-1-1,Монтаж ємностей,шт,труд_машиністів,Т2,Труд машиністів,люд.-год,1.5,110.0,165.0,True
38-1-2,Монтаж теплообмінників,шт,машина,С230-m,Кран / такелаж,маш.-год,1.5,1600,2400.0,True
38-1-2,Монтаж теплообмінників,шт,машина,С213-1,Зварювальне / електромонтажне обладнання,маш.-год,2.0,80,160.0,True
38-1-2,Монтаж теплообмінників,шт,матеріал,С240-1,"Матеріали монтажні (анкери, прокладки, метизи)",компл,1.0,1200,1200.0,True
38-1-2,Монтаж теплообмінників,шт,матеріал,С241-1,Електроди / кабель обв'язки,компл,1.0,800,800.0,True
38-1-2,Монтаж теплообмінників,шт,труд_робітників,Т1,"Труд робітників, розряд 4.3",люд.-год,13.213,95.0,1255.23,True
38-1-2,Монтаж теплообмінників,шт,труд_машиністів,Т2,Труд машиністів,люд.-год,1.5,110.0,165.0,True
38-1-3,Монтаж фільтрів,шт,машина,С230-m,Кран / такелаж,маш.-год,1.5,1600,2400.0,True
38-1-3,Монтаж фільтрів,шт,машина,С213-1,Зварювальне / електромонтажне обладнання,маш.-год,2.0,80,160.0,True
38-1-3,Монтаж фільтрів,шт,матеріал,С240-1,"Матеріали монтажні (анкери, прокладки, метизи)",компл,1.0,1200,1200.0,True
38-1-3,Монтаж фільтрів,шт,матеріал,С241-1,Електроди / кабель обв'язки,компл,1.0,800,800.0,True
38-1-3,Монтаж фільтрів,шт,труд_робітників,Т1,"Труд робітників, розряд 4.3",люд.-год,14.464,95.0,1374.08,True
38-1-3,Монтаж фільтрів,шт,труд_машиністів,Т2,Труд машиністів,люд.-год,1.5,110.0,165.0,True
38-1-4,Монтаж насосних агрегатів загального призначення,шт,машина,С230-m,Кран / такелаж,маш.-год,1.5,1600,2400.0,True
38-1-4,Монтаж насосних агрегатів загального призначення,шт,машина,С213-1,Зварювальне / електромонтажне обладнання,маш.-год,2.0,80,160.0,True
38-1-4,Монтаж насосних агрегатів загального призначення,шт,матеріал,С240-1,"Матеріали монтажні (анкери, прокладки, метизи)",компл,1.0,1200,1200.0,True
38-1-4,Монтаж насосних агрегатів загального призначення,шт,матеріал,С241-1,Електроди / кабель обв'язки,компл,1.0,800,800.0,True
38-1-4,Монтаж насосних агрегатів загального призначення,шт,труд_робітників,Т1,"Труд робітників, розряд 4.3",люд.-год,14.864,95.0,1412.08,True
38-1-4,Монтаж насосних агрегатів загального призначення,шт,труд_машиністів,Т2,Труд машиністів,люд.-год,1.5,110.0,165.0,True
38-1-5,Монтаж компресорів загального призначення,шт,машина,С230-m,Кран / такелаж,маш.-год,1.5,1600,2400.0,True
38-1-5,Монтаж компресорів загального призначення,шт,машина,С213-1,Зварювальне / електромонтажне обладнання,маш.-год,2.0,80,160.0,True
38-1-5,Монтаж компресорів загального призначення,шт,матеріал,С240-1,"Матеріали монтажні (анкери, прокладки, метизи)",компл,1.0,1200,1200.0,True
38-1-5,Монтаж компресорів загального призначення,шт,матеріал,С241-1,Електроди / кабель обв'язки,компл,1.0,800,800.0,True
38-1-5,Монтаж компресорів загального призначення,шт,труд_робітників,Т1,"Труд робітників, розряд 4.3",люд.-год,14.834,95.0,1409.23,True
38-1-5,Монтаж компресорів загального призначення,шт,труд_машиністів,Т2,Труд машиністів,люд.-год,1.5,110.0,165.0,True
38-2-1,Монтаж вентиляційного обладнання загальнообмінного,шт,матеріал,С202-m,Повітроводи оцинковані,м2,1.05,280,294.0,True
38-2-1,Монтаж вентиляційного обладнання загальнообмінного,шт,матеріал,С203-m,"Фланці, ущільнення, кріплення",компл,1.0,120,120.0,True
38-2-1,Монтаж вентиляційного обладнання загальнообмінного,шт,труд_робітників,Т1,"Труд робітників, розряд 3.9",люд.-год,3.166,95.0,300.77,True
38-2-2,Монтаж підйомно-транспортного обладнання цехів,шт,машина,С230-m,Кран / такелаж,маш.-год,1.5,1600,2400.0,True
38-2-2,Монтаж підйомно-транспортного обладнання цехів,шт,машина,С213-1,Зварювальне / електромонтажне обладнання,маш.-год,2.0,80,160.0,True
38-2-2,Монтаж підйомно-транспортного обладнання цехів,шт,матеріал,С240-1,"Матеріали монтажні (анкери, прокладки, метизи)",компл,1.0,1200,1200.0,True
38-2-2,Монтаж підйомно-транспортного обладнання цехів,шт,матеріал,С241-1,Електроди / кабель обв'язки,компл,1.0,800,800.0,True
38-2-2,Монтаж підйомно-транспортного обладнання цехів,шт,труд_робітників,Т1,"Труд робітників, розряд 4.3",люд.-год,13.768,95.0,1307.96,True
38-2-2,Монтаж підйомно-транспортного обладнання цехів,шт,труд_машиністів,Т2,Труд машиністів,люд.-год,1.5,110.0,165.0,True
39-1-1,Підключення апаратів НКУ,шт,матеріал,С214-m,Кабель / провід силовий,м,1.05,55,57.75,True
39-1-1,Підключення апаратів НКУ,шт,матеріал,С215-m,Труба/короб/гофра,м,1.05,18,18.9,True
39-1-1,Підключення апаратів НКУ,шт,матеріал,С216-m,Кріплення,компл,1.0,25,25.0,True
39-1-1,Підключення апаратів НКУ,шт,труд_робітників,Т1,"Труд робітників, розряд 3.7",люд.-год,1.533,95.0,145.63,True
39-1-2,Підключення кабелів зовнішньої мережі,шт,матеріал,С214-m,Кабель / провід силовий,м,1.05,55,57.75,True
39-1-2,Підключення кабелів зовнішньої мережі,шт,матеріал,С215-m,Труба/короб/гофра,м,1.05,18,18.9,True
39-1-2,Підключення кабелів зовнішньої мережі,шт,матеріал,С216-m,Кріплення,компл,1.0,25,25.0,True
39-1-2,Підключення кабелів зовнішньої мережі,шт,труд_робітників,Т1,"Труд робітників, розряд 3.7",люд.-год,1.85,95.0,175.75,True
39-1-3,Маркування та випробування,шт,матеріал,С190-1,Прилад санітарний / опалювальний,шт,1.0,3500,3500.0,True
39-1-3,Маркування та випробування,шт,матеріал,С191-1,Підводка / кріплення / арматура,компл,1.0,650,650.0,True
39-1-3,Маркування та випробування,шт,матеріал,С192-1,Герметик / ущільнювачі,компл,1.0,80,80.0,True
39-1-3,Маркування та випробування,шт,труд_робітників,Т1,"Труд робітників, розряд 4.0",люд.-год,4.483,95.0,425.88,True
39-1-4,Маркування і випробування кіл,система,матеріал,С190-1,Прилад санітарний / опалювальний,шт,1.0,3500,3500.0,True
39-1-4,Маркування і випробування кіл,система,матеріал,С191-1,Підводка / кріплення / арматура,компл,1.0,650,650.0,True
39-1-4,Маркування і випробування кіл,система,матеріал,С192-1,Герметик / ущільнювачі,компл,1.0,80,80.0,True
39-1-4,Маркування і випробування кіл,система,труд_робітників,Т1,"Труд робітників, розряд 4.0",люд.-год,4.411,95.0,419.04,True
39-1-5,Установлення клемних з'єднань,шт,матеріал,С214-m,Кабель / провід силовий,м,1.05,55,57.75,True
39-1-5,Установлення клемних з'єднань,шт,матеріал,С215-m,Труба/короб/гофра,м,1.05,18,18.9,True
39-1-5,Установлення клемних з'єднань,шт,матеріал,С216-m,Кріплення,компл,1.0,25,25.0,True
39-1-5,Установлення клемних з'єднань,шт,труд_робітників,Т1,"Труд робітників, розряд 3.7",люд.-год,1.727,95.0,164.06,True
39-1-6,Перевірка опору ізоляції,лінія,матеріал,С214-m,Кабель / провід силовий,м,1.05,55,57.75,True
39-1-6,Перевірка опору ізоляції,лінія,матеріал,С215-m,Труба/короб/гофра,м,1.05,18,18.9,True
39-1-6,Перевірка опору ізоляції,лінія,матеріал,С216-m,Кріплення,компл,1.0,25,25.0,True
39-1-6,Перевірка опору ізоляції,лінія,труд_робітників,Т1,"Труд робітників, розряд 3.7",люд.-год,1.661,95.0,157.8,True
1-1-1,Розробка ґрунту 1 групи,100 м3,машина,С201-2,Бульдозер / трамбівка,маш.-год,0.5,600,300.0,True
1-1-1,Розробка ґрунту 1 групи,100 м3,матеріал,С300-1,Пальне дизельне (орієнтовно),л,4.25,55,233.75,True
1-1-1,Розробка ґрунту 1 групи,100 м3,матеріал,С300-2,Мастильні матеріали,кг,0.2125,120,25.5,True
1-1-1,Розробка ґрунту 1 групи,100 м3,труд_робітників,Т1,"Труд робітників, розряд 2.8",люд.-год,8.958,95.0,851.01,True
1-1-1,Розробка ґрунту 1 групи,100 м3,труд_машиністів,Т2,Труд машиністів,люд.-год,0.5,110.0,55.0,True
1-1-2,Розробка ґрунту 2 групи,100 м3,машина,С201-2,Бульдозер / трамбівка,маш.-год,0.5,600,300.0,True
1-1-2,Розробка ґрунту 2 групи,100 м3,матеріал,С300-1,Пальне дизельне (орієнтовно),л,4.25,55,233.75,True
1-1-2,Розробка ґрунту 2 групи,100 м3,матеріал,С300-2,Мастильні матеріали,кг,0.2125,120,25.5,True
1-1-2,Розробка ґрунту 2 групи,100 м3,труд_робітників,Т1,"Труд робітників, розряд 2.8",люд.-год,8.371,95.0,795.25,True
1-1-2,Розробка ґрунту 2 групи,100 м3,труд_машиністів,Т2,Труд машиністів,люд.-год,0.5,110.0,55.0,True
1-1-3,Зворотне засипання,100 м3,машина,С201-2,Бульдозер / трамбівка,маш.-год,0.5,600,300.0,True
1-1-3,Зворотне засипання,100 м3,матеріал,С300-1,Пальне дизельне (орієнтовно),л,4.25,55,233.75,True
1-1-3,Зворотне засипання,100 м3,матеріал,С300-2,Мастильні матеріали,кг,0.2125,120,25.5,True
1-1-3,Зворотне засипання,100 м3,труд_робітників,Т1,"Труд робітників, розряд 2.8",люд.-год,10.098,95.0,959.31,True
1-1-3,Зворотне засипання,100 м3,труд_машиністів,Т2,Труд машиністів,люд.-год,0.5,110.0,55.0,True
1-2-1,Планування території,100 м2,машина,С201-2,Бульдозер / трамбівка,маш.-год,0.5,600,300.0,True
1-2-1,Планування території,100 м2,матеріал,С300-1,Пальне дизельне (орієнтовно),л,4.25,55,233.75,True
1-2-1,Планування території,100 м2,матеріал,С300-2,Мастильні матеріали,кг,0.2125,120,25.5,True
1-2-1,Планування території,100 м2,труд_робітників,Т1,"Труд робітників, розряд 2.8",люд.-год,10.241,95.0,972.89,True
1-2-1,Планування території,100 м2,труд_машиністів,Т2,Труд машиністів,люд.-год,0.5,110.0,55.0,True
1-2-2,Підсипання рослинного ґрунту,100 м2,матеріал,С250-1,Матеріали ремонтні,компл,1.0,1500,1500.0,True
1-2-2,Підсипання рослинного ґрунту,100 м2,матеріал,С251-1,Суміші / розчини / фарби,компл,1.0,800,800.0,True
1-2-2,Підсипання рослинного ґрунту,100 м2,труд_робітників,Т1,"Труд робітників, розряд 3.5",люд.-год,6.955,95.0,660.73,True
2-1-1,Розбирання бутових фундаментів,м3,машина,С212-1,Підйомник / кран (подача матеріалів),маш.-год,0.15,900,135.0,True
2-1-1,Розбирання бутових фундаментів,м3,матеріал,С134-1,Камінь бутовий,м3,1.05,900,945.0,True
2-1-1,Розбирання бутових фундаментів,м3,матеріал,С135-1,Розчин мурувальний М50–М75,м3,0.38,2200,836.0,True
2-1-1,Розбирання бутових фундаментів,м3,труд_робітників,Т1,"Труд робітників, розряд 3.3",люд.-год,5.823,95.0,553.19,True
2-1-1,Розбирання бутових фундаментів,м3,труд_машиністів,Т2,Труд машиністів,люд.-год,0.15,110.0,16.5,True
2-1-2,Розбирання бетонних фундаментів,м3,машина,С240-m,Перфоратор / відбійний молоток,маш.-год,1.0,90,90.0,True
2-1-2,Розбирання бетонних фундаментів,м3,матеріал,С311-3,Вивезення будівельного сміття,т,0.913,450,410.85,True
2-1-2,Розбирання бетонних фундаментів,м3,труд_робітників,Т1,"Труд робітників, розряд 2.8",люд.-год,4.424,95.0,420.28,True
2-1-2,Розбирання бетонних фундаментів,м3,труд_машиністів,Т2,Труд машиністів,люд.-год,0.3,110.0,33.0,True
2-1-3,Розбирання залізобетонних фундаментів,м3,машина,С240-m,Перфоратор / відбійний молоток,маш.-год,1.0,90,90.0,True
2-1-3,Розбирання залізобетонних фундаментів,м3,матеріал,С311-3,Вивезення будівельного сміття,т,0.8053,450,362.38,True
2-1-3,Розбирання залізобетонних фундаментів,м3,труд_робітників,Т1,"Труд робітників, розряд 2.8",люд.-год,4.02,95.0,381.9,True
2-1-3,Розбирання залізобетонних фундаментів,м3,труд_машиністів,Т2,Труд машиністів,люд.-год,0.3,110.0,33.0,True
2-2-1,Підведення фундаментів,м3,матеріал,С250-1,Матеріали ремонтні,компл,1.0,1500,1500.0,True
2-2-1,Підведення фундаментів,м3,матеріал,С251-1,Суміші / розчини / фарби,компл,1.0,800,800.0,True
2-2-1,Підведення фундаментів,м3,труд_робітників,Т1,"Труд робітників, розряд 3.5",люд.-год,6.014,95.0,571.33,True
2-2-2,Ін'єктування тріщин,м3,матеріал,С190-1,Прилад санітарний / опалювальний,шт,1.0,3500,3500.0,True
2-2-2,Ін'єктування тріщин,м3,матеріал,С191-1,Підводка / кріплення / арматура,компл,1.0,650,650.0,True
2-2-2,Ін'єктування тріщин,м3,матеріал,С192-1,Герметик / ущільнювачі,компл,1.0,80,80.0,True
2-2-2,Ін'єктування тріщин,м3,труд_робітників,Т1,"Труд робітників, розряд 4.0",люд.-год,4.102,95.0,389.69,True
2-2-3,Гідроізоляція фундаментів,м3,матеріал,С222-1,Мастика / рулонна гідроізоляція,м2,1.15,160,184.0,True
2-2-3,Гідроізоляція фундаментів,м3,матеріал,С223-1,Праймер,л,0.3,70,21.0,True
2-2-3,Гідроізоляція фундаментів,м3,труд_робітників,Т1,"Труд робітників, розряд 3.5",люд.-год,1.304,95.0,123.88,True
3-1-1,Розбирання цегляних стін,м3,машина,С212-1,Підйомник / кран (подача матеріалів),маш.-год,0.15,900,135.0,True
3-1-1,Розбирання цегляних стін,м3,матеріал,С137-1,Цегла керамічна рядова 250×120×65,шт,407.82,12,4893.84,True
3-1-1,Розбирання цегляних стін,м3,матеріал,С135-1,Розчин мурувальний М50–М75,м3,0.24,2200,528.0,True
3-1-1,Розбирання цегляних стін,м3,матеріал,С138-1,Вода,м3,0.15,40,6.0,True
3-1-1,Розбирання цегляних стін,м3,труд_робітників,Т1,"Труд робітників, розряд 3.5",люд.-год,5.426,95.0,515.47,True
3-1-1,Розбирання цегляних стін,м3,труд_машиністів,Т2,Труд машиністів,люд.-год,0.15,110.0,16.5,True
3-1-2,Розбирання стін із блоків,м3,машина,С212-1,Підйомник / кран (подача матеріалів),маш.-год,0.15,900,135.0,True
3-1-2,Розбирання стін із блоків,м3,матеріал,С137-1,Цегла керамічна рядова 250×120×65,шт,405.52,12,4866.24,True
3-1-2,Розбирання стін із блоків,м3,матеріал,С135-1,Розчин мурувальний М50–М75,м3,0.24,2200,528.0,True
3-1-2,Розбирання стін із блоків,м3,матеріал,С138-1,Вода,м3,0.15,40,6.0,True
3-1-2,Розбирання стін із блоків,м3,труд_робітників,Т1,"Труд робітників, розряд 3.5",люд.-год,5.241,95.0,497.89,True
3-1-2,Розбирання стін із блоків,м3,труд_машиністів,Т2,Труд машиністів,люд.-год,0.15,110.0,16.5,True
3-2-1,Перемурування ділянок стін,м2,машина,С212-1,Підйомник / кран (подача матеріалів),маш.-год,0.15,900,135.0,True
3-2-1,Перемурування ділянок стін,м2,матеріал,С137-1,Цегла керамічна рядова 250×120×65,шт,402.41,12,4828.92,True
3-2-1,Перемурування ділянок стін,м2,матеріал,С135-1,Розчин мурувальний М50–М75,м3,0.24,2200,528.0,True
3-2-1,Перемурування ділянок стін,м2,матеріал,С138-1,Вода,м3,0.15,40,6.0,True
3-2-1,Перемурування ділянок стін,м2,труд_робітників,Т1,"Труд робітників, розряд 3.5",люд.-год,4.993,95.0,474.34,True
3-2-1,Перемурування ділянок стін,м2,труд_машиністів,Т2,Труд машиністів,люд.-год,0.15,110.0,16.5,True
3-2-2,Зароблення тріщин,м2,матеріал,С250-1,Матеріали ремонтні,компл,1.0,1500,1500.0,True
3-2-2,Зароблення тріщин,м2,матеріал,С251-1,Суміші / розчини / фарби,компл,1.0,800,800.0,True
3-2-2,Зароблення тріщин,м2,труд_робітників,Т1,"Труд робітників, розряд 3.5",люд.-год,5.314,95.0,504.83,True
3-2-3,Розшивання швів,м2,матеріал,С190-1,Прилад санітарний / опалювальний,шт,1.0,3500,3500.0,True
3-2-3,Розшивання швів,м2,матеріал,С191-1,Підводка / кріплення / арматура,компл,1.0,650,650.0,True
3-2-3,Розшивання швів,м2,матеріал,С192-1,Герметик / ущільнювачі,компл,1.0,80,80.0,True
3-2-3,Розшивання швів,м2,труд_робітників,Т1,"Труд робітників, розряд 4.0",люд.-год,3.934,95.0,373.73,True
4-1-1,Розбирання дерев'яних перекриттів,100 м2,матеріал,С156-1,Пиломатеріали хвойні,м3,1.1,12000,13200.0,True
4-1-1,Розбирання дерев'яних перекриттів,100 м2,матеріал,С157-1,"Цвяхи, кріплення",кг,5.0,55,275.0,True
4-1-1,Розбирання дерев'яних перекриттів,100 м2,матеріал,С158-1,Антисептик,л,1.5,80,120.0,True
4-1-1,Розбирання дерев'яних перекриттів,100 м2,труд_робітників,Т1,"Труд робітників, розряд 3.6",люд.-год,9.91,95.0,941.45,True
4-1-2,Розбирання залізобетонних перекриттів,100 м2,машина,С240-m,Перфоратор / відбійний молоток,маш.-год,1.0,90,90.0,True
4-1-2,Розбирання залізобетонних перекриттів,100 м2,матеріал,С311-3,Вивезення будівельного сміття,т,0.9298,450,418.41,True
4-1-2,Розбирання залізобетонних перекриттів,100 м2,труд_робітників,Т1,"Труд робітників, розряд 2.8",люд.-год,4.487,95.0,426.26,True
4-1-2,Розбирання залізобетонних перекриттів,100 м2,труд_машиністів,Т2,Труд машиністів,люд.-год,0.3,110.0,33.0,True
4-2-1,Посилення балок,100 м2,матеріал,С250-1,Матеріали ремонтні,компл,1.0,1500,1500.0,True
4-2-1,Посилення балок,100 м2,матеріал,С251-1,Суміші / розчини / фарби,компл,1.0,800,800.0,True
4-2-1,Посилення балок,100 м2,труд_робітників,Т1,"Труд робітників, розряд 3.5",люд.-год,5.266,95.0,500.27,True
4-2-2,Заміна настилів,100 м2,матеріал,С250-1,Матеріали ремонтні,компл,1.0,1500,1500.0,True
4-2-2,Заміна настилів,100 м2,матеріал,С251-1,Суміші / розчини / фарби,компл,1.0,800,800.0,True
4-2-2,Заміна настилів,100 м2,труд_робітників,Т1,"Труд робітників, розряд 3.5",люд.-год,6.087,95.0,578.26,True
4-2-3,Ремонт залізобетонних плит,100 м2,матеріал,С250-1,Матеріали ремонтні,компл,1.0,1500,1500.0,True
4-2-3,Ремонт залізобетонних плит,100 м2,матеріал,С251-1,Суміші / розчини / фарби,компл,1.0,800,800.0,True
4-2-3,Ремонт залізобетонних плит,100 м2,труд_робітників,Т1,"Труд робітників, розряд 3.5",люд.-год,6.951,95.0,660.34,True
5-1-1,Розбирання цегляних перегородок,100 м2,машина,С212-1,Підйомник / кран (подача матеріалів),маш.-год,0.15,900,135.0,True
5-1-1,Розбирання цегляних перегородок,100 м2,матеріал,С137-1,Цегла керамічна,шт,5100,12,61200,True
5-1-1,Розбирання цегляних перегородок,100 м2,матеріал,С135-1,Розчин мурувальний,м3,2.4,2200,5280.0,True
5-1-1,Розбирання цегляних перегородок,100 м2,труд_робітників,Т1,"Труд робітників, розряд 3.5",люд.-год,55.766,95.0,5297.77,True
5-1-1,Розбирання цегляних перегородок,100 м2,труд_машиністів,Т2,Труд машиністів,люд.-год,0.15,110.0,16.5,True
5-1-2,Розбирання гіпсових перегородок,100 м2,машина,С212-1,Підйомник / кран (подача матеріалів),маш.-год,0.15,900,135.0,True
5-1-2,Розбирання гіпсових перегородок,100 м2,матеріал,С133-1,Плити гіпсові / пазогребеневі,м2,105,220,23100,True
5-1-2,Розбирання гіпсових перегородок,100 м2,матеріал,С131-2,Клей гіпсовий,кг,500,16,8000,True
5-1-2,Розбирання гіпсових перегородок,100 м2,труд_робітників,Т1,"Труд робітників, розряд 3.4",люд.-год,191.772,95.0,18218.34,True
5-1-2,Розбирання гіпсових перегородок,100 м2,труд_машиністів,Т2,Труд машиністів,люд.-год,0.15,110.0,16.5,True
5-2-1,Цегляні перегородки,100 м2,машина,С212-1,Підйомник / кран (подача матеріалів),маш.-год,0.15,900,135.0,True
5-2-1,Цегляні перегородки,100 м2,матеріал,С137-1,Цегла керамічна,шт,5100,12,61200,True
5-2-1,Цегляні перегородки,100 м2,матеріал,С135-1,Розчин мурувальний,м3,2.4,2200,5280.0,True
5-2-1,Цегляні перегородки,100 м2,труд_робітників,Т1,"Труд робітників, розряд 3.5",люд.-год,62.152,95.0,5904.44,True
5-2-1,Цегляні перегородки,100 м2,труд_машиністів,Т2,Труд машиністів,люд.-год,0.15,110.0,16.5,True
5-2-2,Гіпсокартонні перегородки,100 м2,машина,С212-1,Підйомник / кран (подача матеріалів),маш.-год,0.15,900,135.0,True
5-2-2,Гіпсокартонні перегородки,100 м2,матеріал,С133-1,Плити гіпсові / пазогребеневі,м2,105,220,23100,True
5-2-2,Гіпсокартонні перегородки,100 м2,матеріал,С131-2,Клей гіпсовий,кг,500,16,8000,True
5-2-2,Гіпсокартонні перегородки,100 м2,труд_робітників,Т1,"Труд робітників, розряд 3.4",люд.-год,197.912,95.0,18801.64,True
5-2-2,Гіпсокартонні перегородки,100 м2,труд_машиністів,Т2,Труд машиністів,люд.-год,0.15,110.0,16.5,True
5-2-3,Газобетонні перегородки,100 м2,машина,С210-1,Кран / бетононасос,маш.-год,0.6,1500,900.0,True
5-2-3,Газобетонні перегородки,100 м2,машина,С211-1,Вібратор глибинний,маш.-год,0.8,120,96.0,True
5-2-3,Газобетонні перегородки,100 м2,матеріал,С120-1,Бетон товарний В15–В25,м3,1.02,3200,3264.0,True
5-2-3,Газобетонні перегородки,100 м2,матеріал,С121-1,Вода,м3,0.2,40,8.0,True
5-2-3,Газобетонні перегородки,100 м2,труд_робітників,Т1,"Труд робітників, розряд 3.5",люд.-год,6.701,95.0,636.59,True
5-2-3,Газобетонні перегородки,100 м2,труд_машиністів,Т2,Труд машиністів,люд.-год,0.6,110.0,66.0,True
6-1-1,Демонтаж віконних блоків,100 м2,машина,С212-1,Підйомник / кран (подача матеріалів),маш.-год,0.15,900,135.0,True
6-1-1,Демонтаж віконних блоків,100 м2,матеріал,С137-1,Цегла керамічна,шт,5100,12,61200,True
6-1-1,Демонтаж віконних блоків,100 м2,матеріал,С135-1,Розчин мурувальний,м3,2.4,2200,5280.0,True
6-1-1,Демонтаж віконних блоків,100 м2,труд_робітників,Т1,"Труд робітників, розряд 3.5",люд.-год,55.556,95.0,5277.82,True
6-1-1,Демонтаж віконних блоків,100 м2,труд_машиністів,Т2,Труд машиністів,люд.-год,0.15,110.0,16.5,True
6-1-2,Демонтаж дверних блоків,100 м2,машина,С212-1,Підйомник / кран (подача матеріалів),маш.-год,0.15,900,135.0,True
6-1-2,Демонтаж дверних блоків,100 м2,матеріал,С137-1,Цегла керамічна,шт,5100,12,61200,True
6-1-2,Демонтаж дверних блоків,100 м2,матеріал,С135-1,Розчин мурувальний,м3,2.4,2200,5280.0,True
6-1-2,Демонтаж дверних блоків,100 м2,труд_робітників,Т1,"Труд робітників, розряд 3.5",люд.-год,61.725,95.0,5863.88,True
6-1-2,Демонтаж дверних блоків,100 м2,труд_машиністів,Т2,Труд машиністів,люд.-год,0.15,110.0,16.5,True
6-2-1,Установлення віконних блоків ПВХ,100 м2,машина,С212-1,Підйомник / кран (подача матеріалів),маш.-год,0.15,900,135.0,True
6-2-1,Установлення віконних блоків ПВХ,100 м2,матеріал,С137-1,Цегла керамічна,шт,5100,12,61200,True
6-2-1,Установлення віконних блоків ПВХ,100 м2,матеріал,С135-1,Розчин мурувальний,м3,2.4,2200,5280.0,True
6-2-1,Установлення віконних блоків ПВХ,100 м2,труд_робітників,Т1,"Труд робітників, розряд 3.5",люд.-год,59.896,95.0,5690.12,True
6-2-1,Установлення віконних блоків ПВХ,100 м2,труд_машиністів,Т2,Труд машиністів,люд.-год,0.15,110.0,16.5,True
6-2-2,Установлення дверних блоків,100 м2,машина,С212-1,Підйомник / кран (подача матеріалів),маш.-год,0.15,900,135.0,True
6-2-2,Установлення дверних блоків,100 м2,матеріал,С137-1,Цегла керамічна,шт,5100,12,61200,True
6-2-2,Установлення дверних блоків,100 м2,матеріал,С135-1,Розчин мурувальний,м3,2.4,2200,5280.0,True
6-2-2,Установлення дверних блоків,100 м2,труд_робітників,Т1,"Труд робітників, розряд 3.5",люд.-год,61.123,95.0,5806.68,True
6-2-2,Установлення дверних блоків,100 м2,труд_машиністів,Т2,Труд машиністів,люд.-год,0.15,110.0,16.5,True
6-2-3,Улаштування укосів,100 м2,матеріал,С190-1,Прилад санітарний / опалювальний,шт,1.0,3500,3500.0,True
6-2-3,Улаштування укосів,100 м2,матеріал,С191-1,Підводка / кріплення / арматура,компл,1.0,650,650.0,True
6-2-3,Улаштування укосів,100 м2,матеріал,С192-1,Герметик / ущільнювачі,компл,1.0,80,80.0,True
6-2-3,Улаштування укосів,100 м2,труд_робітників,Т1,"Труд робітників, розряд 4.0",люд.-год,3.94,95.0,374.3,True
7-1-1,Розбирання дощатих підлог,100 м2,матеріал,С165-1,Ламінат / дошка / паркет,м2,108,650,70200,True
7-1-1,Розбирання дощатих підлог,100 м2,матеріал,С166-1,Підкладка,м2,105,45,4725,True
7-1-1,Розбирання дощатих підлог,100 м2,матеріал,С164-2,Плінтус,м,40,70,2800,True
7-1-1,Розбирання дощатих підлог,100 м2,труд_робітників,Т1,"Труд робітників, розряд 3.7",люд.-год,84.056,95.0,7985.32,True
7-1-2,Розбирання плитки,100 м2,матеріал,С167-1,Плитка керамічна / керамограніт,м2,105,420,44100,True
7-1-2,Розбирання плитки,100 м2,матеріал,С168-1,Клей плитковий,кг,500,14,7000,True
7-1-2,Розбирання плитки,100 м2,матеріал,С169-1,Затирка,кг,50,45,2250,True
7-1-2,Розбирання плитки,100 м2,труд_робітників,Т1,"Труд робітників, розряд 3.8",люд.-год,141.844,95.0,13475.18,True
7-1-3,Розбирання стяжки,100 м2,матеріал,С160-1,Суміш для стяжки,м3,4.0,2800,11200.0,True
7-1-3,Розбирання стяжки,100 м2,матеріал,С161-1,Ґрунтовка,л,20,90,1800,True
7-1-3,Розбирання стяжки,100 м2,труд_робітників,Т1,"Труд робітників, розряд 3.3",люд.-год,107.969,95.0,10257.06,True
7-2-1,Стяжка,100 м2,матеріал,С160-1,Суміш для стяжки,м3,4.0,2800,11200.0,True
7-2-1,Стяжка,100 м2,матеріал,С161-1,Ґрунтовка,л,20,90,1800,True
7-2-1,Стяжка,100 м2,труд_робітників,Т1,"Труд робітників, розряд 3.3",люд.-год,91.26,95.0,8669.7,True
7-2-2,Керамічна плитка,100 м2,матеріал,С167-1,Плитка керамічна / керамограніт,м2,105,420,44100,True
7-2-2,Керамічна плитка,100 м2,матеріал,С168-1,Клей плитковий,кг,500,14,7000,True
7-2-2,Керамічна плитка,100 м2,матеріал,С169-1,Затирка,кг,50,45,2250,True
7-2-2,Керамічна плитка,100 м2,труд_робітників,Т1,"Труд робітників, розряд 3.8",люд.-год,146.128,95.0,13882.16,True
7-2-3,Лінолеум,100 м2,матеріал,С162-1,Лінолеум / ПВХ-покриття,м2,105,450,47250,True
7-2-3,Лінолеум,100 м2,матеріал,С163-1,Клей для лінолеуму,кг,40,85,3400,True
7-2-3,Лінолеум,100 м2,матеріал,С164-1,Плінтус ПВХ,м,40,55,2200,True
7-2-3,Лінолеум,100 м2,труд_робітників,Т1,"Труд робітників, розряд 3.4",люд.-год,61.127,95.0,5807.07,True
7-2-4,Ламінат,100 м2,матеріал,С165-1,Ламінат / дошка / паркет,м2,108,650,70200,True
7-2-4,Ламінат,100 м2,матеріал,С166-1,Підкладка,м2,105,45,4725,True
7-2-4,Ламінат,100 м2,матеріал,С164-2,Плінтус,м,40,70,2800,True
7-2-4,Ламінат,100 м2,труд_робітників,Т1,"Труд робітників, розряд 3.7",люд.-год,84.05,95.0,7984.75,True
8-1-1,Розбирання рулонної покрівлі,100 м2,машина,С212-1,Підйомник / кран (подача матеріалів),маш.-год,0.15,900,135.0,True
8-1-1,Розбирання рулонної покрівлі,100 м2,матеріал,С137-1,Цегла керамічна,шт,5100,12,61200,True
8-1-1,Розбирання рулонної покрівлі,100 м2,матеріал,С135-1,Розчин мурувальний,м3,2.4,2200,5280.0,True
8-1-1,Розбирання рулонної покрівлі,100 м2,труд_робітників,Т1,"Труд робітників, розряд 3.5",люд.-год,62.192,95.0,5908.24,True
8-1-1,Розбирання рулонної покрівлі,100 м2,труд_машиністів,Т2,Труд машиністів,люд.-год,0.15,110.0,16.5,True
8-1-2,Розбирання металевої покрівлі,100 м2,машина,С212-1,Підйомник / кран (подача матеріалів),маш.-год,0.15,900,135.0,True
8-1-2,Розбирання металевої покрівлі,100 м2,матеріал,С137-1,Цегла керамічна,шт,5100,12,61200,True
8-1-2,Розбирання металевої покрівлі,100 м2,матеріал,С135-1,Розчин мурувальний,м3,2.4,2200,5280.0,True
8-1-2,Розбирання металевої покрівлі,100 м2,труд_робітників,Т1,"Труд робітників, розряд 3.5",люд.-год,61.915,95.0,5881.93,True
8-1-2,Розбирання металевої покрівлі,100 м2,труд_машиністів,Т2,Труд машиністів,люд.-год,0.15,110.0,16.5,True
8-1-3,Розбирання обрешітки,100 м2,машина,С212-1,Підйомник / кран (подача матеріалів),маш.-год,0.15,900,135.0,True
8-1-3,Розбирання обрешітки,100 м2,матеріал,С137-1,Цегла керамічна,шт,5100,12,61200,True
8-1-3,Розбирання обрешітки,100 м2,матеріал,С135-1,Розчин мурувальний,м3,2.4,2200,5280.0,True
8-1-3,Розбирання обрешітки,100 м2,труд_робітників,Т1,"Труд робітників, розряд 3.5",люд.-год,64.516,95.0,6129.02,True
8-1-3,Розбирання обрешітки,100 м2,труд_машиністів,Т2,Труд машиністів,люд.-год,0.15,110.0,16.5,True
8-2-1,Ремонт рулонної покрівлі,100 м2,машина,С212-1,Підйомник / кран (подача матеріалів),маш.-год,0.15,900,135.0,True
8-2-1,Ремонт рулонної покрівлі,100 м2,матеріал,С137-1,Цегла керамічна,шт,5100,12,61200,True
8-2-1,Ремонт рулонної покрівлі,100 м2,матеріал,С135-1,Розчин мурувальний,м3,2.4,2200,5280.0,True
8-2-1,Ремонт рулонної покрівлі,100 м2,труд_робітників,Т1,"Труд робітників, розряд 3.5",люд.-год,62.145,95.0,5903.78,True
8-2-1,Ремонт рулонної покрівлі,100 м2,труд_машиністів,Т2,Труд машиністів,люд.-год,0.15,110.0,16.5,True
8-2-2,Заміна покриття з металочерепиці,100 м2,машина,С212-1,Підйомник / кран (подача матеріалів),маш.-год,0.15,900,135.0,True
8-2-2,Заміна покриття з металочерепиці,100 м2,матеріал,С137-1,Цегла керамічна,шт,5100,12,61200,True
8-2-2,Заміна покриття з металочерепиці,100 м2,матеріал,С135-1,Розчин мурувальний,м3,2.4,2200,5280.0,True
8-2-2,Заміна покриття з металочерепиці,100 м2,труд_робітників,Т1,"Труд робітників, розряд 3.5",люд.-год,55.042,95.0,5228.99,True
8-2-2,Заміна покриття з металочерепиці,100 м2,труд_машиністів,Т2,Труд машиністів,люд.-год,0.15,110.0,16.5,True
8-2-3,Ремонт примикань,100 м2,машина,С212-1,Підйомник / кран (подача матеріалів),маш.-год,0.15,900,135.0,True
8-2-3,Ремонт примикань,100 м2,матеріал,С137-1,Цегла керамічна,шт,5100,12,61200,True
8-2-3,Ремонт примикань,100 м2,матеріал,С135-1,Розчин мурувальний,м3,2.4,2200,5280.0,True
8-2-3,Ремонт примикань,100 м2,труд_робітників,Т1,"Труд робітників, розряд 3.5",люд.-год,61.728,95.0,5864.16,True
8-2-3,Ремонт примикань,100 м2,труд_машиністів,Т2,Труд машиністів,люд.-год,0.15,110.0,16.5,True
9-1-1,Ремонт ступенів,м2,матеріал,С250-1,Матеріали ремонтні,компл,1.0,1500,1500.0,True
9-1-1,Ремонт ступенів,м2,матеріал,С251-1,Суміші / розчини / фарби,компл,1.0,800,800.0,True
9-1-1,Ремонт ступенів,м2,труд_робітників,Т1,"Труд робітників, розряд 3.5",люд.-год,5.728,95.0,544.16,True
9-1-2,Заміна огороджень,м2,матеріал,С250-1,Матеріали ремонтні,компл,1.0,1500,1500.0,True
9-1-2,Заміна огороджень,м2,матеріал,С251-1,Суміші / розчини / фарби,компл,1.0,800,800.0,True
9-1-2,Заміна огороджень,м2,труд_робітників,Т1,"Труд робітників, розряд 3.5",люд.-год,6.863,95.0,651.99,True
9-1-3,Ремонт ґанків,м2,матеріал,С250-1,Матеріали ремонтні,компл,1.0,1500,1500.0,True
9-1-3,Ремонт ґанків,м2,матеріал,С251-1,Суміші / розчини / фарби,компл,1.0,800,800.0,True
9-1-3,Ремонт ґанків,м2,труд_робітників,Т1,"Труд робітників, розряд 3.5",люд.-год,5.285,95.0,502.07,True
9-1-4,Ремонт ступенів бетонних,м2,матеріал,С250-1,Матеріали ремонтні,компл,1.0,1500,1500.0,True
9-1-4,Ремонт ступенів бетонних,м2,матеріал,С251-1,Суміші / розчини / фарби,компл,1.0,800,800.0,True
9-1-4,Ремонт ступенів бетонних,м2,труд_робітників,Т1,"Труд робітників, розряд 3.5",люд.-год,5.484,95.0,520.98,True
9-1-5,Ремонт ступенів дерев'яних,м2,матеріал,С156-1,Пиломатеріали хвойні,м3,1.1,12000,13200.0,True
9-1-5,Ремонт ступенів дерев'яних,м2,матеріал,С157-1,"Цвяхи, кріплення",кг,5.0,55,275.0,True
9-1-5,Ремонт ступенів дерев'яних,м2,матеріал,С158-1,Антисептик,л,1.5,80,120.0,True
9-1-5,Ремонт ступенів дерев'яних,м2,труд_робітників,Т1,"Труд робітників, розряд 3.6",люд.-год,9.128,95.0,867.16,True
9-1-6,Заміна огороджень сходів,м,матеріал,С250-1,Матеріали ремонтні,компл,1.0,1500,1500.0,True
9-1-6,Заміна огороджень сходів,м,матеріал,С251-1,Суміші / розчини / фарби,компл,1.0,800,800.0,True
9-1-6,Заміна огороджень сходів,м,труд_робітників,Т1,"Труд робітників, розряд 3.5",люд.-год,5.255,95.0,499.22,True
9-1-7,Улаштування пандусів при ремонті,м2,матеріал,С190-1,Прилад санітарний / опалювальний,шт,1.0,3500,3500.0,True
9-1-7,Улаштування пандусів при ремонті,м2,матеріал,С191-1,Підводка / кріплення / арматура,компл,1.0,650,650.0,True
9-1-7,Улаштування пандусів при ремонті,м2,матеріал,С192-1,Герметик / ущільнювачі,компл,1.0,80,80.0,True
9-1-7,Улаштування пандусів при ремонті,м2,труд_робітників,Т1,"Труд робітників, розряд 4.0",люд.-год,4.033,95.0,383.14,True
10-1-1,Розбирання опалювальних печей,шт,матеріал,С156-1,Пиломатеріали хвойні,м3,1.1,12000,13200.0,False
10-1-1,Розбирання опалювальних печей,шт,матеріал,С157-1,"Цвяхи, кріплення",кг,5.0,55,275.0,False
10-1-1,Розбирання опалювальних печей,шт,матеріал,С158-1,Антисептик,л,1.5,80,120.0,False
10-1-1,Розбирання опалювальних печей,шт,труд_робітників,Т1,"Труд робітників, розряд 3.6",люд.-год,8.723,95.0,828.69,False
10-1-2,Розбирання кухонних вогнищ,шт,матеріал,С156-1,Пиломатеріали хвойні,м3,1.1,12000,13200.0,False
10-1-2,Розбирання кухонних вогнищ,шт,матеріал,С157-1,"Цвяхи, кріплення",кг,5.0,55,275.0,False
10-1-2,Розбирання кухонних вогнищ,шт,матеріал,С158-1,Антисептик,л,1.5,80,120.0,False
10-1-2,Розбирання кухонних вогнищ,шт,труд_робітників,Т1,"Труд робітників, розряд 3.6",люд.-год,9.536,95.0,905.92,False
10-1-3,Розбирання димових труб,шт,матеріал,С156-1,Пиломатеріали хвойні,м3,1.1,12000,13200.0,False
10-1-3,Розбирання димових труб,шт,матеріал,С157-1,"Цвяхи, кріплення",кг,5.0,55,275.0,False
10-1-3,Розбирання димових труб,шт,матеріал,С158-1,Антисептик,л,1.5,80,120.0,False
10-1-3,Розбирання димових труб,шт,труд_робітників,Т1,"Труд робітників, розряд 3.6",люд.-год,8.305,95.0,788.98,False
10-2-1,Мурування опалювальних печей,шт,машина,С212-1,Підйомник / кран (подача матеріалів),маш.-год,0.15,900,135.0,False
10-2-1,Мурування опалювальних печей,шт,матеріал,С137-1,Цегла керамічна рядова 250×120×65,шт,402.52,12,4830.24,False
10-2-1,Мурування опалювальних печей,шт,матеріал,С135-1,Розчин мурувальний М50–М75,м3,0.24,2200,528.0,False
10-2-1,Мурування опалювальних печей,шт,матеріал,С138-1,Вода,м3,0.15,40,6.0,False
10-2-1,Мурування опалювальних печей,шт,труд_робітників,Т1,"Труд робітників, розряд 3.5",люд.-год,5.002,95.0,475.19,False
10-2-1,Мурування опалювальних печей,шт,труд_машиністів,Т2,Труд машиністів,люд.-год,0.15,110.0,16.5,False
10-2-2,Ремонт футеровок печей,шт,матеріал,С156-1,Пиломатеріали хвойні,м3,1.1,12000,13200.0,False
10-2-2,Ремонт футеровок печей,шт,матеріал,С157-1,"Цвяхи, кріплення",кг,5.0,55,275.0,False
10-2-2,Ремонт футеровок печей,шт,матеріал,С158-1,Антисептик,л,1.5,80,120.0,False
10-2-2,Ремонт футеровок печей,шт,труд_робітників,Т1,"Труд робітників, розряд 3.6",люд.-год,9.228,95.0,876.66,False
10-2-3,Мурування димових труб при ремонті,шт,машина,С212-1,Підйомник / кран (подача матеріалів),маш.-год,0.15,900,135.0,False
10-2-3,Мурування димових труб при ремонті,шт,матеріал,С137-1,Цегла керамічна рядова 250×120×65,шт,408.14,12,4897.68,False
10-2-3,Мурування димових труб при ремонті,шт,матеріал,С135-1,Розчин мурувальний М50–М75,м3,0.24,2200,528.0,False
10-2-3,Мурування димових труб при ремонті,шт,матеріал,С138-1,Вода,м3,0.15,40,6.0,False
10-2-3,Мурування димових труб при ремонті,шт,труд_робітників,Т1,"Труд робітників, розряд 3.5",люд.-год,5.451,95.0,517.84,False
10-2-3,Мурування димових труб при ремонті,шт,труд_машиністів,Т2,Труд машиністів,люд.-год,0.15,110.0,16.5,False
10-2-4,Установлення металевих грубок,шт,матеріал,С156-1,Пиломатеріали хвойні,м3,1.1,12000,13200.0,False
10-2-4,Установлення металевих грубок,шт,матеріал,С157-1,"Цвяхи, кріплення",кг,5.0,55,275.0,False
10-2-4,Установлення металевих грубок,шт,матеріал,С158-1,Антисептик,л,1.5,80,120.0,False
10-2-4,Установлення металевих грубок,шт,труд_робітників,Т1,"Труд робітників, розряд 3.6",люд.-год,8.134,95.0,772.73,False
11-1-1,Відбивання штукатурки зі стін,100 м2,матеріал,С167-1,Плитка керамічна / керамограніт,м2,105,420,44100,True
11-1-1,Відбивання штукатурки зі стін,100 м2,матеріал,С168-1,Клей плитковий,кг,500,14,7000,True
11-1-1,Відбивання штукатурки зі стін,100 м2,матеріал,С169-1,Затирка,кг,50,45,2250,True
11-1-1,Відбивання штукатурки зі стін,100 м2,труд_робітників,Т1,"Труд робітників, розряд 3.8",люд.-год,137.95,95.0,13105.25,True
11-1-2,Відбивання штукатурки зі стель,100 м2,матеріал,С167-1,Плитка керамічна / керамограніт,м2,105,420,44100,True
11-1-2,Відбивання штукатурки зі стель,100 м2,матеріал,С168-1,Клей плитковий,кг,500,14,7000,True
11-1-2,Відбивання штукатурки зі стель,100 м2,матеріал,С169-1,Затирка,кг,50,45,2250,True
11-1-2,Відбивання штукатурки зі стель,100 м2,труд_робітників,Т1,"Труд робітників, розряд 3.8",люд.-год,152.394,95.0,14477.43,True
11-2-1,Покращене опорядження стін,100 м2,матеріал,С167-1,Плитка керамічна / керамограніт,м2,105,420,44100,True
11-2-1,Покращене опорядження стін,100 м2,матеріал,С168-1,Клей плитковий,кг,500,14,7000,True
11-2-1,Покращене опорядження стін,100 м2,матеріал,С169-1,Затирка,кг,50,45,2250,True
11-2-1,Покращене опорядження стін,100 м2,труд_робітників,Т1,"Труд робітників, розряд 3.8",люд.-год,148.103,95.0,14069.79,True
11-2-2,Високоякісне опорядження,100 м2,матеріал,С167-1,Плитка керамічна / керамограніт,м2,105,420,44100,True
11-2-2,Високоякісне опорядження,100 м2,матеріал,С168-1,Клей плитковий,кг,500,14,7000,True
11-2-2,Високоякісне опорядження,100 м2,матеріал,С169-1,Затирка,кг,50,45,2250,True
11-2-2,Високоякісне опорядження,100 м2,труд_робітників,Т1,"Труд робітників, розряд 3.8",люд.-год,154.307,95.0,14659.16,True
11-2-3,Опорядження укосів,100 м2,матеріал,С167-1,Плитка керамічна / керамограніт,м2,105,420,44100,True
11-2-3,Опорядження укосів,100 м2,матеріал,С168-1,Клей плитковий,кг,500,14,7000,True
11-2-3,Опорядження укосів,100 м2,матеріал,С169-1,Затирка,кг,50,45,2250,True
11-2-3,Опорядження укосів,100 м2,труд_робітників,Т1,"Труд робітників, розряд 3.8",люд.-год,142.694,95.0,13555.93,True
12-1-1,Очищення від старих фарбувань,100 м2,машина,С214-1,Пальник газовий покрівельний,маш.-год,0.8,50,40.0,True
12-1-1,Очищення від старих фарбувань,100 м2,матеріал,С174-1,Матеріал рулонний наплавлюваний,м2,115,180,20700,True
12-1-1,Очищення від старих фарбувань,100 м2,матеріал,С175-1,Праймер бітумний,л,30,70,2100,True
12-1-1,Очищення від старих фарбувань,100 м2,труд_робітників,Т1,"Труд робітників, розряд 3.6",люд.-год,86.195,95.0,8188.52,True
12-1-1,Очищення від старих фарбувань,100 м2,труд_машиністів,Т2,Труд машиністів,люд.-год,0.2,110.0,22.0,True
12-1-2,Шпаклювання суцільне,100 м2,машина,С214-1,Пальник газовий покрівельний,маш.-год,0.8,50,40.0,True
12-1-2,Шпаклювання суцільне,100 м2,матеріал,С174-1,Матеріал рулонний наплавлюваний,м2,115,180,20700,True
12-1-2,Шпаклювання суцільне,100 м2,матеріал,С175-1,Праймер бітумний,л,30,70,2100,True
12-1-2,Шпаклювання суцільне,100 м2,труд_робітників,Т1,"Труд робітників, розряд 3.6",люд.-год,87.567,95.0,8318.86,True
12-1-2,Шпаклювання суцільне,100 м2,труд_машиністів,Т2,Труд машиністів,люд.-год,0.2,110.0,22.0,True
12-1-3,Ґрунтування,100 м2,машина,С214-1,Пальник газовий покрівельний,маш.-год,0.8,50,40.0,True
12-1-3,Ґрунтування,100 м2,матеріал,С174-1,Матеріал рулонний наплавлюваний,м2,115,180,20700,True
12-1-3,Ґрунтування,100 м2,матеріал,С175-1,Праймер бітумний,л,30,70,2100,True
12-1-3,Ґрунтування,100 м2,труд_робітників,Т1,"Труд робітників, розряд 3.6",люд.-год,97.101,95.0,9224.59,True
12-1-3,Ґрунтування,100 м2,труд_машиністів,Т2,Труд машиністів,люд.-год,0.2,110.0,22.0,True
12-2-1,Фарбування стін водоемульсійне,100 м2,машина,С214-1,Пальник газовий покрівельний,маш.-год,0.8,50,40.0,True
12-2-1,Фарбування стін водоемульсійне,100 м2,матеріал,С174-1,Матеріал рулонний наплавлюваний,м2,115,180,20700,True
12-2-1,Фарбування стін водоемульсійне,100 м2,матеріал,С175-1,Праймер бітумний,л,30,70,2100,True
12-2-1,Фарбування стін водоемульсійне,100 м2,труд_робітників,Т1,"Труд робітників, розряд 3.6",люд.-год,89.543,95.0,8506.59,True
12-2-1,Фарбування стін водоемульсійне,100 м2,труд_машиністів,Т2,Труд машиністів,люд.-год,0.2,110.0,22.0,True
12-2-2,Фарбування стель,100 м2,машина,С214-1,Пальник газовий покрівельний,маш.-год,0.8,50,40.0,True
12-2-2,Фарбування стель,100 м2,матеріал,С174-1,Матеріал рулонний наплавлюваний,м2,115,180,20700,True
12-2-2,Фарбування стель,100 м2,матеріал,С175-1,Праймер бітумний,л,30,70,2100,True
12-2-2,Фарбування стель,100 м2,труд_робітників,Т1,"Труд робітників, розряд 3.6",люд.-год,92.472,95.0,8784.84,True
12-2-2,Фарбування стель,100 м2,труд_машиністів,Т2,Труд машиністів,люд.-год,0.2,110.0,22.0,True
12-2-3,Фарбування столярки,100 м2,машина,С214-1,Пальник газовий покрівельний,маш.-год,0.8,50,40.0,True
12-2-3,Фарбування столярки,100 м2,матеріал,С174-1,Матеріал рулонний наплавлюваний,м2,115,180,20700,True
12-2-3,Фарбування столярки,100 м2,матеріал,С175-1,Праймер бітумний,л,30,70,2100,True
12-2-3,Фарбування столярки,100 м2,труд_робітників,Т1,"Труд робітників, розряд 3.6",люд.-год,98.715,95.0,9377.93,True
12-2-3,Фарбування столярки,100 м2,труд_машиністів,Т2,Труд машиністів,люд.-год,0.2,110.0,22.0,True
13-1-1,Заміна скла,100 м2,матеріал,С220-1,Утеплювач плитний,м2,105,220,23100,True
13-1-1,Заміна скла,100 м2,матеріал,С221-1,Клей / дюбелі / сітка / декоративний шар,компл,100,180,18000,True
13-1-1,Заміна скла,100 м2,труд_робітників,Т1,"Труд робітників, розряд 3.5",люд.-год,118.663,95.0,11272.99,True
13-1-2,Оскління вікон,100 м2,матеріал,С188-1,Суміш штукатурна,кг,1200,8,9600,True
13-1-2,Оскління вікон,100 м2,матеріал,С181-2,Ґрунтовка,л,20,85,1700,True
13-1-2,Оскління вікон,100 м2,матеріал,С189-1,Сітка штукатурна (за потреби),м2,30,25,750,True
13-1-2,Оскління вікон,100 м2,труд_робітників,Т1,"Труд робітників, розряд 3.6",люд.-год,158.122,95.0,15021.59,True
13-2-1,Зняття старих шпалер,100 м2,матеріал,С184-1,Шпалери,м2,110,180,19800,True
13-2-1,Зняття старих шпалер,100 м2,матеріал,С185-1,Клей шпалерний,кг,20,60,1200,True
13-2-1,Зняття старих шпалер,100 м2,труд_робітників,Т1,"Труд робітників, розряд 3.5",люд.-год,61.789,95.0,5869.95,True
13-2-2,Обклеювання шпалерами,100 м2,матеріал,С184-1,Шпалери,м2,110,180,19800,True
13-2-2,Обклеювання шпалерами,100 м2,матеріал,С185-1,Клей шпалерний,кг,20,60,1200,True
13-2-2,Обклеювання шпалерами,100 м2,труд_робітників,Т1,"Труд робітників, розряд 3.5",люд.-год,61.469,95.0,5839.56,True
13-3-1,Облицювання стін плиткою,100 м2,матеріал,С180-1,Плитка облицювальна,м2,105,380,39900,True
13-3-1,Облицювання стін плиткою,100 м2,матеріал,С168-1,Клей плитковий,кг,550,14,7700,True
13-3-1,Облицювання стін плиткою,100 м2,матеріал,С169-1,Затирка,кг,60,45,2700,True
13-3-1,Облицювання стін плиткою,100 м2,труд_робітників,Т1,"Труд робітників, розряд 3.9",люд.-год,160.873,95.0,15282.93,True
13-3-2,Заміна облицювання,100 м2,матеріал,С180-1,Плитка облицювальна,м2,105,380,39900,True
13-3-2,Заміна облицювання,100 м2,матеріал,С168-1,Клей плитковий,кг,550,14,7700,True
13-3-2,Заміна облицювання,100 м2,матеріал,С169-1,Затирка,кг,60,45,2700,True
13-3-2,Заміна облицювання,100 м2,труд_робітників,Т1,"Труд робітників, розряд 3.9",люд.-год,168.083,95.0,15967.89,True
14-1-1,Зняття пошкоджених ліпних виробів,м2,матеріал,С250-1,Матеріали ремонтні,компл,1.0,1500,1500.0,False
14-1-1,Зняття пошкоджених ліпних виробів,м2,матеріал,С251-1,Суміші / розчини / фарби,компл,1.0,800,800.0,False
14-1-1,Зняття пошкоджених ліпних виробів,м2,труд_робітників,Т1,"Труд робітників, розряд 3.5",люд.-год,5.212,95.0,495.14,False
14-1-2,Відновлення ліпних карнизів,м2,матеріал,С250-1,Матеріали ремонтні,компл,1.0,1500,1500.0,False
14-1-2,Відновлення ліпних карнизів,м2,матеріал,С251-1,Суміші / розчини / фарби,компл,1.0,800,800.0,False
14-1-2,Відновлення ліпних карнизів,м2,труд_робітників,Т1,"Труд робітників, розряд 3.5",люд.-год,5.687,95.0,540.26,False
14-1-3,Відновлення розеток і капітелей,м2,матеріал,С250-1,Матеріали ремонтні,компл,1.0,1500,1500.0,False
14-1-3,Відновлення розеток і капітелей,м2,матеріал,С251-1,Суміші / розчини / фарби,компл,1.0,800,800.0,False
14-1-3,Відновлення розеток і капітелей,м2,труд_робітників,Т1,"Труд робітників, розряд 3.5",люд.-год,5.265,95.0,500.17,False
14-1-4,Установлення нових ліпних деталей,м2,матеріал,С250-1,Матеріали ремонтні,компл,1.0,1500,1500.0,False
14-1-4,Установлення нових ліпних деталей,м2,матеріал,С251-1,Суміші / розчини / фарби,компл,1.0,800,800.0,False
14-1-4,Установлення нових ліпних деталей,м2,труд_робітників,Т1,"Труд робітників, розряд 3.5",люд.-год,6.159,95.0,585.11,False
15-1-1,Демонтаж умивальників,шт,матеріал,С188-1,Суміш штукатурна,кг,12,8,96,True
15-1-1,Демонтаж умивальників,шт,матеріал,С181-2,Ґрунтовка,л,0.2,85,17.0,True
15-1-1,Демонтаж умивальників,шт,матеріал,С189-1,Сітка штукатурна (за потреби),м2,0.3,25,7.5,True
15-1-1,Демонтаж умивальників,шт,труд_робітників,Т1,"Труд робітників, розряд 3.6",люд.-год,2.068,95.0,196.46,True
15-1-2,Демонтаж унітазів,шт,матеріал,С188-1,Суміш штукатурна,кг,12,8,96,True
15-1-2,Демонтаж унітазів,шт,матеріал,С181-2,Ґрунтовка,л,0.2,85,17.0,True
15-1-2,Демонтаж унітазів,шт,матеріал,С189-1,Сітка штукатурна (за потреби),м2,0.3,25,7.5,True
15-1-2,Демонтаж унітазів,шт,труд_робітників,Т1,"Труд робітників, розряд 3.6",люд.-год,1.804,95.0,171.38,True
15-1-3,Демонтаж ванн,шт,матеріал,С188-1,Суміш штукатурна,кг,12,8,96,True
15-1-3,Демонтаж ванн,шт,матеріал,С181-2,Ґрунтовка,л,0.2,85,17.0,True
15-1-3,Демонтаж ванн,шт,матеріал,С189-1,Сітка штукатурна (за потреби),м2,0.3,25,7.5,True
15-1-3,Демонтаж ванн,шт,труд_робітників,Т1,"Труд робітників, розряд 3.6",люд.-год,1.993,95.0,189.34,True
15-2-1,Установлення умивальників,шт,матеріал,С188-1,Суміш штукатурна,кг,12,8,96,True
15-2-1,Установлення умивальників,шт,матеріал,С181-2,Ґрунтовка,л,0.2,85,17.0,True
15-2-1,Установлення умивальників,шт,матеріал,С189-1,Сітка штукатурна (за потреби),м2,0.3,25,7.5,True
15-2-1,Установлення умивальників,шт,труд_робітників,Т1,"Труд робітників, розряд 3.6",люд.-год,2.08,95.0,197.6,True
15-2-2,Установлення унітазів,шт,матеріал,С188-1,Суміш штукатурна,кг,12,8,96,True
15-2-2,Установлення унітазів,шт,матеріал,С181-2,Ґрунтовка,л,0.2,85,17.0,True
15-2-2,Установлення унітазів,шт,матеріал,С189-1,Сітка штукатурна (за потреби),м2,0.3,25,7.5,True
15-2-2,Установлення унітазів,шт,труд_робітників,Т1,"Труд робітників, розряд 3.6",люд.-год,1.976,95.0,187.72,True
15-2-3,Установлення змішувачів,шт,матеріал,С188-1,Суміш штукатурна,кг,12,8,96,True
15-2-3,Установлення змішувачів,шт,матеріал,С181-2,Ґрунтовка,л,0.2,85,17.0,True
15-2-3,Установлення змішувачів,шт,матеріал,С189-1,Сітка штукатурна (за потреби),м2,0.3,25,7.5,True
15-2-3,Установлення змішувачів,шт,труд_робітників,Т1,"Труд робітників, розряд 3.6",люд.-год,1.978,95.0,187.91,True
15-3-1,Заміна трубопроводів водопроводу,100 м,матеріал,С188-1,Суміш штукатурна,кг,1200,8,9600,True
15-3-1,Заміна трубопроводів водопроводу,100 м,матеріал,С181-2,Ґрунтовка,л,20,85,1700,True
15-3-1,Заміна трубопроводів водопроводу,100 м,матеріал,С189-1,Сітка штукатурна (за потреби),м2,30,25,750,True
15-3-1,Заміна трубопроводів водопроводу,100 м,труд_робітників,Т1,"Труд робітників, розряд 3.6",люд.-год,156.535,95.0,14870.82,True
15-3-2,Заміна трубопроводів каналізації,100 м,матеріал,С188-1,Суміш штукатурна,кг,1200,8,9600,True
15-3-2,Заміна трубопроводів каналізації,100 м,матеріал,С181-2,Ґрунтовка,л,20,85,1700,True
15-3-2,Заміна трубопроводів каналізації,100 м,матеріал,С189-1,Сітка штукатурна (за потреби),м2,30,25,750,True
15-3-2,Заміна трубопроводів каналізації,100 м,труд_робітників,Т1,"Труд робітників, розряд 3.6",люд.-год,151.638,95.0,14405.61,True
16-1-1,Ремонт водопроводу,100 м,матеріал,С193-1,Труби (сталь/ППР/ПВХ/ПЕ),м,105,120,12600,True
16-1-1,Ремонт водопроводу,100 м,матеріал,С194-1,Фітинги та арматура,компл,100,350,35000,True
16-1-1,Ремонт водопроводу,100 м,матеріал,С195-1,Кріплення / ізоляція,компл,100,90,9000,True
16-1-1,Ремонт водопроводу,100 м,труд_робітників,Т1,"Труд робітників, розряд 3.8",люд.-год,160.528,95.0,15250.16,True
16-1-2,Ремонт каналізації,100 м,матеріал,С193-1,Труби (сталь/ППР/ПВХ/ПЕ),м,105,120,12600,True
16-1-2,Ремонт каналізації,100 м,матеріал,С194-1,Фітинги та арматура,компл,100,350,35000,True
16-1-2,Ремонт каналізації,100 м,матеріал,С195-1,Кріплення / ізоляція,компл,100,90,9000,True
16-1-2,Ремонт каналізації,100 м,труд_робітників,Т1,"Труд робітників, розряд 3.8",люд.-год,173.232,95.0,16457.04,True
16-1-3,Заміна ділянок трубопроводів,100 м,матеріал,С193-1,Труби (сталь/ППР/ПВХ/ПЕ),м,105,120,12600,True
16-1-3,Заміна ділянок трубопроводів,100 м,матеріал,С194-1,Фітинги та арматура,компл,100,350,35000,True
16-1-3,Заміна ділянок трубопроводів,100 м,матеріал,С195-1,Кріплення / ізоляція,компл,100,90,9000,True
16-1-3,Заміна ділянок трубопроводів,100 м,труд_робітників,Т1,"Труд робітників, розряд 3.8",люд.-год,190.365,95.0,18084.67,True
16-1-4,Ремонт водопроводу зовнішнього,100 м,матеріал,С193-1,Труби (сталь/ППР/ПВХ/ПЕ),м,105,120,12600,True
16-1-4,Ремонт водопроводу зовнішнього,100 м,матеріал,С194-1,Фітинги та арматура,компл,100,350,35000,True
16-1-4,Ремонт водопроводу зовнішнього,100 м,матеріал,С195-1,Кріплення / ізоляція,компл,100,90,9000,True
16-1-4,Ремонт водопроводу зовнішнього,100 м,труд_робітників,Т1,"Труд робітників, розряд 3.8",люд.-год,180.819,95.0,17177.81,True
16-1-5,Ремонт каналізації зовнішньої,100 м,матеріал,С193-1,Труби (сталь/ППР/ПВХ/ПЕ),м,105,120,12600,True
16-1-5,Ремонт каналізації зовнішньої,100 м,матеріал,С194-1,Фітинги та арматура,компл,100,350,35000,True
16-1-5,Ремонт каналізації зовнішньої,100 м,матеріал,С195-1,Кріплення / ізоляція,компл,100,90,9000,True
16-1-5,Ремонт каналізації зовнішньої,100 м,труд_робітників,Т1,"Труд робітників, розряд 3.8",люд.-год,163.205,95.0,15504.48,True
16-1-6,Ремонт колодязів,шт,матеріал,С193-1,Труби (сталь/ППР/ПВХ/ПЕ),м,1.05,120,126.0,True
16-1-6,Ремонт колодязів,шт,матеріал,С194-1,Фітинги та арматура,компл,1.0,350,350.0,True
16-1-6,Ремонт колодязів,шт,матеріал,С195-1,Кріплення / ізоляція,компл,1.0,90,90.0,True
16-1-6,Ремонт колодязів,шт,труд_робітників,Т1,"Труд робітників, розряд 3.8",люд.-год,2.212,95.0,210.14,True
16-1-7,Ремонт теплових мереж,100 м,матеріал,С193-1,Труби (сталь/ППР/ПВХ/ПЕ),м,105,120,12600,True
16-1-7,Ремонт теплових мереж,100 м,матеріал,С194-1,Фітинги та арматура,компл,100,350,35000,True
16-1-7,Ремонт теплових мереж,100 м,матеріал,С195-1,Кріплення / ізоляція,компл,100,90,9000,True
16-1-7,Ремонт теплових мереж,100 м,труд_робітників,Т1,"Труд робітників, розряд 3.8",люд.-год,168.381,95.0,15996.19,True
17-1-1,Демонтаж проводки,100 м,матеріал,С193-1,Труби (сталь/ППР/ПВХ/ПЕ),м,105,120,12600,True
17-1-1,Демонтаж проводки,100 м,матеріал,С194-1,Фітинги та арматура,компл,100,350,35000,True
17-1-1,Демонтаж проводки,100 м,матеріал,С195-1,Кріплення / ізоляція,компл,100,90,9000,True
17-1-1,Демонтаж проводки,100 м,труд_робітників,Т1,"Труд робітників, розряд 3.8",люд.-год,173.452,95.0,16477.94,True
17-1-2,Демонтаж світильників,100 м,матеріал,С193-1,Труби (сталь/ППР/ПВХ/ПЕ),м,105,120,12600,True
17-1-2,Демонтаж світильників,100 м,матеріал,С194-1,Фітинги та арматура,компл,100,350,35000,True
17-1-2,Демонтаж світильників,100 м,матеріал,С195-1,Кріплення / ізоляція,компл,100,90,9000,True
17-1-2,Демонтаж світильників,100 м,труд_робітників,Т1,"Труд робітників, розряд 3.8",люд.-год,192.93,95.0,18328.35,True
17-1-3,Демонтаж щитів,100 м,матеріал,С193-1,Труби (сталь/ППР/ПВХ/ПЕ),м,105,120,12600,True
17-1-3,Демонтаж щитів,100 м,матеріал,С194-1,Фітинги та арматура,компл,100,350,35000,True
17-1-3,Демонтаж щитів,100 м,матеріал,С195-1,Кріплення / ізоляція,компл,100,90,9000,True
17-1-3,Демонтаж щитів,100 м,труд_робітників,Т1,"Труд робітників, розряд 3.8",люд.-год,187.465,95.0,17809.17,True
17-2-1,Прокладання кабелів,100 м,матеріал,С193-1,Труби (сталь/ППР/ПВХ/ПЕ),м,105,120,12600,True
17-2-1,Прокладання кабелів,100 м,матеріал,С194-1,Фітинги та арматура,компл,100,350,35000,True
17-2-1,Прокладання кабелів,100 м,матеріал,С195-1,Кріплення / ізоляція,компл,100,90,9000,True
17-2-1,Прокладання кабелів,100 м,труд_робітників,Т1,"Труд робітників, розряд 3.8",люд.-год,180.348,95.0,17133.06,True
17-2-2,Установлення розеток і вимикачів,100 м,матеріал,С193-1,Труби (сталь/ППР/ПВХ/ПЕ),м,105,120,12600,True
17-2-2,Установлення розеток і вимикачів,100 м,матеріал,С194-1,Фітинги та арматура,компл,100,350,35000,True
17-2-2,Установлення розеток і вимикачів,100 м,матеріал,С195-1,Кріплення / ізоляція,компл,100,90,9000,True
17-2-2,Установлення розеток і вимикачів,100 м,труд_робітників,Т1,"Труд робітників, розряд 3.8",люд.-год,170.024,95.0,16152.28,True
17-2-3,Установлення світильників,100 м,матеріал,С193-1,Труби (сталь/ППР/ПВХ/ПЕ),м,105,120,12600,True
17-2-3,Установлення світильників,100 м,матеріал,С194-1,Фітинги та арматура,компл,100,350,35000,True
17-2-3,Установлення світильників,100 м,матеріал,С195-1,Кріплення / ізоляція,компл,100,90,9000,True
17-2-3,Установлення світильників,100 м,труд_робітників,Т1,"Труд робітників, розряд 3.8",люд.-год,189.117,95.0,17966.11,True
17-2-4,Установлення щитів,100 м,матеріал,С193-1,Труби (сталь/ППР/ПВХ/ПЕ),м,105,120,12600,True
17-2-4,Установлення щитів,100 м,матеріал,С194-1,Фітинги та арматура,компл,100,350,35000,True
17-2-4,Установлення щитів,100 м,матеріал,С195-1,Кріплення / ізоляція,компл,100,90,9000,True
17-2-4,Установлення щитів,100 м,труд_робітників,Т1,"Труд робітників, розряд 3.8",люд.-год,180.844,95.0,17180.18,True
18-1-1,Ремонт покриттів тротуарів,100 м2,матеріал,С193-1,Труби (сталь/ППР/ПВХ/ПЕ),м,105,120,12600,True
18-1-1,Ремонт покриттів тротуарів,100 м2,матеріал,С194-1,Фітинги та арматура,компл,100,350,35000,True
18-1-1,Ремонт покриттів тротуарів,100 м2,матеріал,С195-1,Кріплення / ізоляція,компл,100,90,9000,True
18-1-1,Ремонт покриттів тротуарів,100 м2,труд_робітників,Т1,"Труд робітників, розряд 3.8",люд.-год,168.672,95.0,16023.84,True
18-1-2,Ремонт огороджень,100 м2,матеріал,С193-1,Труби (сталь/ППР/ПВХ/ПЕ),м,105,120,12600,True
18-1-2,Ремонт огороджень,100 м2,матеріал,С194-1,Фітинги та арматура,компл,100,350,35000,True
18-1-2,Ремонт огороджень,100 м2,матеріал,С195-1,Кріплення / ізоляція,компл,100,90,9000,True
18-1-2,Ремонт огороджень,100 м2,труд_робітників,Т1,"Труд робітників, розряд 3.8",люд.-год,173.025,95.0,16437.38,True
18-1-3,Відновлення озеленення,100 м2,матеріал,С193-1,Труби (сталь/ППР/ПВХ/ПЕ),м,105,120,12600,True
18-1-3,Відновлення озеленення,100 м2,матеріал,С194-1,Фітинги та арматура,компл,100,350,35000,True
18-1-3,Відновлення озеленення,100 м2,матеріал,С195-1,Кріплення / ізоляція,компл,100,90,9000,True
18-1-3,Відновлення озеленення,100 м2,труд_робітників,Т1,"Труд робітників, розряд 3.8",люд.-год,193.077,95.0,18342.31,True
18-1-4,Ремонт проїздів,100 м2,матеріал,С193-1,Труби (сталь/ППР/ПВХ/ПЕ),м,105,120,12600,True
18-1-4,Ремонт проїздів,100 м2,матеріал,С194-1,Фітинги та арматура,компл,100,350,35000,True
18-1-4,Ремонт проїздів,100 м2,матеріал,С195-1,Кріплення / ізоляція,компл,100,90,9000,True
18-1-4,Ремонт проїздів,100 м2,труд_робітників,Т1,"Труд робітників, розряд 3.8",люд.-год,182.093,95.0,17298.83,True
18-1-5,Ремонт малих архітектурних форм,шт,матеріал,С193-1,Труби (сталь/ППР/ПВХ/ПЕ),м,1.05,120,126.0,True
18-1-5,Ремонт малих архітектурних форм,шт,матеріал,С194-1,Фітинги та арматура,компл,1.0,350,350.0,True
18-1-5,Ремонт малих архітектурних форм,шт,матеріал,С195-1,Кріплення / ізоляція,компл,1.0,90,90.0,True
18-1-5,Ремонт малих архітектурних форм,шт,труд_робітників,Т1,"Труд робітників, розряд 3.8",люд.-год,2.001,95.0,190.09,True
19-1-1,Ремонт гідроізоляції,100 м2,матеріал,С193-1,Труби (сталь/ППР/ПВХ/ПЕ),м,105,120,12600,True
19-1-1,Ремонт гідроізоляції,100 м2,матеріал,С194-1,Фітинги та арматура,компл,100,350,35000,True
19-1-1,Ремонт гідроізоляції,100 м2,матеріал,С195-1,Кріплення / ізоляція,компл,100,90,9000,True
19-1-1,Ремонт гідроізоляції,100 м2,труд_робітників,Т1,"Труд робітників, розряд 3.8",люд.-год,190.113,95.0,18060.74,True
19-1-2,Ремонт теплоізоляції стін,100 м2,матеріал,С193-1,Труби (сталь/ППР/ПВХ/ПЕ),м,105,120,12600,True
19-1-2,Ремонт теплоізоляції стін,100 м2,матеріал,С194-1,Фітинги та арматура,компл,100,350,35000,True
19-1-2,Ремонт теплоізоляції стін,100 м2,матеріал,С195-1,Кріплення / ізоляція,компл,100,90,9000,True
19-1-2,Ремонт теплоізоляції стін,100 м2,труд_робітників,Т1,"Труд робітників, розряд 3.8",люд.-год,169.971,95.0,16147.25,True
19-1-3,Ремонт теплоізоляції трубопроводів,100 м2,матеріал,С193-1,Труби (сталь/ППР/ПВХ/ПЕ),м,105,120,12600,True
19-1-3,Ремонт теплоізоляції трубопроводів,100 м2,матеріал,С194-1,Фітинги та арматура,компл,100,350,35000,True
19-1-3,Ремонт теплоізоляції трубопроводів,100 м2,матеріал,С195-1,Кріплення / ізоляція,компл,100,90,9000,True
19-1-3,Ремонт теплоізоляції трубопроводів,100 м2,труд_робітників,Т1,"Труд робітників, розряд 3.8",люд.-год,183.515,95.0,17433.92,True
19-1-4,Ремонт гідроізоляції фундаментів,100 м2,матеріал,С193-1,Труби (сталь/ППР/ПВХ/ПЕ),м,105,120,12600,True
19-1-4,Ремонт гідроізоляції фундаментів,100 м2,матеріал,С194-1,Фітинги та арматура,компл,100,350,35000,True
19-1-4,Ремонт гідроізоляції фундаментів,100 м2,матеріал,С195-1,Кріплення / ізоляція,компл,100,90,9000,True
19-1-4,Ремонт гідроізоляції фундаментів,100 м2,труд_робітників,Т1,"Труд робітників, розряд 3.8",люд.-год,192.373,95.0,18275.43,True
19-1-5,Ремонт гідроізоляції покрівлі,100 м2,машина,С214-1,Пальник газовий покрівельний,маш.-год,0.8,50,40.0,True
19-1-5,Ремонт гідроізоляції покрівлі,100 м2,матеріал,С174-1,Матеріал рулонний наплавлюваний,м2,115,180,20700,True
19-1-5,Ремонт гідроізоляції покрівлі,100 м2,матеріал,С175-1,Праймер бітумний,л,30,70,2100,True
19-1-5,Ремонт гідроізоляції покрівлі,100 м2,труд_робітників,Т1,"Труд робітників, розряд 3.6",люд.-год,87.015,95.0,8266.42,True
19-1-5,Ремонт гідроізоляції покрівлі,100 м2,труд_машиністів,Т2,Труд машиністів,люд.-год,0.2,110.0,22.0,True
19-1-6,Ремонт пароізоляції,100 м2,машина,С214-1,Пальник газовий покрівельний,маш.-год,0.8,50,40.0,True
19-1-6,Ремонт пароізоляції,100 м2,матеріал,С174-1,Матеріал рулонний наплавлюваний,м2,115,180,20700,True
19-1-6,Ремонт пароізоляції,100 м2,матеріал,С175-1,Праймер бітумний,л,30,70,2100,True
19-1-6,Ремонт пароізоляції,100 м2,труд_робітників,Т1,"Труд робітників, розряд 3.6",люд.-год,94.131,95.0,8942.44,True
19-1-6,Ремонт пароізоляції,100 м2,труд_машиністів,Т2,Труд машиністів,люд.-год,0.2,110.0,22.0,True
20-1-1,Прибирання будівельного сміття,компл,матеріал,С202-m,Повітроводи оцинковані,м2,1.05,280,294.0,True
20-1-1,Прибирання будівельного сміття,компл,матеріал,С203-m,"Фланці, ущільнення, кріплення",компл,1.0,120,120.0,True
20-1-1,Прибирання будівельного сміття,компл,труд_робітників,Т1,"Труд робітників, розряд 3.9",люд.-год,3.314,95.0,314.83,True
20-1-2,Тимчасові огородження,компл,матеріал,С202-m,Повітроводи оцинковані,м2,1.05,280,294.0,True
20-1-2,Тимчасові огородження,компл,матеріал,С203-m,"Фланці, ущільнення, кріплення",компл,1.0,120,120.0,True
20-1-2,Тимчасові огородження,компл,труд_робітників,Т1,"Труд робітників, розряд 3.9",люд.-год,3.026,95.0,287.47,True
20-1-3,Інші роботи,компл,матеріал,С202-m,Повітроводи оцинковані,м2,1.05,280,294.0,True
20-1-3,Інші роботи,компл,матеріал,С203-m,"Фланці, ущільнення, кріплення",компл,1.0,120,120.0,True
20-1-3,Інші роботи,компл,труд_робітників,Т1,"Труд робітників, розряд 3.9",люд.-год,3.139,95.0,298.2,True
20-1-4,Улаштування тимчасових риштувань при ремонті,100 м2,матеріал,С190-1,Прилад санітарний / опалювальний,шт,1.0,3500,3500.0,True
20-1-4,Улаштування тимчасових риштувань при ремонті,100 м2,матеріал,С191-1,Підводка / кріплення / арматура,компл,1.0,650,650.0,True
20-1-4,Улаштування тимчасових риштувань при ремонті,100 м2,матеріал,С192-1,Герметик / ущільнювачі,компл,1.0,80,80.0,True
20-1-4,Улаштування тимчасових риштувань при ремонті,100 м2,труд_робітників,Т1,"Труд робітників, розряд 4.0",люд.-год,4.096,95.0,389.12,True
20-1-5,Перевезення сміття,т,матеріал,С202-m,Повітроводи оцинковані,м2,1.05,280,294.0,True
20-1-5,Перевезення сміття,т,матеріал,С203-m,"Фланці, ущільнення, кріплення",компл,1.0,120,120.0,True
20-1-5,Перевезення сміття,т,труд_робітників,Т1,"Труд робітників, розряд 3.9",люд.-год,3.274,95.0,311.03,True
20-1-6,Інші непередбачені ремонтні роботи,компл,матеріал,С202-m,Повітроводи оцинковані,м2,1.05,280,294.0,True
20-1-6,Інші непередбачені ремонтні роботи,компл,матеріал,С203-m,"Фланці, ущільнення, кріплення",компл,1.0,120,120.0,True
20-1-6,Інші непередбачені ремонтні роботи,компл,труд_робітників,Т1,"Труд робітників, розряд 3.9",люд.-год,3.324,95.0,315.78,True
