shifr,nazva_normy,odynytsya,typ_resursu,kod,nazva_resursu,odynytsya_resursu,vytrata,tsina_uah,vartist_uah,priorytet_prytulok
1-1-1,"Розробка ґрунту 1 групи екскаватором з ковшем до 0,25 м3",1000 м3,машина,С202-1,"Екскаватор одноковшовий 0,4–0,65 м3",маш.-год,1.7918,1200,2150.18,True
1-1-1,"Розробка ґрунту 1 групи екскаватором з ковшем до 0,25 м3",1000 м3,машина,С311-2,Автосамоскид 10 т,маш.-год,1.3945,700,976.18,True
1-1-1,"Розробка ґрунту 1 групи екскаватором з ковшем до 0,25 м3",1000 м3,матеріал,С300-1,Пальне дизельне (орієнтовно),л,27.08,55,1489.4,True
1-1-1,"Розробка ґрунту 1 групи екскаватором з ковшем до 0,25 м3",1000 м3,матеріал,С300-2,Мастильні матеріали,кг,1.3542,120,162.5,True
1-1-1,"Розробка ґрунту 1 групи екскаватором з ковшем до 0,25 м3",1000 м3,труд_робітників,Т1,"Труд робітників, розряд 3.0",люд.-год,1.389,95.0,131.96,True
1-1-1,"Розробка ґрунту 1 групи екскаватором з ковшем до 0,25 м3",1000 м3,труд_машиністів,Т2,Труд машиністів,люд.-год,1.792,110.0,197.12,True
1-1-2,"Розробка ґрунту 2 групи екскаватором з ковшем до 0,25 м3",1000 м3,машина,С202-1,"Екскаватор одноковшовий 0,4–0,65 м3",маш.-год,1.526,1200,1831.14,True
1-1-2,"Розробка ґрунту 2 групи екскаватором з ковшем до 0,25 м3",1000 м3,машина,С311-2,Автосамоскид 10 т,маш.-год,1.2173,700,852.11,True
1-1-2,"Розробка ґрунту 2 групи екскаватором з ковшем до 0,25 м3",1000 м3,матеріал,С300-1,Пальне дизельне (орієнтовно),л,23.32,55,1282.6,True
1-1-2,"Розробка ґрунту 2 групи екскаватором з ковшем до 0,25 м3",1000 м3,матеріал,С300-2,Мастильні матеріали,кг,1.1659,120,139.91,True
1-1-2,"Розробка ґрунту 2 групи екскаватором з ковшем до 0,25 м3",1000 м3,труд_робітників,Т1,"Труд робітників, розряд 3.0",люд.-год,1.035,95.0,98.32,True
1-1-2,"Розробка ґрунту 2 групи екскаватором з ковшем до 0,25 м3",1000 м3,труд_машиністів,Т2,Труд машиністів,люд.-год,1.526,110.0,167.86,True
1-1-3,"Розробка ґрунту 3 групи екскаватором з ковшем до 0,25 м3",1000 м3,машина,С202-1,"Екскаватор одноковшовий 0,4–0,65 м3",маш.-год,1.5319,1200,1838.23,True
1-1-3,"Розробка ґрунту 3 групи екскаватором з ковшем до 0,25 м3",1000 м3,машина,С311-2,Автосамоскид 10 т,маш.-год,1.2212,700,854.87,True
1-1-3,"Розробка ґрунту 3 групи екскаватором з ковшем до 0,25 м3",1000 м3,матеріал,С300-1,Пальне дизельне (орієнтовно),л,23.4,55,1287.0,True
1-1-3,"Розробка ґрунту 3 групи екскаватором з ковшем до 0,25 м3",1000 м3,матеріал,С300-2,Мастильні матеріали,кг,1.1701,120,140.41,True
1-1-3,"Розробка ґрунту 3 групи екскаватором з ковшем до 0,25 м3",1000 м3,труд_робітників,Т1,"Труд робітників, розряд 3.0",люд.-год,1.042,95.0,98.99,True
1-1-3,"Розробка ґрунту 3 групи екскаватором з ковшем до 0,25 м3",1000 м3,труд_машиністів,Т2,Труд машиністів,люд.-год,1.532,110.0,168.52,True
1-1-4,"Розробка ґрунту 1 групи екскаватором з ковшем до 0,4 м3",1000 м3,машина,С202-1,"Екскаватор одноковшовий 0,4–0,65 м3",маш.-год,1.6215,1200,1945.81,True
1-1-4,"Розробка ґрунту 1 групи екскаватором з ковшем до 0,4 м3",1000 м3,машина,С311-2,Автосамоскид 10 т,маш.-год,1.281,700,896.7,True
1-1-4,"Розробка ґрунту 1 групи екскаватором з ковшем до 0,4 м3",1000 м3,матеріал,С300-1,Пальне дизельне (орієнтовно),л,24.67,55,1356.85,True
1-1-4,"Розробка ґрунту 1 групи екскаватором з ковшем до 0,4 м3",1000 м3,матеріал,С300-2,Мастильні матеріали,кг,1.2336,120,148.03,True
1-1-4,"Розробка ґрунту 1 групи екскаватором з ковшем до 0,4 м3",1000 м3,труд_робітників,Т1,"Труд робітників, розряд 3.0",люд.-год,1.162,95.0,110.39,True
1-1-4,"Розробка ґрунту 1 групи екскаватором з ковшем до 0,4 м3",1000 м3,труд_машиністів,Т2,Труд машиністів,люд.-год,1.622,110.0,178.42,True
1-1-5,"Розробка ґрунту 2 групи екскаватором з ковшем до 0,4 м3",1000 м3,машина,С202-1,"Екскаватор одноковшовий 0,4–0,65 м3",маш.-год,1.5789,1200,1894.7,True
1-1-5,"Розробка ґрунту 2 групи екскаватором з ковшем до 0,4 м3",1000 м3,машина,С311-2,Автосамоскид 10 т,маш.-год,1.2526,700,876.83,True
1-1-5,"Розробка ґрунту 2 групи екскаватором з ковшем до 0,4 м3",1000 м3,матеріал,С300-1,Пальне дизельне (орієнтовно),л,24.07,55,1323.85,True
1-1-5,"Розробка ґрунту 2 групи екскаватором з ковшем до 0,4 м3",1000 м3,матеріал,С300-2,Мастильні матеріали,кг,1.2034,120,144.41,True
1-1-5,"Розробка ґрунту 2 групи екскаватором з ковшем до 0,4 м3",1000 м3,труд_робітників,Т1,"Труд робітників, розряд 3.0",люд.-год,1.105,95.0,104.97,True
1-1-5,"Розробка ґрунту 2 групи екскаватором з ковшем до 0,4 м3",1000 м3,труд_машиністів,Т2,Труд машиністів,люд.-год,1.579,110.0,173.69,True
1-1-6,"Розробка ґрунту 3 групи екскаватором з ковшем до 0,4 м3",1000 м3,машина,С202-1,"Екскаватор одноковшовий 0,4–0,65 м3",маш.-год,1.597,1200,1916.44,True
1-1-6,"Розробка ґрунту 3 групи екскаватором з ковшем до 0,4 м3",1000 м3,машина,С311-2,Автосамоскид 10 т,маш.-год,1.2647,700,885.28,True
1-1-6,"Розробка ґрунту 3 групи екскаватором з ковшем до 0,4 м3",1000 м3,матеріал,С300-1,Пальне дизельне (орієнтовно),л,24.32,55,1337.6,True
1-1-6,"Розробка ґрунту 3 групи екскаватором з ковшем до 0,4 м3",1000 м3,матеріал,С300-2,Мастильні матеріали,кг,1.2162,120,145.94,True
1-1-6,"Розробка ґрунту 3 групи екскаватором з ковшем до 0,4 м3",1000 м3,труд_робітників,Т1,"Труд робітників, розряд 3.0",люд.-год,1.129,95.0,107.25,True
1-1-6,"Розробка ґрунту 3 групи екскаватором з ковшем до 0,4 м3",1000 м3,труд_машиністів,Т2,Труд машиністів,люд.-год,1.597,110.0,175.67,True
1-1-7,"Розробка ґрунту 1 групи екскаватором з ковшем до 0,65 м3",1000 м3,машина,С202-1,"Екскаватор одноковшовий 0,4–0,65 м3",маш.-год,1.6089,1200,1930.72,True
1-1-7,"Розробка ґрунту 1 групи екскаватором з ковшем до 0,65 м3",1000 м3,машина,С311-2,Автосамоскид 10 т,маш.-год,1.2726,700,890.83,True
1-1-7,"Розробка ґрунту 1 групи екскаватором з ковшем до 0,65 м3",1000 м3,матеріал,С300-1,Пальне дизельне (орієнтовно),л,24.49,55,1346.95,True
1-1-7,"Розробка ґрунту 1 групи екскаватором з ковшем до 0,65 м3",1000 м3,матеріал,С300-2,Мастильні матеріали,кг,1.2246,120,146.95,True
1-1-7,"Розробка ґрунту 1 групи екскаватором з ковшем до 0,65 м3",1000 м3,труд_робітників,Т1,"Труд робітників, розряд 3.0",люд.-год,1.145,95.0,108.78,True
1-1-7,"Розробка ґрунту 1 групи екскаватором з ковшем до 0,65 м3",1000 м3,труд_машиністів,Т2,Труд машиністів,люд.-год,1.609,110.0,176.99,True
1-1-8,"Розробка ґрунту 2 групи екскаватором з ковшем до 0,65 м3",1000 м3,машина,С202-1,"Екскаватор одноковшовий 0,4–0,65 м3",маш.-год,1.7342,1200,2081.05,True
1-1-8,"Розробка ґрунту 2 групи екскаватором з ковшем до 0,65 м3",1000 м3,машина,С311-2,Автосамоскид 10 т,маш.-год,1.3561,700,949.3,True
1-1-8,"Розробка ґрунту 2 групи екскаватором з ковшем до 0,65 м3",1000 м3,матеріал,С300-1,Пальне дизельне (орієнтовно),л,26.27,55,1444.85,True
1-1-8,"Розробка ґрунту 2 групи екскаватором з ковшем до 0,65 м3",1000 м3,матеріал,С300-2,Мастильні матеріали,кг,1.3134,120,157.61,True
1-1-8,"Розробка ґрунту 2 групи екскаватором з ковшем до 0,65 м3",1000 м3,труд_робітників,Т1,"Труд робітників, розряд 3.0",люд.-год,1.312,95.0,124.64,True
1-1-8,"Розробка ґрунту 2 групи екскаватором з ковшем до 0,65 м3",1000 м3,труд_машиністів,Т2,Труд машиністів,люд.-год,1.734,110.0,190.74,True
1-2-1,"Розробка ґрунту 1 групи з навантаженням, ківш до 0,4 м3",1000 м3,машина,С202-1,"Екскаватор одноковшовий 0,4–0,65 м3",маш.-год,1.667,1200,2000.35,True
1-2-1,"Розробка ґрунту 1 групи з навантаженням, ківш до 0,4 м3",1000 м3,машина,С311-2,Автосамоскид 10 т,маш.-год,1.3113,700,917.91,True
1-2-1,"Розробка ґрунту 1 групи з навантаженням, ківш до 0,4 м3",1000 м3,матеріал,С300-1,Пальне дизельне (орієнтовно),л,25.32,55,1392.6,True
1-2-1,"Розробка ґрунту 1 групи з навантаженням, ківш до 0,4 м3",1000 м3,матеріал,С300-2,Мастильні матеріали,кг,1.2658,120,151.9,True
1-2-1,"Розробка ґрунту 1 групи з навантаженням, ківш до 0,4 м3",1000 м3,труд_робітників,Т1,"Труд робітників, розряд 3.0",люд.-год,1.223,95.0,116.19,True
1-2-1,"Розробка ґрунту 1 групи з навантаженням, ківш до 0,4 м3",1000 м3,труд_машиністів,Т2,Труд машиністів,люд.-год,1.667,110.0,183.37,True
1-2-2,"Розробка ґрунту 2 групи з навантаженням, ківш до 0,4 м3",1000 м3,машина,С202-1,"Екскаватор одноковшовий 0,4–0,65 м3",маш.-год,1.7078,1200,2049.39,True
1-2-2,"Розробка ґрунту 2 групи з навантаженням, ківш до 0,4 м3",1000 м3,машина,С311-2,Автосамоскид 10 т,маш.-год,1.3386,700,936.99,True
1-2-2,"Розробка ґрунту 2 групи з навантаженням, ківш до 0,4 м3",1000 м3,матеріал,С300-1,Пальне дизельне (орієнтовно),л,25.89,55,1423.95,True
1-2-2,"Розробка ґрунту 2 групи з навантаженням, ківш до 0,4 м3",1000 м3,матеріал,С300-2,Мастильні матеріали,кг,1.2947,120,155.36,True
1-2-2,"Розробка ґрунту 2 групи з навантаженням, ківш до 0,4 м3",1000 м3,труд_робітників,Т1,"Труд робітників, розряд 3.0",люд.-год,1.277,95.0,121.31,True
1-2-2,"Розробка ґрунту 2 групи з навантаженням, ківш до 0,4 м3",1000 м3,труд_машиністів,Т2,Труд машиністів,люд.-год,1.708,110.0,187.88,True
1-2-3,"Розробка ґрунту 3 групи з навантаженням, ківш до 0,4 м3",1000 м3,машина,С202-1,"Екскаватор одноковшовий 0,4–0,65 м3",маш.-год,1.796,1200,2155.22,True
1-2-3,"Розробка ґрунту 3 групи з навантаженням, ківш до 0,4 м3",1000 м3,машина,С311-2,Автосамоскид 10 т,маш.-год,1.3973,700,978.14,True
1-2-3,"Розробка ґрунту 3 групи з навантаженням, ківш до 0,4 м3",1000 м3,матеріал,С300-1,Пальне дизельне (орієнтовно),л,27.14,55,1492.7,True
1-2-3,"Розробка ґрунту 3 групи з навантаженням, ківш до 0,4 м3",1000 м3,матеріал,С300-2,Мастильні матеріали,кг,1.3572,120,162.86,True
1-2-3,"Розробка ґрунту 3 групи з навантаженням, ківш до 0,4 м3",1000 м3,труд_робітників,Т1,"Труд робітників, розряд 3.0",люд.-год,1.395,95.0,132.53,True
1-2-3,"Розробка ґрунту 3 групи з навантаженням, ківш до 0,4 м3",1000 м3,труд_машиністів,Т2,Труд машиністів,люд.-год,1.796,110.0,197.56,True
1-2-4,"Розробка ґрунту 1 групи з навантаженням, ківш до 0,65 м3",1000 м3,машина,С202-1,"Екскаватор одноковшовий 0,4–0,65 м3",маш.-год,1.5391,1200,1846.94,True
1-2-4,"Розробка ґрунту 1 групи з навантаженням, ківш до 0,65 м3",1000 м3,машина,С311-2,Автосамоскид 10 т,маш.-год,1.2261,700,858.26,True
1-2-4,"Розробка ґрунту 1 групи з навантаженням, ківш до 0,65 м3",1000 м3,матеріал,С300-1,Пальне дизельне (орієнтовно),л,23.5,55,1292.5,True
1-2-4,"Розробка ґрунту 1 групи з навантаженням, ківш до 0,65 м3",1000 м3,матеріал,С300-2,Мастильні матеріали,кг,1.1752,120,141.02,True
1-2-4,"Розробка ґрунту 1 групи з навантаженням, ківш до 0,65 м3",1000 м3,труд_робітників,Т1,"Труд робітників, розряд 3.0",люд.-год,1.052,95.0,99.94,True
1-2-4,"Розробка ґрунту 1 групи з навантаженням, ківш до 0,65 м3",1000 м3,труд_машиністів,Т2,Труд машиністів,люд.-год,1.539,110.0,169.29,True
1-2-5,"Розробка ґрунту 2 групи з навантаженням, ківш до 0,65 м3",1000 м3,машина,С202-1,"Екскаватор одноковшовий 0,4–0,65 м3",маш.-год,1.5192,1200,1823.02,True
1-2-5,"Розробка ґрунту 2 групи з навантаженням, ківш до 0,65 м3",1000 м3,машина,С311-2,Автосамоскид 10 т,маш.-год,1.2128,700,848.95,True
1-2-5,"Розробка ґрунту 2 групи з навантаженням, ківш до 0,65 м3",1000 м3,матеріал,С300-1,Пальне дизельне (орієнтовно),л,23.22,55,1277.1,True
1-2-5,"Розробка ґрунту 2 групи з навантаженням, ківш до 0,65 м3",1000 м3,матеріал,С300-2,Мастильні матеріали,кг,1.1611,120,139.33,True
1-2-5,"Розробка ґрунту 2 групи з навантаженням, ківш до 0,65 м3",1000 м3,труд_робітників,Т1,"Труд робітників, розряд 3.0",люд.-год,1.026,95.0,97.47,True
1-2-5,"Розробка ґрунту 2 групи з навантаженням, ківш до 0,65 м3",1000 м3,труд_машиністів,Т2,Труд машиністів,люд.-год,1.519,110.0,167.09,True
1-3-1,Розробка і переміщення ґрунту 1 групи бульдозером до 10 м,1000 м3,машина,С201-1,Бульдозер 79 кВт,маш.-год,1.3889,850,1180.58,True
1-3-1,Розробка і переміщення ґрунту 1 групи бульдозером до 10 м,1000 м3,матеріал,С300-1,Пальне дизельне (орієнтовно),л,11.81,55,649.55,True
1-3-1,Розробка і переміщення ґрунту 1 групи бульдозером до 10 м,1000 м3,матеріал,С300-2,Мастильні матеріали,кг,0.5903,120,70.84,True
1-3-1,Розробка і переміщення ґрунту 1 групи бульдозером до 10 м,1000 м3,труд_робітників,Т1,"Труд робітників, розряд 3.0",люд.-год,1.083,95.0,102.88,True
1-3-1,Розробка і переміщення ґрунту 1 групи бульдозером до 10 м,1000 м3,труд_машиністів,Т2,Труд машиністів,люд.-год,1.389,110.0,152.79,True
1-3-2,Розробка і переміщення ґрунту 2 групи бульдозером до 10 м,1000 м3,машина,С201-1,Бульдозер 79 кВт,маш.-год,1.3671,850,1161.99,True
1-3-2,Розробка і переміщення ґрунту 2 групи бульдозером до 10 м,1000 м3,матеріал,С300-1,Пальне дизельне (орієнтовно),л,11.62,55,639.1,True
1-3-2,Розробка і переміщення ґрунту 2 групи бульдозером до 10 м,1000 м3,матеріал,С300-2,Мастильні матеріали,кг,0.581,120,69.72,True
1-3-2,Розробка і переміщення ґрунту 2 групи бульдозером до 10 м,1000 м3,труд_робітників,Т1,"Труд робітників, розряд 3.0",люд.-год,1.051,95.0,99.84,True
1-3-2,Розробка і переміщення ґрунту 2 групи бульдозером до 10 м,1000 м3,труд_машиністів,Т2,Труд машиністів,люд.-год,1.367,110.0,150.37,True
1-3-3,Розробка і переміщення ґрунту 1 групи бульдозером до 20 м,1000 м3,машина,С201-1,Бульдозер 79 кВт,маш.-год,1.3161,850,1118.71,True
1-3-3,Розробка і переміщення ґрунту 1 групи бульдозером до 20 м,1000 м3,матеріал,С300-1,Пальне дизельне (орієнтовно),л,11.19,55,615.45,True
1-3-3,Розробка і переміщення ґрунту 1 групи бульдозером до 20 м,1000 м3,матеріал,С300-2,Мастильні матеріали,кг,0.5593,120,67.12,True
1-3-3,Розробка і переміщення ґрунту 1 групи бульдозером до 20 м,1000 м3,труд_робітників,Т1,"Труд робітників, розряд 3.0",люд.-год,0.974,95.0,92.53,True
1-3-3,Розробка і переміщення ґрунту 1 групи бульдозером до 20 м,1000 м3,труд_машиністів,Т2,Труд машиністів,люд.-год,1.316,110.0,144.76,True
1-3-4,Розробка і переміщення ґрунту 2 групи бульдозером до 20 м,1000 м3,машина,С201-1,Бульдозер 79 кВт,маш.-год,1.2445,850,1057.84,True
1-3-4,Розробка і переміщення ґрунту 2 групи бульдозером до 20 м,1000 м3,матеріал,С300-1,Пальне дизельне (орієнтовно),л,10.58,55,581.9,True
1-3-4,Розробка і переміщення ґрунту 2 групи бульдозером до 20 м,1000 м3,матеріал,С300-2,Мастильні матеріали,кг,0.5289,120,63.47,True
1-3-4,Розробка і переміщення ґрунту 2 групи бульдозером до 20 м,1000 м3,труд_робітників,Т1,"Труд робітників, розряд 3.0",люд.-год,0.867,95.0,82.36,True
1-3-4,Розробка і переміщення ґрунту 2 групи бульдозером до 20 м,1000 м3,труд_машиністів,Т2,Труд машиністів,люд.-год,1.245,110.0,136.95,True
1-3-5,Планування площ бульдозером,1000 м2,машина,С201-1,Бульдозер 79 кВт,маш.-год,1.3261,850,1127.17,True
1-3-5,Планування площ бульдозером,1000 м2,матеріал,С300-1,Пальне дизельне (орієнтовно),л,11.27,55,619.85,True
1-3-5,Планування площ бульдозером,1000 м2,матеріал,С300-2,Мастильні матеріали,кг,0.5636,120,67.63,True
1-3-5,Планування площ бульдозером,1000 м2,труд_робітників,Т1,"Труд робітників, розряд 3.0",люд.-год,0.989,95.0,93.95,True
1-3-5,Планування площ бульдозером,1000 м2,труд_машиністів,Т2,Труд машиністів,люд.-год,1.326,110.0,145.86,True
1-4-1,Розробка ґрунту 1 групи вручну в котлованах,100 м3,матеріал,С311-1,Перевезення ґрунту (за потреби),т,0.0,,,True
1-4-1,Розробка ґрунту 1 групи вручну в котлованах,100 м3,труд_робітників,Т1,"Труд робітників, розряд 2.5",люд.-год,46.476,95.0,4415.22,True
1-4-2,Розробка ґрунту 2 групи вручну в котлованах,100 м3,матеріал,С311-1,Перевезення ґрунту (за потреби),т,0.0,,,True
1-4-2,Розробка ґрунту 2 групи вручну в котлованах,100 м3,труд_робітників,Т1,"Труд робітників, розряд 2.5",люд.-год,46.748,95.0,4441.06,True
1-4-3,Розробка ґрунту 3 групи вручну в котлованах,100 м3,матеріал,С311-1,Перевезення ґрунту (за потреби),т,0.0,,,True
1-4-3,Розробка ґрунту 3 групи вручну в котлованах,100 м3,труд_робітників,Т1,"Труд робітників, розряд 2.5",люд.-год,52.633,95.0,5000.14,True
1-4-4,Розробка ґрунту 1 групи вручну в траншеях,100 м3,матеріал,С311-1,Перевезення ґрунту (за потреби),т,0.0,,,True
1-4-4,Розробка ґрунту 1 групи вручну в траншеях,100 м3,труд_робітників,Т1,"Труд робітників, розряд 2.5",люд.-год,52.216,95.0,4960.52,True
1-4-5,Розробка ґрунту 2 групи вручну в траншеях,100 м3,матеріал,С311-1,Перевезення ґрунту (за потреби),т,0.0,,,True
1-4-5,Розробка ґрунту 2 групи вручну в траншеях,100 м3,труд_робітників,Т1,"Труд робітників, розряд 2.5",люд.-год,49.601,95.0,4712.1,True
1-4-6,Зачищення дна і укосів котлованів і траншей,100 м2,машина,С201-2,Бульдозер / трамбівка,маш.-год,0.5,600,300.0,True
1-4-6,Зачищення дна і укосів котлованів і траншей,100 м2,матеріал,С300-1,Пальне дизельне (орієнтовно),л,4.25,55,233.75,True
1-4-6,Зачищення дна і укосів котлованів і траншей,100 м2,матеріал,С300-2,Мастильні матеріали,кг,0.2125,120,25.5,True
1-4-6,Зачищення дна і укосів котлованів і траншей,100 м2,труд_робітників,Т1,"Труд робітників, розряд 2.8",люд.-год,9.043,95.0,859.08,True
1-4-6,Зачищення дна і укосів котлованів і траншей,100 м2,труд_машиністів,Т2,Труд машиністів,люд.-год,0.5,110.0,55.0,True
1-5-1,Засипання пазух котлованів ґрунтом з ущільненням вручну,100 м3,матеріал,С311-1,Перевезення ґрунту (за потреби),т,0.0,,,True
1-5-1,Засипання пазух котлованів ґрунтом з ущільненням вручну,100 м3,труд_робітників,Т1,"Труд робітників, розряд 2.5",люд.-год,45.444,95.0,4317.18,True
1-5-2,Засипання пазух котлованів бульдозером з ущільненням,100 м3,машина,С201-1,Бульдозер 79 кВт,маш.-год,1.2088,850,1027.47,True
1-5-2,Засипання пазух котлованів бульдозером з ущільненням,100 м3,матеріал,С300-1,Пальне дизельне (орієнтовно),л,10.27,55,564.85,True
1-5-2,Засипання пазух котлованів бульдозером з ущільненням,100 м3,матеріал,С300-2,Мастильні матеріали,кг,0.5137,120,61.64,True
1-5-2,Засипання пазух котлованів бульдозером з ущільненням,100 м3,труд_робітників,Т1,"Труд робітників, розряд 3.0",люд.-год,0.813,95.0,77.23,True
1-5-2,Засипання пазух котлованів бульдозером з ущільненням,100 м3,труд_машиністів,Т2,Труд машиністів,люд.-год,1.209,110.0,132.99,True
1-5-3,Ущільнення ґрунту пневмотрамбівками,100 м3,машина,С201-2,Бульдозер / трамбівка,маш.-год,0.5,600,300.0,True
1-5-3,Ущільнення ґрунту пневмотрамбівками,100 м3,матеріал,С300-1,Пальне дизельне (орієнтовно),л,4.25,55,233.75,True
1-5-3,Ущільнення ґрунту пневмотрамбівками,100 м3,матеріал,С300-2,Мастильні матеріали,кг,0.2125,120,25.5,True
1-5-3,Ущільнення ґрунту пневмотрамбівками,100 м3,труд_робітників,Т1,"Труд робітників, розряд 2.8",люд.-год,9.134,95.0,867.73,True
1-5-3,Ущільнення ґрунту пневмотрамбівками,100 м3,труд_машиністів,Т2,Труд машиністів,люд.-год,0.5,110.0,55.0,True
1-5-4,Ущільнення ґрунту катками,1000 м3,машина,С201-2,Бульдозер / трамбівка,маш.-год,0.5,600,300.0,True
1-5-4,Ущільнення ґрунту катками,1000 м3,матеріал,С300-1,Пальне дизельне (орієнтовно),л,4.25,55,233.75,True
1-5-4,Ущільнення ґрунту катками,1000 м3,матеріал,С300-2,Мастильні матеріали,кг,0.2125,120,25.5,True
1-5-4,Ущільнення ґрунту катками,1000 м3,труд_робітників,Т1,"Труд робітників, розряд 2.8",люд.-год,9.296,95.0,883.12,True
1-5-4,Ущільнення ґрунту катками,1000 м3,труд_машиністів,Т2,Труд машиністів,люд.-год,0.5,110.0,55.0,True
1-6-1,Навантаження ґрунту екскаватором у автосамоскиди,1000 м3,машина,С202-1,"Екскаватор одноковшовий 0,4–0,65 м3",маш.-год,1.5802,1200,1896.3,True
1-6-1,Навантаження ґрунту екскаватором у автосамоскиди,1000 м3,машина,С311-2,Автосамоскид 10 т,маш.-год,1.2535,700,877.45,True
1-6-1,Навантаження ґрунту екскаватором у автосамоскиди,1000 м3,матеріал,С300-1,Пальне дизельне (орієнтовно),л,24.09,55,1324.95,True
1-6-1,Навантаження ґрунту екскаватором у автосамоскиди,1000 м3,матеріал,С300-2,Мастильні матеріали,кг,1.2043,120,144.52,True
1-6-1,Навантаження ґрунту екскаватором у автосамоскиди,1000 м3,труд_робітників,Т1,"Труд робітників, розряд 3.0",люд.-год,1.107,95.0,105.16,True
1-6-1,Навантаження ґрунту екскаватором у автосамоскиди,1000 м3,труд_машиністів,Т2,Труд машиністів,люд.-год,1.58,110.0,173.8,True
1-6-2,Перевезення ґрунту автосамоскидами до 1 км,1000 м3,матеріал,С301-1,Допоміжні матеріали,компл,1.0,150,150.0,True
1-6-2,Перевезення ґрунту автосамоскидами до 1 км,1000 м3,труд_робітників,Т1,"Труд робітників, розряд 3.2",люд.-год,2.554,95.0,242.63,True
1-6-3,Додавати на кожний наступний 1 км перевезення,1000 м3,матеріал,С301-1,Допоміжні матеріали,компл,1.0,150,150.0,True
1-6-3,Додавати на кожний наступний 1 км перевезення,1000 м3,труд_робітників,Т1,"Труд робітників, розряд 3.2",люд.-год,2.522,95.0,239.59,True
5-1-1,Занурення залізобетонних паль молотами,м3,машина,С210-1,Кран / бетононасос,маш.-год,0.6,1500,900.0,True
5-1-1,Занурення залізобетонних паль молотами,м3,машина,С211-1,Вібратор глибинний,маш.-год,0.8,120,96.0,True
5-1-1,Занурення залізобетонних паль молотами,м3,матеріал,С120-1,Бетон товарний В15–В25,м3,1.02,3200,3264.0,True
5-1-1,Занурення залізобетонних паль молотами,м3,матеріал,С121-1,Вода,м3,0.2,40,8.0,True
5-1-1,Занурення залізобетонних паль молотами,м3,труд_робітників,Т1,"Труд робітників, розряд 3.5",люд.-год,6.869,95.0,652.55,True
5-1-1,Занурення залізобетонних паль молотами,м3,труд_машиністів,Т2,Труд машиністів,люд.-год,0.6,110.0,66.0,True
5-1-2,Занурення залізобетонних паль віброзанурювачами,м3,машина,С210-1,Кран / бетононасос,маш.-год,0.6,1500,900.0,True
5-1-2,Занурення залізобетонних паль віброзанурювачами,м3,машина,С211-1,Вібратор глибинний,маш.-год,0.8,120,96.0,True
5-1-2,Занурення залізобетонних паль віброзанурювачами,м3,матеріал,С120-1,Бетон товарний В15–В25,м3,1.02,3200,3264.0,True
5-1-2,Занурення залізобетонних паль віброзанурювачами,м3,матеріал,С121-1,Вода,м3,0.2,40,8.0,True
5-1-2,Занурення залізобетонних паль віброзанурювачами,м3,труд_робітників,Т1,"Труд робітників, розряд 3.5",люд.-год,6.596,95.0,626.62,True
5-1-2,Занурення залізобетонних паль віброзанурювачами,м3,труд_машиністів,Т2,Труд машиністів,люд.-год,0.6,110.0,66.0,True
5-1-3,Улаштування буронабивних паль,м3,матеріал,С190-1,Прилад санітарний / опалювальний,шт,1.0,3500,3500.0,True
5-1-3,Улаштування буронабивних паль,м3,матеріал,С191-1,Підводка / кріплення / арматура,компл,1.0,650,650.0,True
5-1-3,Улаштування буронабивних паль,м3,матеріал,С192-1,Герметик / ущільнювачі,компл,1.0,80,80.0,True
5-1-3,Улаштування буронабивних паль,м3,труд_робітників,Т1,"Труд робітників, розряд 4.0",люд.-год,3.963,95.0,376.49,True
5-2-1,Зрізання голів паль,шт,машина,С250-m,Копер / бурова установка / кран,маш.-год,2.0,2200,4400.0,True
5-2-1,Зрізання голів паль,шт,матеріал,С260-1,Палі / бетон / метал посилення,компл,1.0,15000,15000.0,True
5-2-1,Зрізання голів паль,шт,труд_робітників,Т1,"Труд робітників, розряд 3.8",люд.-год,9.729,95.0,924.25,True
5-2-1,Зрізання голів паль,шт,труд_машиністів,Т2,Труд машиністів,люд.-год,2.0,110.0,220.0,True
5-2-2,Улаштування монолітних ростверків,м3,машина,С210-1,Кран / бетононасос,маш.-год,0.6,1500,900.0,True
5-2-2,Улаштування монолітних ростверків,м3,машина,С211-1,Вібратор глибинний,маш.-год,0.8,120,96.0,True
5-2-2,Улаштування монолітних ростверків,м3,матеріал,С120-1,Бетон товарний В15–В25,м3,1.02,3200,3264.0,True
5-2-2,Улаштування монолітних ростверків,м3,матеріал,С121-1,Вода,м3,0.2,40,8.0,True
5-2-2,Улаштування монолітних ростверків,м3,труд_робітників,Т1,"Труд робітників, розряд 3.5",люд.-год,7.204,95.0,684.38,True
5-2-2,Улаштування монолітних ростверків,м3,труд_машиністів,Т2,Труд машиністів,люд.-год,0.6,110.0,66.0,True
6-1-1,Улаштування фундаментів бетонних стрічкових,100 м3,машина,С210-1,Кран / бетононасос,маш.-год,0.6,1500,900.0,True
6-1-1,Улаштування фундаментів бетонних стрічкових,100 м3,машина,С211-1,Вібратор глибинний,маш.-год,0.8,120,96.0,True
6-1-1,Улаштування фундаментів бетонних стрічкових,100 м3,матеріал,С120-1,Бетон товарний В15–В25,м3,1.02,3200,3264.0,True
6-1-1,Улаштування фундаментів бетонних стрічкових,100 м3,матеріал,С121-1,Вода,м3,0.2,40,8.0,True
6-1-1,Улаштування фундаментів бетонних стрічкових,100 м3,труд_робітників,Т1,"Труд робітників, розряд 3.5",люд.-год,6.765,95.0,642.67,True
6-1-1,Улаштування фундаментів бетонних стрічкових,100 м3,труд_машиністів,Т2,Труд машиністів,люд.-год,0.6,110.0,66.0,True
6-1-2,Улаштування фундаментів бетонних стовпчастих,100 м3,машина,С210-1,Кран / бетононасос,маш.-год,0.6,1500,900.0,True
6-1-2,Улаштування фундаментів бетонних стовпчастих,100 м3,машина,С211-1,Вібратор глибинний,маш.-год,0.8,120,96.0,True
6-1-2,Улаштування фундаментів бетонних стовпчастих,100 м3,матеріал,С120-1,Бетон товарний В15–В25,м3,1.02,3200,3264.0,True
6-1-2,Улаштування фундаментів бетонних стовпчастих,100 м3,матеріал,С121-1,Вода,м3,0.2,40,8.0,True
6-1-2,Улаштування фундаментів бетонних стовпчастих,100 м3,труд_робітників,Т1,"Труд робітників, розряд 3.5",люд.-год,7.93,95.0,753.35,True
6-1-2,Улаштування фундаментів бетонних стовпчастих,100 м3,труд_машиністів,Т2,Труд машиністів,люд.-год,0.6,110.0,66.0,True
6-1-3,Улаштування фундаментних плит бетонних,100 м3,машина,С210-1,Кран / бетононасос,маш.-год,0.6,1500,900.0,True
6-1-3,Улаштування фундаментних плит бетонних,100 м3,машина,С211-1,Вібратор глибинний,маш.-год,0.8,120,96.0,True
6-1-3,Улаштування фундаментних плит бетонних,100 м3,матеріал,С120-1,Бетон товарний В15–В25,м3,1.02,3200,3264.0,True
6-1-3,Улаштування фундаментних плит бетонних,100 м3,матеріал,С121-1,Вода,м3,0.2,40,8.0,True
6-1-3,Улаштування фундаментних плит бетонних,100 м3,труд_робітників,Т1,"Труд робітників, розряд 3.5",люд.-год,6.721,95.0,638.5,True
6-1-3,Улаштування фундаментних плит бетонних,100 м3,труд_машиністів,Т2,Труд машиністів,люд.-год,0.6,110.0,66.0,True
6-2-1,Улаштування фундаментів залізобетонних стрічкових,100 м3,машина,С210-1,Кран / бетононасос,маш.-год,0.6,1500,900.0,True
6-2-1,Улаштування фундаментів залізобетонних стрічкових,100 м3,машина,С211-1,Вібратор глибинний,маш.-год,0.8,120,96.0,True
6-2-1,Улаштування фундаментів залізобетонних стрічкових,100 м3,матеріал,С120-1,Бетон товарний В15–В25,м3,1.02,3200,3264.0,True
6-2-1,Улаштування фундаментів залізобетонних стрічкових,100 м3,матеріал,С121-1,Вода,м3,0.2,40,8.0,True
6-2-1,Улаштування фундаментів залізобетонних стрічкових,100 м3,труд_робітників,Т1,"Труд робітників, розряд 3.5",люд.-год,8.013,95.0,761.24,True
6-2-1,Улаштування фундаментів залізобетонних стрічкових,100 м3,труд_машиністів,Т2,Труд машиністів,люд.-год,0.6,110.0,66.0,True
6-2-2,Улаштування фундаментів залізобетонних стовпчастих,100 м3,машина,С210-1,Кран / бетононасос,маш.-год,0.6,1500,900.0,True
6-2-2,Улаштування фундаментів залізобетонних стовпчастих,100 м3,машина,С211-1,Вібратор глибинний,маш.-год,0.8,120,96.0,True
6-2-2,Улаштування фундаментів залізобетонних стовпчастих,100 м3,матеріал,С120-1,Бетон товарний В15–В25,м3,1.02,3200,3264.0,True
6-2-2,Улаштування фундаментів залізобетонних стовпчастих,100 м3,матеріал,С121-1,Вода,м3,0.2,40,8.0,True
6-2-2,Улаштування фундаментів залізобетонних стовпчастих,100 м3,труд_робітників,Т1,"Труд робітників, розряд 3.5",люд.-год,7.437,95.0,706.51,True
6-2-2,Улаштування фундаментів залізобетонних стовпчастих,100 м3,труд_машиністів,Т2,Труд машиністів,люд.-год,0.6,110.0,66.0,True
6-2-3,Улаштування фундаментних плит залізобетонних,100 м3,машина,С210-1,Кран / бетононасос,маш.-год,0.6,1500,900.0,True
6-2-3,Улаштування фундаментних плит залізобетонних,100 м3,машина,С211-1,Вібратор глибинний,маш.-год,0.8,120,96.0,True
6-2-3,Улаштування фундаментних плит залізобетонних,100 м3,матеріал,С120-1,Бетон товарний В15–В25,м3,1.02,3200,3264.0,True
6-2-3,Улаштування фундаментних плит залізобетонних,100 м3,матеріал,С121-1,Вода,м3,0.2,40,8.0,True
6-2-3,Улаштування фундаментних плит залізобетонних,100 м3,труд_робітників,Т1,"Труд робітників, розряд 3.5",люд.-год,7.857,95.0,746.41,True
6-2-3,Улаштування фундаментних плит залізобетонних,100 м3,труд_машиністів,Т2,Труд машиністів,люд.-год,0.6,110.0,66.0,True
6-2-4,Улаштування ростверків залізобетонних,100 м3,машина,С210-1,Кран / бетононасос,маш.-год,0.6,1500,900.0,True
6-2-4,Улаштування ростверків залізобетонних,100 м3,машина,С211-1,Вібратор глибинний,маш.-год,0.8,120,96.0,True
6-2-4,Улаштування ростверків залізобетонних,100 м3,матеріал,С120-1,Бетон товарний В15–В25,м3,1.02,3200,3264.0,True
6-2-4,Улаштування ростверків залізобетонних,100 м3,матеріал,С121-1,Вода,м3,0.2,40,8.0,True
6-2-4,Улаштування ростверків залізобетонних,100 м3,труд_робітників,Т1,"Труд робітників, розряд 3.5",люд.-год,8.294,95.0,787.93,True
6-2-4,Улаштування ростверків залізобетонних,100 м3,труд_машиністів,Т2,Труд машиністів,люд.-год,0.6,110.0,66.0,True
6-3-1,Улаштування стін підвалів залізобетонних,100 м3,машина,С210-1,Кран / бетононасос,маш.-год,0.6,1500,900.0,True
6-3-1,Улаштування стін підвалів залізобетонних,100 м3,машина,С211-1,Вібратор глибинний,маш.-год,0.8,120,96.0,True
6-3-1,Улаштування стін підвалів залізобетонних,100 м3,матеріал,С120-1,Бетон товарний В15–В25,м3,1.02,3200,3264.0,True
6-3-1,Улаштування стін підвалів залізобетонних,100 м3,матеріал,С121-1,Вода,м3,0.2,40,8.0,True
6-3-1,Улаштування стін підвалів залізобетонних,100 м3,труд_робітників,Т1,"Труд робітників, розряд 3.5",люд.-год,7.248,95.0,688.56,True
6-3-1,Улаштування стін підвалів залізобетонних,100 м3,труд_машиністів,Т2,Труд машиністів,люд.-год,0.6,110.0,66.0,True
6-3-2,Улаштування стін надземної частини залізобетонних,100 м3,машина,С210-1,Кран / бетононасос,маш.-год,0.6,1500,900.0,True
6-3-2,Улаштування стін надземної частини залізобетонних,100 м3,машина,С211-1,Вібратор глибинний,маш.-год,0.8,120,96.0,True
6-3-2,Улаштування стін надземної частини залізобетонних,100 м3,матеріал,С120-1,Бетон товарний В15–В25,м3,1.02,3200,3264.0,True
6-3-2,Улаштування стін надземної частини залізобетонних,100 м3,матеріал,С121-1,Вода,м3,0.2,40,8.0,True
6-3-2,Улаштування стін надземної частини залізобетонних,100 м3,труд_робітників,Т1,"Труд робітників, розряд 3.5",люд.-год,6.759,95.0,642.11,True
6-3-2,Улаштування стін надземної частини залізобетонних,100 м3,труд_машиністів,Т2,Труд машиністів,люд.-год,0.6,110.0,66.0,True
6-3-3,Улаштування перегородок залізобетонних,100 м3,машина,С210-1,Кран / бетононасос,маш.-год,0.6,1500,900.0,True
6-3-3,Улаштування перегородок залізобетонних,100 м3,машина,С211-1,Вібратор глибинний,маш.-год,0.8,120,96.0,True
6-3-3,Улаштування перегородок залізобетонних,100 м3,матеріал,С120-1,Бетон товарний В15–В25,м3,1.02,3200,3264.0,True
6-3-3,Улаштування перегородок залізобетонних,100 м3,матеріал,С121-1,Вода,м3,0.2,40,8.0,True
6-3-3,Улаштування перегородок залізобетонних,100 м3,труд_робітників,Т1,"Труд робітників, розряд 3.5",люд.-год,6.5,95.0,617.5,True
6-3-3,Улаштування перегородок залізобетонних,100 м3,труд_машиністів,Т2,Труд машиністів,люд.-год,0.6,110.0,66.0,True
6-4-1,"Улаштування колон прямокутних перерізом до 0,3 м2",100 м3,матеріал,С190-1,Прилад санітарний / опалювальний,шт,1.0,3500,3500.0,True
6-4-1,"Улаштування колон прямокутних перерізом до 0,3 м2",100 м3,матеріал,С191-1,Підводка / кріплення / арматура,компл,1.0,650,650.0,True
6-4-1,"Улаштування колон прямокутних перерізом до 0,3 м2",100 м3,матеріал,С192-1,Герметик / ущільнювачі,компл,1.0,80,80.0,True
6-4-1,"Улаштування колон прямокутних перерізом до 0,3 м2",100 м3,труд_робітників,Т1,"Труд робітників, розряд 4.0",люд.-год,4.091,95.0,388.65,True
6-4-2,"Улаштування колон прямокутних перерізом понад 0,3 м2",100 м3,матеріал,С190-1,Прилад санітарний / опалювальний,шт,1.0,3500,3500.0,True
6-4-2,"Улаштування колон прямокутних перерізом понад 0,3 м2",100 м3,матеріал,С191-1,Підводка / кріплення / арматура,компл,1.0,650,650.0,True
6-4-2,"Улаштування колон прямокутних перерізом понад 0,3 м2",100 м3,матеріал,С192-1,Герметик / ущільнювачі,компл,1.0,80,80.0,True
6-4-2,"Улаштування колон прямокутних перерізом понад 0,3 м2",100 м3,труд_робітників,Т1,"Труд робітників, розряд 4.0",люд.-год,4.18,95.0,397.1,True
6-4-3,Улаштування колон круглих,100 м3,матеріал,С190-1,Прилад санітарний / опалювальний,шт,1.0,3500,3500.0,True
6-4-3,Улаштування колон круглих,100 м3,матеріал,С191-1,Підводка / кріплення / арматура,компл,1.0,650,650.0,True
6-4-3,Улаштування колон круглих,100 м3,матеріал,С192-1,Герметик / ущільнювачі,компл,1.0,80,80.0,True
6-4-3,Улаштування колон круглих,100 м3,труд_робітників,Т1,"Труд робітників, розряд 4.0",люд.-год,3.513,95.0,333.74,True
6-5-1,Улаштування перекриттів безбалкових товщиною до 200 мм,100 м3,матеріал,С190-1,Прилад санітарний / опалювальний,шт,1.0,3500,3500.0,True
6-5-1,Улаштування перекриттів безбалкових товщиною до 200 мм,100 м3,матеріал,С191-1,Підводка / кріплення / арматура,компл,1.0,650,650.0,True
6-5-1,Улаштування перекриттів безбалкових товщиною до 200 мм,100 м3,матеріал,С192-1,Герметик / ущільнювачі,компл,1.0,80,80.0,True
6-5-1,Улаштування перекриттів безбалкових товщиною до 200 мм,100 м3,труд_робітників,Т1,"Труд робітників, розряд 4.0",люд.-год,4.389,95.0,416.96,True
6-5-2,Улаштування перекриттів безбалкових товщиною понад 200 мм,100 м3,матеріал,С190-1,Прилад санітарний / опалювальний,шт,1.0,3500,3500.0,True
6-5-2,Улаштування перекриттів безбалкових товщиною понад 200 мм,100 м3,матеріал,С191-1,Підводка / кріплення / арматура,компл,1.0,650,650.0,True
6-5-2,Улаштування перекриттів безбалкових товщиною понад 200 мм,100 м3,матеріал,С192-1,Герметик / ущільнювачі,компл,1.0,80,80.0,True
6-5-2,Улаштування перекриттів безбалкових товщиною понад 200 мм,100 м3,труд_робітників,Т1,"Труд робітників, розряд 4.0",люд.-год,3.797,95.0,360.72,True
6-5-3,Улаштування перекриттів ребристих,100 м3,матеріал,С190-1,Прилад санітарний / опалювальний,шт,1.0,3500,3500.0,True
6-5-3,Улаштування перекриттів ребристих,100 м3,матеріал,С191-1,Підводка / кріплення / арматура,компл,1.0,650,650.0,True
6-5-3,Улаштування перекриттів ребристих,100 м3,матеріал,С192-1,Герметик / ущільнювачі,компл,1.0,80,80.0,True
6-5-3,Улаштування перекриттів ребристих,100 м3,труд_робітників,Т1,"Труд робітників, розряд 4.0",люд.-год,3.912,95.0,371.64,True
6-5-4,Улаштування балок і ригелів,100 м3,матеріал,С190-1,Прилад санітарний / опалювальний,шт,1.0,3500,3500.0,True
6-5-4,Улаштування балок і ригелів,100 м3,матеріал,С191-1,Підводка / кріплення / арматура,компл,1.0,650,650.0,True
6-5-4,Улаштування балок і ригелів,100 м3,матеріал,С192-1,Герметик / ущільнювачі,компл,1.0,80,80.0,True
6-5-4,Улаштування балок і ригелів,100 м3,труд_робітників,Т1,"Труд робітників, розряд 4.0",люд.-год,4.239,95.0,402.7,True
6-6-1,Установлення арматури в фундаментах,т,машина,С210-1,Кран автомобільний 10 т,маш.-год,0.4,1400,560.0,True
6-6-1,Установлення арматури в фундаментах,т,матеріал,С111-1,Арматура періодичного профілю А400/А500,т,1.02,32000,32640.0,True
6-6-1,Установлення арматури в фундаментах,т,матеріал,С112-1,Дріт в'язальний,кг,8.0,45,360.0,True
6-6-1,Установлення арматури в фундаментах,т,труд_робітників,Т1,"Труд робітників, розряд 4.0",люд.-год,18.709,95.0,1777.36,True
6-6-1,Установлення арматури в фундаментах,т,труд_машиністів,Т2,Труд машиністів,люд.-год,0.4,110.0,44.0,True
6-6-2,Установлення арматури в стінах і перегородках,т,машина,С210-1,Кран автомобільний 10 т,маш.-год,0.4,1400,560.0,True
6-6-2,Установлення арматури в стінах і перегородках,т,матеріал,С111-1,Арматура періодичного профілю А400/А500,т,1.02,32000,32640.0,True
6-6-2,Установлення арматури в стінах і перегородках,т,матеріал,С112-1,Дріт в'язальний,кг,8.0,45,360.0,True
6-6-2,Установлення арматури в стінах і перегородках,т,труд_робітників,Т1,"Труд робітників, розряд 4.0",люд.-год,21.308,95.0,2024.26,True
6-6-2,Установлення арматури в стінах і перегородках,т,труд_машиністів,Т2,Труд машиністів,люд.-год,0.4,110.0,44.0,True
6-6-3,Установлення арматури в колонах,т,машина,С210-1,Кран автомобільний 10 т,маш.-год,0.4,1400,560.0,True
6-6-3,Установлення арматури в колонах,т,матеріал,С111-1,Арматура періодичного профілю А400/А500,т,1.02,32000,32640.0,True
6-6-3,Установлення арматури в колонах,т,матеріал,С112-1,Дріт в'язальний,кг,8.0,45,360.0,True
6-6-3,Установлення арматури в колонах,т,труд_робітників,Т1,"Труд робітників, розряд 4.0",люд.-год,19.479,95.0,1850.5,True
6-6-3,Установлення арматури в колонах,т,труд_машиністів,Т2,Труд машиністів,люд.-год,0.4,110.0,44.0,True
6-6-4,Установлення арматури в перекриттях,т,машина,С210-1,Кран автомобільний 10 т,маш.-год,0.4,1400,560.0,True
6-6-4,Установлення арматури в перекриттях,т,матеріал,С111-1,Арматура періодичного профілю А400/А500,т,1.02,32000,32640.0,True
6-6-4,Установлення арматури в перекриттях,т,матеріал,С112-1,Дріт в'язальний,кг,8.0,45,360.0,True
6-6-4,Установлення арматури в перекриттях,т,труд_робітників,Т1,"Труд робітників, розряд 4.0",люд.-год,19.805,95.0,1881.47,True
6-6-4,Установлення арматури в перекриттях,т,труд_машиністів,Т2,Труд машиністів,люд.-год,0.4,110.0,44.0,True
6-6-5,Установлення арматурних сіток і каркасів,т,машина,С210-1,Кран автомобільний 10 т,маш.-год,0.4,1400,560.0,True
6-6-5,Установлення арматурних сіток і каркасів,т,матеріал,С111-1,Арматура періодичного профілю А400/А500,т,1.02,32000,32640.0,True
6-6-5,Установлення арматурних сіток і каркасів,т,матеріал,С112-1,Дріт в'язальний,кг,8.0,45,360.0,True
6-6-5,Установлення арматурних сіток і каркасів,т,труд_робітників,Т1,"Труд робітників, розряд 4.0",люд.-год,20.78,95.0,1974.1,True
6-6-5,Установлення арматурних сіток і каркасів,т,труд_машиністів,Т2,Труд машиністів,люд.-год,0.4,110.0,44.0,True
6-7-1,Установлення і розбирання опалубки фундаментів,100 м2,матеріал,С101-1,Опалубка інвентарна (амортизація),м2,1.05,45,47.25,True
6-7-1,Установлення і розбирання опалубки фундаментів,100 м2,матеріал,С102-1,Цвяхи будівельні,кг,0.3,55,16.5,True
6-7-1,Установлення і розбирання опалубки фундаментів,100 м2,матеріал,С103-1,Мастило для опалубки,кг,0.2,40,8.0,True
6-7-1,Установлення і розбирання опалубки фундаментів,100 м2,труд_робітників,Т1,"Труд робітників, розряд 3.8",люд.-год,12.16,95.0,1155.2,True
6-7-2,Установлення і розбирання опалубки стін,100 м2,матеріал,С101-1,Опалубка інвентарна (амортизація),м2,1.05,45,47.25,True
6-7-2,Установлення і розбирання опалубки стін,100 м2,матеріал,С102-1,Цвяхи будівельні,кг,0.3,55,16.5,True
6-7-2,Установлення і розбирання опалубки стін,100 м2,матеріал,С103-1,Мастило для опалубки,кг,0.2,40,8.0,True
6-7-2,Установлення і розбирання опалубки стін,100 м2,труд_робітників,Т1,"Труд робітників, розряд 3.8",люд.-год,14.211,95.0,1350.05,True
6-7-3,Установлення і розбирання опалубки колон,100 м2,матеріал,С101-1,Опалубка інвентарна (амортизація),м2,1.05,45,47.25,True
6-7-3,Установлення і розбирання опалубки колон,100 м2,матеріал,С102-1,Цвяхи будівельні,кг,0.3,55,16.5,True
6-7-3,Установлення і розбирання опалубки колон,100 м2,матеріал,С103-1,Мастило для опалубки,кг,0.2,40,8.0,True
6-7-3,Установлення і розбирання опалубки колон,100 м2,труд_робітників,Т1,"Труд робітників, розряд 3.8",люд.-год,13.514,95.0,1283.83,True
6-7-4,Установлення і розбирання опалубки перекриттів,100 м2,матеріал,С101-1,Опалубка інвентарна (амортизація),м2,1.05,45,47.25,True
6-7-4,Установлення і розбирання опалубки перекриттів,100 м2,матеріал,С102-1,Цвяхи будівельні,кг,0.3,55,16.5,True
6-7-4,Установлення і розбирання опалубки перекриттів,100 м2,матеріал,С103-1,Мастило для опалубки,кг,0.2,40,8.0,True
6-7-4,Установлення і розбирання опалубки перекриттів,100 м2,труд_робітників,Т1,"Труд робітників, розряд 3.8",люд.-год,13.538,95.0,1286.11,True
6-8-1,Улаштування сходових маршів залізобетонних,100 м3,машина,С210-1,Кран / бетононасос,маш.-год,0.6,1500,900.0,True
6-8-1,Улаштування сходових маршів залізобетонних,100 м3,машина,С211-1,Вібратор глибинний,маш.-год,0.8,120,96.0,True
6-8-1,Улаштування сходових маршів залізобетонних,100 м3,матеріал,С120-1,Бетон товарний В15–В25,м3,1.02,3200,3264.0,True
6-8-1,Улаштування сходових маршів залізобетонних,100 м3,матеріал,С121-1,Вода,м3,0.2,40,8.0,True
6-8-1,Улаштування сходових маршів залізобетонних,100 м3,труд_робітників,Т1,"Труд робітників, розряд 3.5",люд.-год,8.424,95.0,800.28,True
6-8-1,Улаштування сходових маршів залізобетонних,100 м3,труд_машиністів,Т2,Труд машиністів,люд.-год,0.6,110.0,66.0,True
6-8-2,Улаштування сходових площадок,100 м3,матеріал,С190-1,Прилад санітарний / опалювальний,шт,1.0,3500,3500.0,True
6-8-2,Улаштування сходових площадок,100 м3,матеріал,С191-1,Підводка / кріплення / арматура,компл,1.0,650,650.0,True
6-8-2,Улаштування сходових площадок,100 м3,матеріал,С192-1,Герметик / ущільнювачі,компл,1.0,80,80.0,True
6-8-2,Улаштування сходових площадок,100 м3,труд_робітників,Т1,"Труд робітників, розряд 4.0",люд.-год,4.399,95.0,417.91,True
6-8-3,Улаштування крилець,100 м3,матеріал,С190-1,Прилад санітарний / опалювальний,шт,1.0,3500,3500.0,True
6-8-3,Улаштування крилець,100 м3,матеріал,С191-1,Підводка / кріплення / арматура,компл,1.0,650,650.0,True
6-8-3,Улаштування крилець,100 м3,матеріал,С192-1,Герметик / ущільнювачі,компл,1.0,80,80.0,True
6-8-3,Улаштування крилець,100 м3,труд_робітників,Т1,"Труд робітників, розряд 4.0",люд.-год,3.971,95.0,377.25,True
7-1-1,"Укладання блоків фундаментних стінових масою до 0,5 т",100 шт,машина,С210-1,Кран / бетононасос,маш.-год,0.6,1500,900.0,True
7-1-1,"Укладання блоків фундаментних стінових масою до 0,5 т",100 шт,машина,С211-1,Вібратор глибинний,маш.-год,0.8,120,96.0,True
7-1-1,"Укладання блоків фундаментних стінових масою до 0,5 т",100 шт,матеріал,С120-1,Бетон товарний В15–В25,м3,1.02,3200,3264.0,True
7-1-1,"Укладання блоків фундаментних стінових масою до 0,5 т",100 шт,матеріал,С121-1,Вода,м3,0.2,40,8.0,True
7-1-1,"Укладання блоків фундаментних стінових масою до 0,5 т",100 шт,труд_робітників,Т1,"Труд робітників, розряд 3.5",люд.-год,6.821,95.0,648.0,True
7-1-1,"Укладання блоків фундаментних стінових масою до 0,5 т",100 шт,труд_машиністів,Т2,Труд машиністів,люд.-год,0.6,110.0,66.0,True
7-1-2,"Укладання блоків фундаментних стінових масою до 1,0 т",100 шт,машина,С210-1,Кран / бетононасос,маш.-год,0.6,1500,900.0,True
7-1-2,"Укладання блоків фундаментних стінових масою до 1,0 т",100 шт,машина,С211-1,Вібратор глибинний,маш.-год,0.8,120,96.0,True
7-1-2,"Укладання блоків фундаментних стінових масою до 1,0 т",100 шт,матеріал,С120-1,Бетон товарний В15–В25,м3,1.02,3200,3264.0,True
7-1-2,"Укладання блоків фундаментних стінових масою до 1,0 т",100 шт,матеріал,С121-1,Вода,м3,0.2,40,8.0,True
7-1-2,"Укладання блоків фундаментних стінових масою до 1,0 т",100 шт,труд_робітників,Т1,"Труд робітників, розряд 3.5",люд.-год,7.782,95.0,739.29,True
7-1-2,"Укладання блоків фундаментних стінових масою до 1,0 т",100 шт,труд_машиністів,Т2,Труд машиністів,люд.-год,0.6,110.0,66.0,True
7-1-3,"Укладання блоків фундаментних стінових масою до 1,5 т",100 шт,машина,С210-1,Кран / бетононасос,маш.-год,0.6,1500,900.0,True
7-1-3,"Укладання блоків фундаментних стінових масою до 1,5 т",100 шт,машина,С211-1,Вібратор глибинний,маш.-год,0.8,120,96.0,True
7-1-3,"Укладання блоків фундаментних стінових масою до 1,5 т",100 шт,матеріал,С120-1,Бетон товарний В15–В25,м3,1.02,3200,3264.0,True
7-1-3,"Укладання блоків фундаментних стінових масою до 1,5 т",100 шт,матеріал,С121-1,Вода,м3,0.2,40,8.0,True
7-1-3,"Укладання блоків фундаментних стінових масою до 1,5 т",100 шт,труд_робітників,Т1,"Труд робітників, розряд 3.5",люд.-год,8.142,95.0,773.49,True
7-1-3,"Укладання блоків фундаментних стінових масою до 1,5 т",100 шт,труд_машиністів,Т2,Труд машиністів,люд.-год,0.6,110.0,66.0,True
7-1-4,Укладання подушок фундаментних,100 шт,машина,С210-1,Кран / бетононасос,маш.-год,0.6,1500,900.0,True
7-1-4,Укладання подушок фундаментних,100 шт,машина,С211-1,Вібратор глибинний,маш.-год,0.8,120,96.0,True
7-1-4,Укладання подушок фундаментних,100 шт,матеріал,С120-1,Бетон товарний В15–В25,м3,1.02,3200,3264.0,True
7-1-4,Укладання подушок фундаментних,100 шт,матеріал,С121-1,Вода,м3,0.2,40,8.0,True
7-1-4,Укладання подушок фундаментних,100 шт,труд_робітників,Т1,"Труд робітників, розряд 3.5",люд.-год,6.757,95.0,641.91,True
7-1-4,Укладання подушок фундаментних,100 шт,труд_машиністів,Т2,Труд машиністів,люд.-год,0.6,110.0,66.0,True
7-2-1,Установлення колон одноповерхових масою до 2 т,шт,матеріал,С301-1,Допоміжні матеріали,компл,1.0,150,150.0,True
7-2-1,Установлення колон одноповерхових масою до 2 т,шт,труд_робітників,Т1,"Труд робітників, розряд 3.2",люд.-год,2.663,95.0,252.98,True
7-2-2,Установлення колон багатоповерхових масою до 4 т,шт,матеріал,С301-1,Допоміжні матеріали,компл,1.0,150,150.0,True
7-2-2,Установлення колон багатоповерхових масою до 4 т,шт,труд_робітників,Т1,"Труд робітників, розряд 3.2",люд.-год,3.479,95.0,330.5,True
7-2-3,Укладання ригелів масою до 3 т,шт,матеріал,С301-1,Допоміжні матеріали,компл,1.0,150,150.0,True
7-2-3,Укладання ригелів масою до 3 т,шт,труд_робітників,Т1,"Труд робітників, розряд 3.2",люд.-год,2.785,95.0,264.57,True
7-3-1,Укладання плит перекриттів багатопустотних,100 м2,матеріал,С301-1,Допоміжні матеріали,компл,1.0,150,150.0,True
7-3-1,Укладання плит перекриттів багатопустотних,100 м2,труд_робітників,Т1,"Труд робітників, розряд 3.2",люд.-год,3.25,95.0,308.75,True
7-3-2,Укладання плит покриттів ребристих,100 м2,матеріал,С301-1,Допоміжні матеріали,компл,1.0,150,150.0,True
7-3-2,Укладання плит покриттів ребристих,100 м2,труд_робітників,Т1,"Труд робітників, розряд 3.2",люд.-год,3.31,95.0,314.45,True
7-3-3,Замонолічування стиків плит перекриттів,100 м,машина,С210-1,Кран / бетононасос,маш.-год,0.6,1500,900.0,True
7-3-3,Замонолічування стиків плит перекриттів,100 м,машина,С211-1,Вібратор глибинний,маш.-год,0.8,120,96.0,True
7-3-3,Замонолічування стиків плит перекриттів,100 м,матеріал,С120-1,Бетон товарний В15–В25,м3,1.02,3200,3264.0,True
7-3-3,Замонолічування стиків плит перекриттів,100 м,матеріал,С121-1,Вода,м3,0.2,40,8.0,True
7-3-3,Замонолічування стиків плит перекриттів,100 м,труд_робітників,Т1,"Труд робітників, розряд 3.5",люд.-год,7.529,95.0,715.25,True
7-3-3,Замонолічування стиків плит перекриттів,100 м,труд_машиністів,Т2,Труд машиністів,люд.-год,0.6,110.0,66.0,True
7-4-1,Установлення панелей стінових зовнішніх,100 м2,матеріал,С301-1,Допоміжні матеріали,компл,1.0,150,150.0,True
7-4-1,Установлення панелей стінових зовнішніх,100 м2,труд_робітників,Т1,"Труд робітників, розряд 3.2",люд.-год,2.582,95.0,245.29,True
7-4-2,Установлення панелей стінових внутрішніх,100 м2,матеріал,С301-1,Допоміжні матеріали,компл,1.0,150,150.0,True
7-4-2,Установлення панелей стінових внутрішніх,100 м2,труд_робітників,Т1,"Труд робітників, розряд 3.2",люд.-год,3.199,95.0,303.9,True
7-4-3,Установлення панелей перегородок,100 м2,машина,С212-1,Підйомник / кран (подача матеріалів),маш.-год,0.15,900,135.0,True
7-4-3,Установлення панелей перегородок,100 м2,матеріал,С137-1,Цегла керамічна,шт,5100,12,61200,True
7-4-3,Установлення панелей перегородок,100 м2,матеріал,С135-1,Розчин мурувальний,м3,2.4,2200,5280.0,True
7-4-3,Установлення панелей перегородок,100 м2,труд_робітників,Т1,"Труд робітників, розряд 3.5",люд.-год,58.806,95.0,5586.57,True
7-4-3,Установлення панелей перегородок,100 м2,труд_машиністів,Т2,Труд машиністів,люд.-год,0.15,110.0,16.5,True
7-5-1,Установлення сходових маршів,шт,матеріал,С301-1,Допоміжні матеріали,компл,1.0,150,150.0,True
7-5-1,Установлення сходових маршів,шт,труд_робітників,Т1,"Труд робітників, розряд 3.2",люд.-год,2.673,95.0,253.94,True
7-5-2,Установлення сходових площадок,шт,матеріал,С301-1,Допоміжні матеріали,компл,1.0,150,150.0,True
7-5-2,Установлення сходових площадок,шт,труд_робітників,Т1,"Труд робітників, розряд 3.2",люд.-год,3.161,95.0,300.3,True
7-5-3,Установлення елементів огородження сходів,м,матеріал,С301-1,Допоміжні матеріали,компл,1.0,150,150.0,True
7-5-3,Установлення елементів огородження сходів,м,труд_робітників,Т1,"Труд робітників, розряд 3.2",люд.-год,3.089,95.0,293.45,True
7-6-1,Установлення санітарно-технічних кабін,шт,матеріал,С301-1,Допоміжні матеріали,компл,1.0,150,150.0,True
7-6-1,Установлення санітарно-технічних кабін,шт,труд_робітників,Т1,"Труд робітників, розряд 3.2",люд.-год,3.485,95.0,331.07,True
7-6-2,Установлення вентиляційних блоків,шт,машина,С212-1,Підйомник / кран (подача матеріалів),маш.-год,0.15,900,135.0,True
7-6-2,Установлення вентиляційних блоків,шт,матеріал,С137-1,Цегла керамічна рядова 250×120×65,шт,400.82,12,4809.84,True
7-6-2,Установлення вентиляційних блоків,шт,матеріал,С135-1,Розчин мурувальний М50–М75,м3,0.24,2200,528.0,True
7-6-2,Установлення вентиляційних блоків,шт,матеріал,С138-1,Вода,м3,0.15,40,6.0,True
7-6-2,Установлення вентиляційних блоків,шт,труд_робітників,Т1,"Труд робітників, розряд 3.5",люд.-год,4.866,95.0,462.27,True
7-6-2,Установлення вентиляційних блоків,шт,труд_машиністів,Т2,Труд машиністів,люд.-год,0.15,110.0,16.5,True
7-6-3,Установлення ліфтових шахт збірних,шт,матеріал,С301-1,Допоміжні матеріали,компл,1.0,150,150.0,True
7-6-3,Установлення ліфтових шахт збірних,шт,труд_робітників,Т1,"Труд робітників, розряд 3.2",люд.-год,2.851,95.0,270.84,True
8-1-1,Улаштування фундаментів із бутового каменю під лопату,м3,машина,С212-1,Підйомник / кран (подача матеріалів),маш.-год,0.15,900,135.0,True
8-1-1,Улаштування фундаментів із бутового каменю під лопату,м3,матеріал,С134-1,Камінь бутовий,м3,1.05,900,945.0,True
8-1-1,Улаштування фундаментів із бутового каменю під лопату,м3,матеріал,С135-1,Розчин мурувальний М50–М75,м3,0.38,2200,836.0,True
8-1-1,Улаштування фундаментів із бутового каменю під лопату,м3,труд_робітників,Т1,"Труд робітників, розряд 3.3",люд.-год,6.141,95.0,583.39,True
8-1-1,Улаштування фундаментів із бутового каменю під лопату,м3,труд_машиністів,Т2,Труд машиністів,люд.-год,0.15,110.0,16.5,True
8-1-2,Улаштування фундаментів із бутового каменю під скобу,м3,машина,С212-1,Підйомник / кран (подача матеріалів),маш.-год,0.15,900,135.0,True
8-1-2,Улаштування фундаментів із бутового каменю під скобу,м3,матеріал,С134-1,Камінь бутовий,м3,1.05,900,945.0,True
8-1-2,Улаштування фундаментів із бутового каменю під скобу,м3,матеріал,С135-1,Розчин мурувальний М50–М75,м3,0.38,2200,836.0,True
8-1-2,Улаштування фундаментів із бутового каменю під скобу,м3,труд_робітників,Т1,"Труд робітників, розряд 3.3",люд.-год,6.469,95.0,614.56,True
8-1-2,Улаштування фундаментів із бутового каменю під скобу,м3,труд_машиністів,Т2,Труд машиністів,люд.-год,0.15,110.0,16.5,True
8-1-3,Мурування стін із бутового каменю під лопату,м3,машина,С212-1,Підйомник / кран (подача матеріалів),маш.-год,0.15,900,135.0,True
8-1-3,Мурування стін із бутового каменю під лопату,м3,матеріал,С134-1,Камінь бутовий,м3,1.05,900,945.0,True
8-1-3,Мурування стін із бутового каменю під лопату,м3,матеріал,С135-1,Розчин мурувальний М50–М75,м3,0.38,2200,836.0,True
8-1-3,Мурування стін із бутового каменю під лопату,м3,труд_робітників,Т1,"Труд робітників, розряд 3.3",люд.-год,6.334,95.0,601.73,True
8-1-3,Мурування стін із бутового каменю під лопату,м3,труд_машиністів,Т2,Труд машиністів,люд.-год,0.15,110.0,16.5,True
8-1-4,Мурування стін із бутового каменю під скобу,м3,машина,С212-1,Підйомник / кран (подача матеріалів),маш.-год,0.15,900,135.0,True
8-1-4,Мурування стін із бутового каменю під скобу,м3,матеріал,С134-1,Камінь бутовий,м3,1.05,900,945.0,True
8-1-4,Мурування стін із бутового каменю під скобу,м3,матеріал,С135-1,Розчин мурувальний М50–М75,м3,0.38,2200,836.0,True
8-1-4,Мурування стін із бутового каменю під скобу,м3,труд_робітників,Т1,"Труд робітників, розряд 3.3",люд.-год,5.875,95.0,558.12,True
8-1-4,Мурування стін із бутового каменю під скобу,м3,труд_машиністів,Т2,Труд машиністів,люд.-год,0.15,110.0,16.5,True
8-2-1,Улаштування піщаної основи під фундаменти,м3,машина,С212-1,Підйомник / кран (подача матеріалів),маш.-год,0.15,900,135.0,True
8-2-1,Улаштування піщаної основи під фундаменти,м3,матеріал,С137-1,Цегла керамічна рядова 250×120×65,шт,407.3,12,4887.6,True
8-2-1,Улаштування піщаної основи під фундаменти,м3,матеріал,С135-1,Розчин мурувальний М50–М75,м3,0.24,2200,528.0,True
8-2-1,Улаштування піщаної основи під фундаменти,м3,матеріал,С138-1,Вода,м3,0.15,40,6.0,True
8-2-1,Улаштування піщаної основи під фундаменти,м3,труд_робітників,Т1,"Труд робітників, розряд 3.5",люд.-год,5.384,95.0,511.48,True
8-2-1,Улаштування піщаної основи під фундаменти,м3,труд_машиністів,Т2,Труд машиністів,люд.-год,0.15,110.0,16.5,True
8-2-2,Улаштування щебеневої основи під фундаменти,м3,машина,С212-1,Підйомник / кран (подача матеріалів),маш.-год,0.15,900,135.0,True
8-2-2,Улаштування щебеневої основи під фундаменти,м3,матеріал,С137-1,Цегла керамічна рядова 250×120×65,шт,406.15,12,4873.8,True
8-2-2,Улаштування щебеневої основи під фундаменти,м3,матеріал,С135-1,Розчин мурувальний М50–М75,м3,0.24,2200,528.0,True
8-2-2,Улаштування щебеневої основи під фундаменти,м3,матеріал,С138-1,Вода,м3,0.15,40,6.0,True
8-2-2,Улаштування щебеневої основи під фундаменти,м3,труд_робітників,Т1,"Труд робітників, розряд 3.5",люд.-год,5.292,95.0,502.74,True
8-2-2,Улаштування щебеневої основи під фундаменти,м3,труд_машиністів,Т2,Труд машиністів,люд.-год,0.15,110.0,16.5,True
8-3-1,Горизонтальна ізоляція цементним розчином,100 м2,машина,С212-1,Підйомник / кран (подача матеріалів),маш.-год,0.15,900,135.0,True
8-3-1,Горизонтальна ізоляція цементним розчином,100 м2,матеріал,С137-1,Цегла керамічна,шт,5100,12,61200,True
8-3-1,Горизонтальна ізоляція цементним розчином,100 м2,матеріал,С135-1,Розчин мурувальний,м3,2.4,2200,5280.0,True
8-3-1,Горизонтальна ізоляція цементним розчином,100 м2,труд_робітників,Т1,"Труд робітників, розряд 3.5",люд.-год,58.547,95.0,5561.97,True
8-3-1,Горизонтальна ізоляція цементним розчином,100 м2,труд_машиністів,Т2,Труд машиністів,люд.-год,0.15,110.0,16.5,True
8-3-2,Горизонтальна ізоляція рулонними матеріалами в 1 шар,100 м2,машина,С212-1,Підйомник / кран (подача матеріалів),маш.-год,0.15,900,135.0,True
8-3-2,Горизонтальна ізоляція рулонними матеріалами в 1 шар,100 м2,матеріал,С137-1,Цегла керамічна,шт,5100,12,61200,True
8-3-2,Горизонтальна ізоляція рулонними матеріалами в 1 шар,100 м2,матеріал,С135-1,Розчин мурувальний,м3,2.4,2200,5280.0,True
8-3-2,Горизонтальна ізоляція рулонними матеріалами в 1 шар,100 м2,труд_робітників,Т1,"Труд робітників, розряд 3.5",люд.-год,56.427,95.0,5360.56,True
8-3-2,Горизонтальна ізоляція рулонними матеріалами в 1 шар,100 м2,труд_машиністів,Т2,Труд машиністів,люд.-год,0.15,110.0,16.5,True
8-3-3,Горизонтальна ізоляція рулонними матеріалами в 2 шари,100 м2,машина,С212-1,Підйомник / кран (подача матеріалів),маш.-год,0.15,900,135.0,True
8-3-3,Горизонтальна ізоляція рулонними матеріалами в 2 шари,100 м2,матеріал,С137-1,Цегла керамічна,шт,5100,12,61200,True
8-3-3,Горизонтальна ізоляція рулонними матеріалами в 2 шари,100 м2,матеріал,С135-1,Розчин мурувальний,м3,2.4,2200,5280.0,True
8-3-3,Горизонтальна ізоляція рулонними матеріалами в 2 шари,100 м2,труд_робітників,Т1,"Труд робітників, розряд 3.5",люд.-год,58.605,95.0,5567.47,True
8-3-3,Горизонтальна ізоляція рулонними матеріалами в 2 шари,100 м2,труд_машиністів,Т2,Труд машиністів,люд.-год,0.15,110.0,16.5,True
8-3-4,Бокова обмазувальна ізоляція бітумною мастикою,100 м2,машина,С212-1,Підйомник / кран (подача матеріалів),маш.-год,0.15,900,135.0,True
8-3-4,Бокова обмазувальна ізоляція бітумною мастикою,100 м2,матеріал,С137-1,Цегла керамічна,шт,5100,12,61200,True
8-3-4,Бокова обмазувальна ізоляція бітумною мастикою,100 м2,матеріал,С135-1,Розчин мурувальний,м3,2.4,2200,5280.0,True
8-3-4,Бокова обмазувальна ізоляція бітумною мастикою,100 м2,труд_робітників,Т1,"Труд робітників, розряд 3.5",люд.-год,55.77,95.0,5298.15,True
8-3-4,Бокова обмазувальна ізоляція бітумною мастикою,100 м2,труд_машиністів,Т2,Труд машиністів,люд.-год,0.15,110.0,16.5,True
8-3-5,Бокова обклеювальна ізоляція рулонними матеріалами,100 м2,машина,С212-1,Підйомник / кран (подача матеріалів),маш.-год,0.15,900,135.0,True
8-3-5,Бокова обклеювальна ізоляція рулонними матеріалами,100 м2,матеріал,С130-1,Блоки газобетонні,м3,1.02,2800,2856.0,True
8-3-5,Бокова обклеювальна ізоляція рулонними матеріалами,100 м2,матеріал,С131-1,Клейова суміш для газобетону,кг,25,18,450,True
8-3-5,Бокова обклеювальна ізоляція рулонними матеріалами,100 м2,матеріал,С132-1,Арматура для армопоясів / сітка,кг,2.5,35,87.5,True
8-3-5,Бокова обклеювальна ізоляція рулонними матеріалами,100 м2,труд_робітників,Т1,"Труд робітників, розряд 3.6",люд.-год,4.24,95.0,402.8,True
8-3-5,Бокова обклеювальна ізоляція рулонними матеріалами,100 м2,труд_машиністів,Т2,Труд машиністів,люд.-год,0.15,110.0,16.5,True
8-3-6,Бокова обклеювальна ізоляція в 2 шари,100 м2,машина,С212-1,Підйомник / кран (подача матеріалів),маш.-год,0.15,900,135.0,True
8-3-6,Бокова обклеювальна ізоляція в 2 шари,100 м2,матеріал,С130-1,Блоки газобетонні,м3,1.02,2800,2856.0,True
8-3-6,Бокова обклеювальна ізоляція в 2 шари,100 м2,матеріал,С131-1,Клейова суміш для газобетону,кг,25,18,450,True
8-3-6,Бокова обклеювальна ізоляція в 2 шари,100 м2,матеріал,С132-1,Арматура для армопоясів / сітка,кг,2.5,35,87.5,True
8-3-6,Бокова обклеювальна ізоляція в 2 шари,100 м2,труд_робітників,Т1,"Труд робітників, розряд 3.6",люд.-год,4.519,95.0,429.31,True
8-3-6,Бокова обклеювальна ізоляція в 2 шари,100 м2,труд_машиністів,Т2,Труд машиністів,люд.-год,0.15,110.0,16.5,True
8-5-1,"Мурування зовнішніх простих стін із цегли керамічної, висота поверху до 4 м",м3,машина,С212-1,Підйомник / кран (подача матеріалів),маш.-год,0.15,900,135.0,True
8-5-1,"Мурування зовнішніх простих стін із цегли керамічної, висота поверху до 4 м",м3,матеріал,С137-1,Цегла керамічна рядова 250×120×65,шт,407.98,12,4895.76,True
8-5-1,"Мурування зовнішніх простих стін із цегли керамічної, висота поверху до 4 м",м3,матеріал,С135-1,Розчин мурувальний М50–М75,м3,0.24,2200,528.0,True
8-5-1,"Мурування зовнішніх простих стін із цегли керамічної, висота поверху до 4 м",м3,матеріал,С138-1,Вода,м3,0.15,40,6.0,True
8-5-1,"Мурування зовнішніх простих стін із цегли керамічної, висота поверху до 4 м",м3,труд_робітників,Т1,"Труд робітників, розряд 3.5",люд.-год,5.438,95.0,516.61,True
8-5-1,"Мурування зовнішніх простих стін із цегли керамічної, висота поверху до 4 м",м3,труд_машиністів,Т2,Труд машиністів,люд.-год,0.15,110.0,16.5,True
8-5-2,Мурування зовнішніх стін середньої складності із цегли керамічної,м3,машина,С212-1,Підйомник / кран (подача матеріалів),маш.-год,0.15,900,135.0,True
8-5-2,Мурування зовнішніх стін середньої складності із цегли керамічної,м3,матеріал,С137-1,Цегла керамічна рядова 250×120×65,шт,406.0,12,4872.0,True
8-5-2,Мурування зовнішніх стін середньої складності із цегли керамічної,м3,матеріал,С135-1,Розчин мурувальний М50–М75,м3,0.24,2200,528.0,True
8-5-2,Мурування зовнішніх стін середньої складності із цегли керамічної,м3,матеріал,С138-1,Вода,м3,0.15,40,6.0,True
8-5-2,Мурування зовнішніх стін середньої складності із цегли керамічної,м3,труд_робітників,Т1,"Труд робітників, розряд 3.5",люд.-год,5.28,95.0,501.6,True
8-5-2,Мурування зовнішніх стін середньої складності із цегли керамічної,м3,труд_машиністів,Т2,Труд машиністів,люд.-год,0.15,110.0,16.5,True
8-5-3,Мурування зовнішніх складних стін із цегли керамічної,м3,машина,С212-1,Підйомник / кран (подача матеріалів),маш.-год,0.15,900,135.0,True
8-5-3,Мурування зовнішніх складних стін із цегли керамічної,м3,матеріал,С137-1,Цегла керамічна рядова 250×120×65,шт,400.83,12,4809.96,True
8-5-3,Мурування зовнішніх складних стін із цегли керамічної,м3,матеріал,С135-1,Розчин мурувальний М50–М75,м3,0.24,2200,528.0,True
8-5-3,Мурування зовнішніх складних стін із цегли керамічної,м3,матеріал,С138-1,Вода,м3,0.15,40,6.0,True
8-5-3,Мурування зовнішніх складних стін із цегли керамічної,м3,труд_робітників,Т1,"Труд робітників, розряд 3.5",люд.-год,4.866,95.0,462.27,True
8-5-3,Мурування зовнішніх складних стін із цегли керамічної,м3,труд_машиністів,Т2,Труд машиністів,люд.-год,0.15,110.0,16.5,True
8-5-4,Мурування внутрішніх стін із цегли керамічної,м3,машина,С212-1,Підйомник / кран (подача матеріалів),маш.-год,0.15,900,135.0,True
8-5-4,Мурування внутрішніх стін із цегли керамічної,м3,матеріал,С137-1,Цегла керамічна рядова 250×120×65,шт,407.9,12,4894.8,True
8-5-4,Мурування внутрішніх стін із цегли керамічної,м3,матеріал,С135-1,Розчин мурувальний М50–М75,м3,0.24,2200,528.0,True
8-5-4,Мурування внутрішніх стін із цегли керамічної,м3,матеріал,С138-1,Вода,м3,0.15,40,6.0,True
8-5-4,Мурування внутрішніх стін із цегли керамічної,м3,труд_робітників,Т1,"Труд робітників, розряд 3.5",люд.-год,5.432,95.0,516.04,True
8-5-4,Мурування внутрішніх стін із цегли керамічної,м3,труд_машиністів,Т2,Труд машиністів,люд.-год,0.15,110.0,16.5,True
8-5-5,Мурування зовнішніх простих стін із цегли силікатної,м3,машина,С212-1,Підйомник / кран (подача матеріалів),маш.-год,0.15,900,135.0,True
8-5-5,Мурування зовнішніх простих стін із цегли силікатної,м3,матеріал,С137-2,Цегла силікатна,шт,400,10,4000,True
8-5-5,Мурування зовнішніх простих стін із цегли силікатної,м3,матеріал,С135-1,Розчин мурувальний М50–М75,м3,0.24,2200,528.0,True
8-5-5,Мурування зовнішніх простих стін із цегли силікатної,м3,матеріал,С138-1,Вода,м3,0.15,40,6.0,True
8-5-5,Мурування зовнішніх простих стін із цегли силікатної,м3,труд_робітників,Т1,"Труд робітників, розряд 3.5",люд.-год,5.199,95.0,493.9,True
8-5-5,Мурування зовнішніх простих стін із цегли силікатної,м3,труд_машиністів,Т2,Труд машиністів,люд.-год,0.15,110.0,16.5,True
8-5-6,Мурування внутрішніх стін із цегли силікатної,м3,машина,С212-1,Підйомник / кран (подача матеріалів),маш.-год,0.15,900,135.0,True
8-5-6,Мурування внутрішніх стін із цегли силікатної,м3,матеріал,С137-2,Цегла силікатна,шт,400,10,4000,True
8-5-6,Мурування внутрішніх стін із цегли силікатної,м3,матеріал,С135-1,Розчин мурувальний М50–М75,м3,0.24,2200,528.0,True
8-5-6,Мурування внутрішніх стін із цегли силікатної,м3,матеріал,С138-1,Вода,м3,0.15,40,6.0,True
8-5-6,Мурування внутрішніх стін із цегли силікатної,м3,труд_робітників,Т1,"Труд робітників, розряд 3.5",люд.-год,5.415,95.0,514.42,True
8-5-6,Мурування внутрішніх стін із цегли силікатної,м3,труд_машиністів,Т2,Труд машиністів,люд.-год,0.15,110.0,16.5,True
8-5-7,Мурування стін із цегли при висоті поверху понад 4 м,м3,машина,С212-1,Підйомник / кран (подача матеріалів),маш.-год,0.15,900,135.0,True
8-5-7,Мурування стін із цегли при висоті поверху понад 4 м,м3,матеріал,С137-1,Цегла керамічна рядова 250×120×65,шт,407.46,12,4889.52,True
8-5-7,Мурування стін із цегли при висоті поверху понад 4 м,м3,матеріал,С135-1,Розчин мурувальний М50–М75,м3,0.24,2200,528.0,True
8-5-7,Мурування стін із цегли при висоті поверху понад 4 м,м3,матеріал,С138-1,Вода,м3,0.15,40,6.0,True
8-5-7,Мурування стін із цегли при висоті поверху понад 4 м,м3,труд_робітників,Т1,"Труд робітників, розряд 3.5",люд.-год,5.397,95.0,512.72,True
8-5-7,Мурування стін із цегли при висоті поверху понад 4 м,м3,труд_машиністів,Т2,Труд машиністів,люд.-год,0.15,110.0,16.5,True
8-5-8,Мурування стін криволінійних у плані,м3,машина,С212-1,Підйомник / кран (подача матеріалів),маш.-год,0.15,900,135.0,True
8-5-8,Мурування стін криволінійних у плані,м3,матеріал,С137-1,Цегла керамічна рядова 250×120×65,шт,406.47,12,4877.64,True
8-5-8,Мурування стін криволінійних у плані,м3,матеріал,С135-1,Розчин мурувальний М50–М75,м3,0.24,2200,528.0,True
8-5-8,Мурування стін криволінійних у плані,м3,матеріал,С138-1,Вода,м3,0.15,40,6.0,True
8-5-8,Мурування стін криволінійних у плані,м3,труд_робітників,Т1,"Труд робітників, розряд 3.5",люд.-год,5.318,95.0,505.21,True
8-5-8,Мурування стін криволінійних у плані,м3,труд_машиністів,Т2,Труд машиністів,люд.-год,0.15,110.0,16.5,True
8-6-1,Мурування перегородок товщиною 1/2 цегли неармованих,100 м2,машина,С212-1,Підйомник / кран (подача матеріалів),маш.-год,0.15,900,135.0,True
8-6-1,Мурування перегородок товщиною 1/2 цегли неармованих,100 м2,матеріал,С137-1,Цегла керамічна,шт,5100,12,61200,True
8-6-1,Мурування перегородок товщиною 1/2 цегли неармованих,100 м2,матеріал,С135-1,Розчин мурувальний,м3,2.4,2200,5280.0,True
8-6-1,Мурування перегородок товщиною 1/2 цегли неармованих,100 м2,труд_робітників,Т1,"Труд робітників, розряд 3.5",люд.-год,62.215,95.0,5910.43,True
8-6-1,Мурування перегородок товщиною 1/2 цегли неармованих,100 м2,труд_машиністів,Т2,Труд машиністів,люд.-год,0.15,110.0,16.5,True
8-6-2,Мурування перегородок товщиною 1/2 цегли армованих,100 м2,машина,С212-1,Підйомник / кран (подача матеріалів),маш.-год,0.15,900,135.0,True
8-6-2,Мурування перегородок товщиною 1/2 цегли армованих,100 м2,матеріал,С137-1,Цегла керамічна,шт,5100,12,61200,True
8-6-2,Мурування перегородок товщиною 1/2 цегли армованих,100 м2,матеріал,С135-1,Розчин мурувальний,м3,2.4,2200,5280.0,True
8-6-2,Мурування перегородок товщиною 1/2 цегли армованих,100 м2,труд_робітників,Т1,"Труд робітників, розряд 3.5",люд.-год,57.409,95.0,5453.85,True
8-6-2,Мурування перегородок товщиною 1/2 цегли армованих,100 м2,труд_машиністів,Т2,Труд машиністів,люд.-год,0.15,110.0,16.5,True
8-6-3,Мурування перегородок товщиною 1 цеглу,100 м2,машина,С212-1,Підйомник / кран (подача матеріалів),маш.-год,0.15,900,135.0,True
8-6-3,Мурування перегородок товщиною 1 цеглу,100 м2,матеріал,С137-1,Цегла керамічна,шт,5100,12,61200,True
8-6-3,Мурування перегородок товщиною 1 цеглу,100 м2,матеріал,С135-1,Розчин мурувальний,м3,2.4,2200,5280.0,True
8-6-3,Мурування перегородок товщиною 1 цеглу,100 м2,труд_робітників,Т1,"Труд робітників, розряд 3.5",люд.-год,57.213,95.0,5435.23,True
8-6-3,Мурування перегородок товщиною 1 цеглу,100 м2,труд_машиністів,Т2,Труд машиністів,люд.-год,0.15,110.0,16.5,True
8-7-1,Мурування стовпів прямокутних,м3,машина,С212-1,Підйомник / кран (подача матеріалів),маш.-год,0.15,900,135.0,True
8-7-1,Мурування стовпів прямокутних,м3,матеріал,С137-1,Цегла керамічна рядова 250×120×65,шт,400.42,12,4805.04,True
8-7-1,Мурування стовпів прямокутних,м3,матеріал,С135-1,Розчин мурувальний М50–М75,м3,0.24,2200,528.0,True
8-7-1,Мурування стовпів прямокутних,м3,матеріал,С138-1,Вода,м3,0.15,40,6.0,True
8-7-1,Мурування стовпів прямокутних,м3,труд_робітників,Т1,"Труд робітників, розряд 3.5",люд.-год,4.833,95.0,459.13,True
8-7-1,Мурування стовпів прямокутних,м3,труд_машиністів,Т2,Труд машиністів,люд.-год,0.15,110.0,16.5,True
8-7-2,Мурування стовпів з ускладненнями,м3,машина,С212-1,Підйомник / кран (подача матеріалів),маш.-год,0.15,900,135.0,True
8-7-2,Мурування стовпів з ускладненнями,м3,матеріал,С137-1,Цегла керамічна рядова 250×120×65,шт,402.95,12,4835.4,True
8-7-2,Мурування стовпів з ускладненнями,м3,матеріал,С135-1,Розчин мурувальний М50–М75,м3,0.24,2200,528.0,True
8-7-2,Мурування стовпів з ускладненнями,м3,матеріал,С138-1,Вода,м3,0.15,40,6.0,True
8-7-2,Мурування стовпів з ускладненнями,м3,труд_робітників,Т1,"Труд робітників, розряд 3.5",люд.-год,5.036,95.0,478.42,True
8-7-2,Мурування стовпів з ускладненнями,м3,труд_машиністів,Т2,Труд машиністів,люд.-год,0.15,110.0,16.5,True
8-7-3,Мурування карнизів і архітектурних деталей,м3,машина,С212-1,Підйомник / кран (подача матеріалів),маш.-год,0.15,900,135.0,True
8-7-3,Мурування карнизів і архітектурних деталей,м3,матеріал,С137-1,Цегла керамічна рядова 250×120×65,шт,406.66,12,4879.92,True
8-7-3,Мурування карнизів і архітектурних деталей,м3,матеріал,С135-1,Розчин мурувальний М50–М75,м3,0.24,2200,528.0,True
8-7-3,Мурування карнизів і архітектурних деталей,м3,матеріал,С138-1,Вода,м3,0.15,40,6.0,True
8-7-3,Мурування карнизів і архітектурних деталей,м3,труд_робітників,Т1,"Труд робітників, розряд 3.5",люд.-год,5.333,95.0,506.63,True
8-7-3,Мурування карнизів і архітектурних деталей,м3,труд_машиністів,Т2,Труд машиністів,люд.-год,0.15,110.0,16.5,True
8-7-4,Мурування каналів і боровів,м3,машина,С212-1,Підйомник / кран (подача матеріалів),маш.-год,0.15,900,135.0,True
8-7-4,Мурування каналів і боровів,м3,матеріал,С137-1,Цегла керамічна рядова 250×120×65,шт,408.54,12,4902.48,True
8-7-4,Мурування каналів і боровів,м3,матеріал,С135-1,Розчин мурувальний М50–М75,м3,0.24,2200,528.0,True
8-7-4,Мурування каналів і боровів,м3,матеріал,С138-1,Вода,м3,0.15,40,6.0,True
8-7-4,Мурування каналів і боровів,м3,труд_робітників,Т1,"Труд робітників, розряд 3.5",люд.-год,5.484,95.0,520.98,True
8-7-4,Мурування каналів і боровів,м3,труд_машиністів,Т2,Труд машиністів,люд.-год,0.15,110.0,16.5,True
8-10-1,Розшивання швів зовнішніх стін,100 м2,машина,С212-1,Підйомник / кран (подача матеріалів),маш.-год,0.15,900,135.0,True
8-10-1,Розшивання швів зовнішніх стін,100 м2,матеріал,С137-1,Цегла керамічна,шт,5100,12,61200,True
8-10-1,Розшивання швів зовнішніх стін,100 м2,матеріал,С135-1,Розчин мурувальний,м3,2.4,2200,5280.0,True
8-10-1,Розшивання швів зовнішніх стін,100 м2,труд_робітників,Т1,"Труд робітників, розряд 3.5",люд.-год,62.016,95.0,5891.52,True
8-10-1,Розшивання швів зовнішніх стін,100 м2,труд_машиністів,Т2,Труд машиністів,люд.-год,0.15,110.0,16.5,True
8-10-2,Розшивання швів внутрішніх стін,100 м2,машина,С212-1,Підйомник / кран (подача матеріалів),маш.-год,0.15,900,135.0,True
8-10-2,Розшивання швів внутрішніх стін,100 м2,матеріал,С137-1,Цегла керамічна,шт,5100,12,61200,True
8-10-2,Розшивання швів внутрішніх стін,100 м2,матеріал,С135-1,Розчин мурувальний,м3,2.4,2200,5280.0,True
8-10-2,Розшивання швів внутрішніх стін,100 м2,труд_робітників,Т1,"Труд робітників, розряд 3.5",люд.-год,59.065,95.0,5611.18,True
8-10-2,Розшивання швів внутрішніх стін,100 м2,труд_машиністів,Т2,Труд машиністів,люд.-год,0.15,110.0,16.5,True
8-11-1,"Армування мурування стін, перемичок, простінків",т,машина,С210-1,Кран / бетононасос,маш.-год,0.6,1500,900.0,True
8-11-1,"Армування мурування стін, перемичок, простінків",т,машина,С211-1,Вібратор глибинний,маш.-год,0.8,120,96.0,True
8-11-1,"Армування мурування стін, перемичок, простінків",т,матеріал,С120-1,Бетон товарний В15–В25,м3,1.02,3200,3264.0,True
8-11-1,"Армування мурування стін, перемичок, простінків",т,матеріал,С121-1,Вода,м3,0.2,40,8.0,True
8-11-1,"Армування мурування стін, перемичок, простінків",т,труд_робітників,Т1,"Труд робітників, розряд 3.5",люд.-год,8.184,95.0,777.48,True
8-11-1,"Армування мурування стін, перемичок, простінків",т,труд_машиністів,Т2,Труд машиністів,люд.-год,0.6,110.0,66.0,True
8-11-2,Кріплення склепінь і установлення металевих ґрат,т,машина,С212-1,Підйомник / кран (подача матеріалів),маш.-год,0.15,900,135.0,True
8-11-2,Кріплення склепінь і установлення металевих ґрат,т,матеріал,С137-1,Цегла керамічна рядова 250×120×65,шт,405.14,12,4861.68,True
8-11-2,Кріплення склепінь і установлення металевих ґрат,т,матеріал,С135-1,Розчин мурувальний М50–М75,м3,0.24,2200,528.0,True
8-11-2,Кріплення склепінь і установлення металевих ґрат,т,матеріал,С138-1,Вода,м3,0.15,40,6.0,True
8-11-2,Кріплення склепінь і установлення металевих ґрат,т,труд_робітників,Т1,"Труд робітників, розряд 3.5",люд.-год,5.211,95.0,495.05,True
8-11-2,Кріплення склепінь і установлення металевих ґрат,т,труд_машиністів,Т2,Труд машиністів,люд.-год,0.15,110.0,16.5,True
8-12-1,Мурування зовнішніх простих стін із каменів керамічних,м3,машина,С212-1,Підйомник / кран (подача матеріалів),маш.-год,0.15,900,135.0,True
8-12-1,Мурування зовнішніх простих стін із каменів керамічних,м3,матеріал,С137-1,Цегла керамічна рядова 250×120×65,шт,404.51,12,4854.12,True
8-12-1,Мурування зовнішніх простих стін із каменів керамічних,м3,матеріал,С135-1,Розчин мурувальний М50–М75,м3,0.24,2200,528.0,True
8-12-1,Мурування зовнішніх простих стін із каменів керамічних,м3,матеріал,С138-1,Вода,м3,0.15,40,6.0,True
8-12-1,Мурування зовнішніх простих стін із каменів керамічних,м3,труд_робітників,Т1,"Труд робітників, розряд 3.5",люд.-год,5.161,95.0,490.29,True
8-12-1,Мурування зовнішніх простих стін із каменів керамічних,м3,труд_машиністів,Т2,Труд машиністів,люд.-год,0.15,110.0,16.5,True
8-12-2,Мурування зовнішніх стін середньої складності із каменів,м3,машина,С212-1,Підйомник / кран (подача матеріалів),маш.-год,0.15,900,135.0,True
8-12-2,Мурування зовнішніх стін середньої складності із каменів,м3,матеріал,С137-1,Цегла керамічна рядова 250×120×65,шт,406.17,12,4874.04,True
8-12-2,Мурування зовнішніх стін середньої складності із каменів,м3,матеріал,С135-1,Розчин мурувальний М50–М75,м3,0.24,2200,528.0,True
8-12-2,Мурування зовнішніх стін середньої складності із каменів,м3,матеріал,С138-1,Вода,м3,0.15,40,6.0,True
8-12-2,Мурування зовнішніх стін середньої складності із каменів,м3,труд_робітників,Т1,"Труд робітників, розряд 3.5",люд.-год,5.293,95.0,502.84,True
8-12-2,Мурування зовнішніх стін середньої складності із каменів,м3,труд_машиністів,Т2,Труд машиністів,люд.-год,0.15,110.0,16.5,True
8-12-3,Мурування внутрішніх стін із каменів керамічних,м3,машина,С212-1,Підйомник / кран (подача матеріалів),маш.-год,0.15,900,135.0,True
8-12-3,Мурування внутрішніх стін із каменів керамічних,м3,матеріал,С137-1,Цегла керамічна рядова 250×120×65,шт,402.0,12,4824.0,True
8-12-3,Мурування внутрішніх стін із каменів керамічних,м3,матеріал,С135-1,Розчин мурувальний М50–М75,м3,0.24,2200,528.0,True
8-12-3,Мурування внутрішніх стін із каменів керамічних,м3,матеріал,С138-1,Вода,м3,0.15,40,6.0,True
8-12-3,Мурування внутрішніх стін із каменів керамічних,м3,труд_робітників,Т1,"Труд робітників, розряд 3.5",люд.-год,4.96,95.0,471.2,True
8-12-3,Мурування внутрішніх стін із каменів керамічних,м3,труд_машиністів,Т2,Труд машиністів,люд.-год,0.15,110.0,16.5,True
8-20-1,Мурування зовнішніх стін із легкобетонних каменів,м3,машина,С212-1,Підйомник / кран (подача матеріалів),маш.-год,0.15,900,135.0,True
8-20-1,Мурування зовнішніх стін із легкобетонних каменів,м3,матеріал,С137-1,Цегла керамічна рядова 250×120×65,шт,401.13,12,4813.56,True
8-20-1,Мурування зовнішніх стін із легкобетонних каменів,м3,матеріал,С135-1,Розчин мурувальний М50–М75,м3,0.24,2200,528.0,True
8-20-1,Мурування зовнішніх стін із легкобетонних каменів,м3,матеріал,С138-1,Вода,м3,0.15,40,6.0,True
8-20-1,Мурування зовнішніх стін із легкобетонних каменів,м3,труд_робітників,Т1,"Труд робітників, розряд 3.5",люд.-год,4.89,95.0,464.55,True
8-20-1,Мурування зовнішніх стін із легкобетонних каменів,м3,труд_машиністів,Т2,Труд машиністів,люд.-год,0.15,110.0,16.5,True
8-20-2,Мурування внутрішніх стін із легкобетонних каменів,м3,машина,С212-1,Підйомник / кран (подача матеріалів),маш.-год,0.15,900,135.0,True
8-20-2,Мурування внутрішніх стін із легкобетонних каменів,м3,матеріал,С137-1,Цегла керамічна рядова 250×120×65,шт,407.47,12,4889.64,True
8-20-2,Мурування внутрішніх стін із легкобетонних каменів,м3,матеріал,С135-1,Розчин мурувальний М50–М75,м3,0.24,2200,528.0,True
8-20-2,Мурування внутрішніх стін із легкобетонних каменів,м3,матеріал,С138-1,Вода,м3,0.15,40,6.0,True
8-20-2,Мурування внутрішніх стін із легкобетонних каменів,м3,труд_робітників,Т1,"Труд робітників, розряд 3.5",люд.-год,5.398,95.0,512.81,True
8-20-2,Мурування внутрішніх стін із легкобетонних каменів,м3,труд_машиністів,Т2,Труд машиністів,люд.-год,0.15,110.0,16.5,True
8-20-3,Заповнення каркасів і фахверків легкобетонними каменями,м3,машина,С212-1,Підйомник / кран (подача матеріалів),маш.-год,0.15,900,135.0,True
8-20-3,Заповнення каркасів і фахверків легкобетонними каменями,м3,матеріал,С137-1,Цегла керамічна рядова 250×120×65,шт,403.36,12,4840.32,True
8-20-3,Заповнення каркасів і фахверків легкобетонними каменями,м3,матеріал,С135-1,Розчин мурувальний М50–М75,м3,0.24,2200,528.0,True
8-20-3,Заповнення каркасів і фахверків легкобетонними каменями,м3,матеріал,С138-1,Вода,м3,0.15,40,6.0,True
8-20-3,Заповнення каркасів і фахверків легкобетонними каменями,м3,труд_робітників,Т1,"Труд робітників, розряд 3.5",люд.-год,5.069,95.0,481.56,True
8-20-3,Заповнення каркасів і фахверків легкобетонними каменями,м3,труд_машиністів,Т2,Труд машиністів,люд.-год,0.15,110.0,16.5,True
8-21-1,Мурування стін із керамзитобетонних блоків у монолітно-каркасних будівлях,м3,машина,С212-1,Підйомник / кран (подача матеріалів),маш.-год,0.15,900,135.0,True
8-21-1,Мурування стін із керамзитобетонних блоків у монолітно-каркасних будівлях,м3,матеріал,С137-1,Цегла керамічна рядова 250×120×65,шт,408.07,12,4896.84,True
8-21-1,Мурування стін із керамзитобетонних блоків у монолітно-каркасних будівлях,м3,матеріал,С135-1,Розчин мурувальний М50–М75,м3,0.24,2200,528.0,True
8-21-1,Мурування стін із керамзитобетонних блоків у монолітно-каркасних будівлях,м3,матеріал,С138-1,Вода,м3,0.15,40,6.0,True
8-21-1,Мурування стін із керамзитобетонних блоків у монолітно-каркасних будівлях,м3,труд_робітників,Т1,"Труд робітників, розряд 3.5",люд.-год,5.446,95.0,517.37,True
8-21-1,Мурування стін із керамзитобетонних блоків у монолітно-каркасних будівлях,м3,труд_машиністів,Т2,Труд машиністів,люд.-год,0.15,110.0,16.5,True
8-21-2,Мурування стін із бетонних пазогребеневих блоків,м3,машина,С212-1,Підйомник / кран (подача матеріалів),маш.-год,0.15,900,135.0,True
8-21-2,Мурування стін із бетонних пазогребеневих блоків,м3,матеріал,С137-1,Цегла керамічна рядова 250×120×65,шт,409.99,12,4919.88,True
8-21-2,Мурування стін із бетонних пазогребеневих блоків,м3,матеріал,С135-1,Розчин мурувальний М50–М75,м3,0.24,2200,528.0,True
8-21-2,Мурування стін із бетонних пазогребеневих блоків,м3,матеріал,С138-1,Вода,м3,0.15,40,6.0,True
8-21-2,Мурування стін із бетонних пазогребеневих блоків,м3,труд_робітників,Т1,"Труд робітників, розряд 3.5",люд.-год,5.599,95.0,531.9,True
8-21-2,Мурування стін із бетонних пазогребеневих блоків,м3,труд_машиністів,Т2,Труд машиністів,люд.-год,0.15,110.0,16.5,True
8-22-1,Мурування зовнішніх стін із газобетонних блоків на клею,м3,машина,С212-1,Підйомник / кран (подача матеріалів),маш.-год,0.15,900,135.0,True
8-22-1,Мурування зовнішніх стін із газобетонних блоків на клею,м3,матеріал,С130-1,Блоки газобетонні,м3,1.02,2800,2856.0,True
8-22-1,Мурування зовнішніх стін із газобетонних блоків на клею,м3,матеріал,С131-1,Клейова суміш для газобетону,кг,25,18,450,True
8-22-1,Мурування зовнішніх стін із газобетонних блоків на клею,м3,матеріал,С132-1,Арматура для армопоясів / сітка,кг,2.5,35,87.5,True
8-22-1,Мурування зовнішніх стін із газобетонних блоків на клею,м3,труд_робітників,Т1,"Труд робітників, розряд 3.6",люд.-год,4.042,95.0,383.99,True
8-22-1,Мурування зовнішніх стін із газобетонних блоків на клею,м3,труд_машиністів,Т2,Труд машиністів,люд.-год,0.15,110.0,16.5,True
8-22-2,Мурування внутрішніх стін із газобетонних блоків на клею,м3,машина,С212-1,Підйомник / кран (подача матеріалів),маш.-год,0.15,900,135.0,True
8-22-2,Мурування внутрішніх стін із газобетонних блоків на клею,м3,матеріал,С130-1,Блоки газобетонні,м3,1.02,2800,2856.0,True
8-22-2,Мурування внутрішніх стін із газобетонних блоків на клею,м3,матеріал,С131-1,Клейова суміш для газобетону,кг,25,18,450,True
8-22-2,Мурування внутрішніх стін із газобетонних блоків на клею,м3,матеріал,С132-1,Арматура для армопоясів / сітка,кг,2.5,35,87.5,True
8-22-2,Мурування внутрішніх стін із газобетонних блоків на клею,м3,труд_робітників,Т1,"Труд робітників, розряд 3.6",люд.-год,4.091,95.0,388.65,True
8-22-2,Мурування внутрішніх стін із газобетонних блоків на клею,м3,труд_машиністів,Т2,Труд машиністів,люд.-год,0.15,110.0,16.5,True
8-24-1,Улаштування перегородок із гіпсових плит у 1 шар,100 м2,машина,С212-1,Підйомник / кран (подача матеріалів),маш.-год,0.15,900,135.0,True
8-24-1,Улаштування перегородок із гіпсових плит у 1 шар,100 м2,матеріал,С133-1,Плити гіпсові / пазогребеневі,м2,105,220,23100,True
8-24-1,Улаштування перегородок із гіпсових плит у 1 шар,100 м2,матеріал,С131-2,Клей гіпсовий,кг,500,16,8000,True
8-24-1,Улаштування перегородок із гіпсових плит у 1 шар,100 м2,труд_робітників,Т1,"Труд робітників, розряд 3.4",люд.-год,192.33,95.0,18271.35,True
8-24-1,Улаштування перегородок із гіпсових плит у 1 шар,100 м2,труд_машиністів,Т2,Труд машиністів,люд.-год,0.15,110.0,16.5,True
8-24-2,Улаштування перегородок із гіпсових плит у 2 шари,100 м2,машина,С212-1,Підйомник / кран (подача матеріалів),маш.-год,0.15,900,135.0,True
8-24-2,Улаштування перегородок із гіпсових плит у 2 шари,100 м2,матеріал,С133-1,Плити гіпсові / пазогребеневі,м2,105,220,23100,True
8-24-2,Улаштування перегородок із гіпсових плит у 2 шари,100 м2,матеріал,С131-2,Клей гіпсовий,кг,500,16,8000,True
8-24-2,Улаштування перегородок із гіпсових плит у 2 шари,100 м2,труд_робітників,Т1,"Труд робітників, розряд 3.4",люд.-год,187.041,95.0,17768.9,True
8-24-2,Улаштування перегородок із гіпсових плит у 2 шари,100 м2,труд_машиністів,Т2,Труд машиністів,люд.-год,0.15,110.0,16.5,True
8-24-3,Улаштування перегородок із легкобетонних плит,100 м2,машина,С212-1,Підйомник / кран (подача матеріалів),маш.-год,0.15,900,135.0,True
8-24-3,Улаштування перегородок із легкобетонних плит,100 м2,матеріал,С133-1,Плити гіпсові / пазогребеневі,м2,105,220,23100,True
8-24-3,Улаштування перегородок із легкобетонних плит,100 м2,матеріал,С131-2,Клей гіпсовий,кг,500,16,8000,True
8-24-3,Улаштування перегородок із легкобетонних плит,100 м2,труд_робітників,Т1,"Труд робітників, розряд 3.4",люд.-год,213.742,95.0,20305.49,True
8-24-3,Улаштування перегородок із легкобетонних плит,100 м2,труд_машиністів,Т2,Труд машиністів,люд.-год,0.15,110.0,16.5,True
8-25-1,Улаштування перегородок товщиною 100 мм,100 м2,машина,С212-1,Підйомник / кран (подача матеріалів),маш.-год,0.15,900,135.0,True
8-25-1,Улаштування перегородок товщиною 100 мм,100 м2,матеріал,С137-1,Цегла керамічна,шт,5100,12,61200,True
8-25-1,Улаштування перегородок товщиною 100 мм,100 м2,матеріал,С135-1,Розчин мурувальний,м3,2.4,2200,5280.0,True
8-25-1,Улаштування перегородок товщиною 100 мм,100 м2,труд_робітників,Т1,"Труд робітників, розряд 3.5",люд.-год,63.221,95.0,6005.99,True
8-25-1,Улаштування перегородок товщиною 100 мм,100 м2,труд_машиністів,Т2,Труд машиністів,люд.-год,0.15,110.0,16.5,True
8-25-2,Улаштування перегородок товщиною 150 мм,100 м2,машина,С212-1,Підйомник / кран (подача матеріалів),маш.-год,0.15,900,135.0,True
8-25-2,Улаштування перегородок товщиною 150 мм,100 м2,матеріал,С137-1,Цегла керамічна,шт,5100,12,61200,True
8-25-2,Улаштування перегородок товщиною 150 мм,100 м2,матеріал,С135-1,Розчин мурувальний,м3,2.4,2200,5280.0,True
8-25-2,Улаштування перегородок товщиною 150 мм,100 м2,труд_робітників,Т1,"Труд робітників, розряд 3.5",люд.-год,62.412,95.0,5929.14,True
8-25-2,Улаштування перегородок товщиною 150 мм,100 м2,труд_машиністів,Т2,Труд машиністів,люд.-год,0.15,110.0,16.5,True
8-27-1,"Укладання підвіконних плит шириною до 0,3 м",100 м,машина,С212-1,Підйомник / кран (подача матеріалів),маш.-год,0.15,900,135.0,True
8-27-1,"Укладання підвіконних плит шириною до 0,3 м",100 м,матеріал,С137-1,Цегла керамічна,шт,5100,12,61200,True
8-27-1,"Укладання підвіконних плит шириною до 0,3 м",100 м,матеріал,С135-1,Розчин мурувальний,м3,2.4,2200,5280.0,True
8-27-1,"Укладання підвіконних плит шириною до 0,3 м",100 м,труд_робітників,Т1,"Труд робітників, розряд 3.5",люд.-год,60.922,95.0,5787.59,True
8-27-1,"Укладання підвіконних плит шириною до 0,3 м",100 м,труд_машиністів,Т2,Труд машиністів,люд.-год,0.15,110.0,16.5,True
8-27-2,"Укладання підвіконних плит шириною понад 0,3 м",100 м,машина,С212-1,Підйомник / кран (подача матеріалів),маш.-год,0.15,900,135.0,True
8-27-2,"Укладання підвіконних плит шириною понад 0,3 м",100 м,матеріал,С137-1,Цегла керамічна,шт,5100,12,61200,True
8-27-2,"Укладання підвіконних плит шириною понад 0,3 м",100 м,матеріал,С135-1,Розчин мурувальний,м3,2.4,2200,5280.0,True
8-27-2,"Укладання підвіконних плит шириною понад 0,3 м",100 м,труд_робітників,Т1,"Труд робітників, розряд 3.5",люд.-год,56.03,95.0,5322.85,True
8-27-2,"Укладання підвіконних плит шириною понад 0,3 м",100 м,труд_машиністів,Т2,Труд машиністів,люд.-год,0.15,110.0,16.5,True
8-28-1,Улаштування ґанків із цегли,м2,машина,С212-1,Підйомник / кран (подача матеріалів),маш.-год,0.15,900,135.0,True
8-28-1,Улаштування ґанків із цегли,м2,матеріал,С137-1,Цегла керамічна рядова 250×120×65,шт,409.19,12,4910.28,True
8-28-1,Улаштування ґанків із цегли,м2,матеріал,С135-1,Розчин мурувальний М50–М75,м3,0.24,2200,528.0,True
8-28-1,Улаштування ґанків із цегли,м2,матеріал,С138-1,Вода,м3,0.15,40,6.0,True
8-28-1,Улаштування ґанків із цегли,м2,труд_робітників,Т1,"Труд робітників, розряд 3.5",люд.-год,5.535,95.0,525.83,True
8-28-1,Улаштування ґанків із цегли,м2,труд_машиністів,Т2,Труд машиністів,люд.-год,0.15,110.0,16.5,True
8-28-2,Улаштування ґанків із бетонних елементів,м2,машина,С212-1,Підйомник / кран (подача матеріалів),маш.-год,0.15,900,135.0,True
8-28-2,Улаштування ґанків із бетонних елементів,м2,матеріал,С137-1,Цегла керамічна рядова 250×120×65,шт,408.2,12,4898.4,True
8-28-2,Улаштування ґанків із бетонних елементів,м2,матеріал,С135-1,Розчин мурувальний М50–М75,м3,0.24,2200,528.0,True
8-28-2,Улаштування ґанків із бетонних елементів,м2,матеріал,С138-1,Вода,м3,0.15,40,6.0,True
8-28-2,Улаштування ґанків із бетонних елементів,м2,труд_робітників,Т1,"Труд робітників, розряд 3.5",люд.-год,5.456,95.0,518.32,True
8-28-2,Улаштування ґанків із бетонних елементів,м2,труд_машиністів,Т2,Труд машиністів,люд.-год,0.15,110.0,16.5,True
8-36-1,Установлення і розбирання трубчастих риштувань для мурування,100 м2,машина,С212-1,Підйомник / кран (подача матеріалів),маш.-год,0.15,900,135.0,True
8-36-1,Установлення і розбирання трубчастих риштувань для мурування,100 м2,матеріал,С136-1,Риштування інвентарні (амортизація),м2,100,25,2500,True
8-36-1,Установлення і розбирання трубчастих риштувань для мурування,100 м2,труд_робітників,Т1,"Труд робітників, розряд 3.2",люд.-год,29.087,95.0,2763.26,True
8-36-1,Установлення і розбирання трубчастих риштувань для мурування,100 м2,труд_машиністів,Т2,Труд машиністів,люд.-год,0.15,110.0,16.5,True
8-36-2,Установлення і розбирання трубчастих риштувань для опорядження,100 м2,машина,С212-1,Підйомник / кран (подача матеріалів),маш.-год,0.15,900,135.0,True
8-36-2,Установлення і розбирання трубчастих риштувань для опорядження,100 м2,матеріал,С136-1,Риштування інвентарні (амортизація),м2,100,25,2500,True
8-36-2,Установлення і розбирання трубчастих риштувань для опорядження,100 м2,труд_робітників,Т1,"Труд робітників, розряд 3.2",люд.-год,26.875,95.0,2553.12,True
8-36-2,Установлення і розбирання трубчастих риштувань для опорядження,100 м2,труд_машиністів,Т2,Труд машиністів,люд.-год,0.15,110.0,16.5,True
8-36-3,Установлення і розбирання підвісних риштувань,100 м2,машина,С212-1,Підйомник / кран (подача матеріалів),маш.-год,0.15,900,135.0,True
8-36-3,Установлення і розбирання підвісних риштувань,100 м2,матеріал,С136-1,Риштування інвентарні (амортизація),м2,100,25,2500,True
8-36-3,Установлення і розбирання підвісних риштувань,100 м2,труд_робітників,Т1,"Труд робітників, розряд 3.2",люд.-год,27.921,95.0,2652.49,True
8-36-3,Установлення і розбирання підвісних риштувань,100 м2,труд_машиністів,Т2,Труд машиністів,люд.-год,0.15,110.0,16.5,True
8-37-1,Установлення і розбирання внутрішніх риштувань,100 м2,машина,С212-1,Підйомник / кран (подача матеріалів),маш.-год,0.15,900,135.0,True
8-37-1,Установлення і розбирання внутрішніх риштувань,100 м2,матеріал,С136-1,Риштування інвентарні (амортизація),м2,100,25,2500,True
8-37-1,Установлення і розбирання внутрішніх риштувань,100 м2,труд_робітників,Т1,"Труд робітників, розряд 3.2",люд.-год,28.495,95.0,2707.03,True
8-37-1,Установлення і розбирання внутрішніх риштувань,100 м2,труд_машиністів,Т2,Труд машиністів,люд.-год,0.15,110.0,16.5,True
8-37-2,Додавати на кожні наступні 4 м висоти приміщення,100 м2,машина,С212-1,Підйомник / кран (подача матеріалів),маш.-год,0.15,900,135.0,True
8-37-2,Додавати на кожні наступні 4 м висоти приміщення,100 м2,матеріал,С137-1,Цегла керамічна,шт,5100,12,61200,True
8-37-2,Додавати на кожні наступні 4 м висоти приміщення,100 м2,матеріал,С135-1,Розчин мурувальний,м3,2.4,2200,5280.0,True
8-37-2,Додавати на кожні наступні 4 м висоти приміщення,100 м2,труд_робітників,Т1,"Труд робітників, розряд 3.5",люд.-год,62.643,95.0,5951.09,True
8-37-2,Додавати на кожні наступні 4 м висоти приміщення,100 м2,труд_машиністів,Т2,Труд машиністів,люд.-год,0.15,110.0,16.5,True
9-1-1,Установлення колон суцільних масою до 1 т,т,машина,С210-2,Кран стріловий 16–25 т,маш.-год,1.0,1800,1800.0,True
9-1-1,Установлення колон суцільних масою до 1 т,т,машина,С213-1,Апарат зварювальний,маш.-год,2.0,80,160.0,True
9-1-1,Установлення колон суцільних масою до 1 т,т,матеріал,С140-1,Конструкції сталеві,т,1.03,45000,46350.0,True
9-1-1,Установлення колон суцільних масою до 1 т,т,матеріал,С141-1,Електроди / зварювальні матеріали,кг,6.0,90,540.0,True
9-1-1,Установлення колон суцільних масою до 1 т,т,матеріал,С142-1,Болти високоміцні / метизи,кг,8.0,70,560.0,True
9-1-1,Установлення колон суцільних масою до 1 т,т,труд_робітників,Т1,"Труд робітників, розряд 4.2",люд.-год,14.19,95.0,1348.05,True
9-1-1,Установлення колон суцільних масою до 1 т,т,труд_машиністів,Т2,Труд машиністів,люд.-год,1.0,110.0,110.0,True
9-1-2,Установлення колон суцільних масою до 3 т,т,машина,С210-2,Кран стріловий 16–25 т,маш.-год,1.0,1800,1800.0,True
9-1-2,Установлення колон суцільних масою до 3 т,т,машина,С213-1,Апарат зварювальний,маш.-год,2.0,80,160.0,True
9-1-2,Установлення колон суцільних масою до 3 т,т,матеріал,С140-1,Конструкції сталеві,т,1.03,45000,46350.0,True
9-1-2,Установлення колон суцільних масою до 3 т,т,матеріал,С141-1,Електроди / зварювальні матеріали,кг,6.0,90,540.0,True
9-1-2,Установлення колон суцільних масою до 3 т,т,матеріал,С142-1,Болти високоміцні / метизи,кг,8.0,70,560.0,True
9-1-2,Установлення колон суцільних масою до 3 т,т,труд_робітників,Т1,"Труд робітників, розряд 4.2",люд.-год,14.902,95.0,1415.69,True
9-1-2,Установлення колон суцільних масою до 3 т,т,труд_машиністів,Т2,Труд машиністів,люд.-год,1.0,110.0,110.0,True
9-1-3,Установлення колон наскрізних,т,машина,С210-2,Кран стріловий 16–25 т,маш.-год,1.0,1800,1800.0,True
9-1-3,Установлення колон наскрізних,т,машина,С213-1,Апарат зварювальний,маш.-год,2.0,80,160.0,True
9-1-3,Установлення колон наскрізних,т,матеріал,С140-1,Конструкції сталеві,т,1.03,45000,46350.0,True
9-1-3,Установлення колон наскрізних,т,матеріал,С141-1,Електроди / зварювальні матеріали,кг,6.0,90,540.0,True
9-1-3,Установлення колон наскрізних,т,матеріал,С142-1,Болти високоміцні / метизи,кг,8.0,70,560.0,True
9-1-3,Установлення колон наскрізних,т,труд_робітників,Т1,"Труд робітників, розряд 4.2",люд.-год,15.314,95.0,1454.83,True
9-1-3,Установлення колон наскрізних,т,труд_машиністів,Т2,Труд машиністів,люд.-год,1.0,110.0,110.0,True
9-2-1,Укладання балок і ригелів масою до 1 т,т,машина,С210-2,Кран стріловий 16–25 т,маш.-год,1.0,1800,1800.0,True
9-2-1,Укладання балок і ригелів масою до 1 т,т,машина,С213-1,Апарат зварювальний,маш.-год,2.0,80,160.0,True
9-2-1,Укладання балок і ригелів масою до 1 т,т,матеріал,С140-1,Конструкції сталеві,т,1.03,45000,46350.0,True
9-2-1,Укладання балок і ригелів масою до 1 т,т,матеріал,С141-1,Електроди / зварювальні матеріали,кг,6.0,90,540.0,True
9-2-1,Укладання балок і ригелів масою до 1 т,т,матеріал,С142-1,Болти високоміцні / метизи,кг,8.0,70,560.0,True
9-2-1,Укладання балок і ригелів масою до 1 т,т,труд_робітників,Т1,"Труд робітників, розряд 4.2",люд.-год,14.945,95.0,1419.78,True
9-2-1,Укладання балок і ригелів масою до 1 т,т,труд_машиністів,Т2,Труд машиністів,люд.-год,1.0,110.0,110.0,True
9-2-2,Укладання балок і ригелів масою до 3 т,т,машина,С210-2,Кран стріловий 16–25 т,маш.-год,1.0,1800,1800.0,True
9-2-2,Укладання балок і ригелів масою до 3 т,т,машина,С213-1,Апарат зварювальний,маш.-год,2.0,80,160.0,True
9-2-2,Укладання балок і ригелів масою до 3 т,т,матеріал,С140-1,Конструкції сталеві,т,1.03,45000,46350.0,True
9-2-2,Укладання балок і ригелів масою до 3 т,т,матеріал,С141-1,Електроди / зварювальні матеріали,кг,6.0,90,540.0,True
9-2-2,Укладання балок і ригелів масою до 3 т,т,матеріал,С142-1,Болти високоміцні / метизи,кг,8.0,70,560.0,True
9-2-2,Укладання балок і ригелів масою до 3 т,т,труд_робітників,Т1,"Труд робітників, розряд 4.2",люд.-год,14.586,95.0,1385.67,True
9-2-2,Укладання балок і ригелів масою до 3 т,т,труд_машиністів,Т2,Труд машиністів,люд.-год,1.0,110.0,110.0,True
9-2-3,Установлення ферм покриття,т,машина,С210-2,Кран стріловий 16–25 т,маш.-год,1.0,1800,1800.0,True
9-2-3,Установлення ферм покриття,т,машина,С213-1,Апарат зварювальний,маш.-год,2.0,80,160.0,True
9-2-3,Установлення ферм покриття,т,матеріал,С140-1,Конструкції сталеві,т,1.03,45000,46350.0,True
9-2-3,Установлення ферм покриття,т,матеріал,С141-1,Електроди / зварювальні матеріали,кг,6.0,90,540.0,True
9-2-3,Установлення ферм покриття,т,матеріал,С142-1,Болти високоміцні / метизи,кг,8.0,70,560.0,True
9-2-3,Установлення ферм покриття,т,труд_робітників,Т1,"Труд робітників, розряд 4.2",люд.-год,16.813,95.0,1597.23,True
9-2-3,Установлення ферм покриття,т,труд_машиністів,Т2,Труд машиністів,люд.-год,1.0,110.0,110.0,True
9-3-1,Установлення зв'язків вертикальних,т,матеріал,С301-1,Допоміжні матеріали,компл,1.0,150,150.0,True
9-3-1,Установлення зв'язків вертикальних,т,труд_робітників,Т1,"Труд робітників, розряд 3.2",люд.-год,2.893,95.0,274.83,True
9-3-2,Установлення зв'язків горизонтальних,т,матеріал,С301-1,Допоміжні матеріали,компл,1.0,150,150.0,True
9-3-2,Установлення зв'язків горизонтальних,т,труд_робітників,Т1,"Труд робітників, розряд 3.2",люд.-год,3.331,95.0,316.44,True
9-3-3,Укладання прогонів,т,матеріал,С301-1,Допоміжні матеріали,компл,1.0,150,150.0,True
9-3-3,Укладання прогонів,т,труд_робітників,Т1,"Труд робітників, розряд 3.2",люд.-год,2.698,95.0,256.31,True
9-4-1,Улаштування стінових панелей із профнастилу,100 м2,машина,С210-2,Кран стріловий 16–25 т,маш.-год,1.0,1800,1800.0,True
9-4-1,Улаштування стінових панелей із профнастилу,100 м2,машина,С213-1,Апарат зварювальний,маш.-год,2.0,80,160.0,True
9-4-1,Улаштування стінових панелей із профнастилу,100 м2,матеріал,С140-1,Конструкції сталеві,т,1.03,45000,46350.0,True
9-4-1,Улаштування стінових панелей із профнастилу,100 м2,матеріал,С141-1,Електроди / зварювальні матеріали,кг,6.0,90,540.0,True
9-4-1,Улаштування стінових панелей із профнастилу,100 м2,матеріал,С142-1,Болти високоміцні / метизи,кг,8.0,70,560.0,True
9-4-1,Улаштування стінових панелей із профнастилу,100 м2,труд_робітників,Т1,"Труд робітників, розряд 4.2",люд.-год,15.049,95.0,1429.65,True
9-4-1,Улаштування стінових панелей із профнастилу,100 м2,труд_машиністів,Т2,Труд машиністів,люд.-год,1.0,110.0,110.0,True
9-4-2,Улаштування покриттів із профнастилу,100 м2,машина,С210-2,Кран стріловий 16–25 т,маш.-год,1.0,1800,1800.0,True
9-4-2,Улаштування покриттів із профнастилу,100 м2,машина,С213-1,Апарат зварювальний,маш.-год,2.0,80,160.0,True
9-4-2,Улаштування покриттів із профнастилу,100 м2,матеріал,С140-1,Конструкції сталеві,т,1.03,45000,46350.0,True
9-4-2,Улаштування покриттів із профнастилу,100 м2,матеріал,С141-1,Електроди / зварювальні матеріали,кг,6.0,90,540.0,True
9-4-2,Улаштування покриттів із профнастилу,100 м2,матеріал,С142-1,Болти високоміцні / метизи,кг,8.0,70,560.0,True
9-4-2,Улаштування покриттів із профнастилу,100 м2,труд_робітників,Т1,"Труд робітників, розряд 4.2",люд.-год,14.177,95.0,1346.82,True
9-4-2,Улаштування покриттів із профнастилу,100 м2,труд_машиністів,Т2,Труд машиністів,люд.-год,1.0,110.0,110.0,True
9-4-3,Улаштування огороджень сходів і балконів,100 м,матеріал,С190-1,Прилад санітарний / опалювальний,шт,1.0,3500,3500.0,True
9-4-3,Улаштування огороджень сходів і балконів,100 м,матеріал,С191-1,Підводка / кріплення / арматура,компл,1.0,650,650.0,True
9-4-3,Улаштування огороджень сходів і балконів,100 м,матеріал,С192-1,Герметик / ущільнювачі,компл,1.0,80,80.0,True
9-4-3,Улаштування огороджень сходів і балконів,100 м,труд_робітників,Т1,"Труд робітників, розряд 4.0",люд.-год,3.754,95.0,356.63,True
9-5-1,Зварювання монтажних стиків,т,машина,С210-2,Кран стріловий 16–25 т,маш.-год,1.0,1800,1800.0,True
9-5-1,Зварювання монтажних стиків,т,машина,С213-1,Апарат зварювальний,маш.-год,2.0,80,160.0,True
9-5-1,Зварювання монтажних стиків,т,матеріал,С140-1,Конструкції сталеві,т,1.03,45000,46350.0,True
9-5-1,Зварювання монтажних стиків,т,матеріал,С141-1,Електроди / зварювальні матеріали,кг,6.0,90,540.0,True
9-5-1,Зварювання монтажних стиків,т,матеріал,С142-1,Болти високоміцні / метизи,кг,8.0,70,560.0,True
9-5-1,Зварювання монтажних стиків,т,труд_робітників,Т1,"Труд робітників, розряд 4.2",люд.-год,15.951,95.0,1515.35,True
9-5-1,Зварювання монтажних стиків,т,труд_машиністів,Т2,Труд машиністів,люд.-год,1.0,110.0,110.0,True
9-5-2,Установлення високоміцних болтів,100 шт,матеріал,С301-1,Допоміжні матеріали,компл,1.0,150,150.0,True
9-5-2,Установлення високоміцних болтів,100 шт,труд_робітників,Т1,"Труд робітників, розряд 3.2",люд.-год,2.802,95.0,266.19,True
9-5-3,Антикорозійний захист металевих конструкцій,100 м2,машина,С210-2,Кран стріловий 16–25 т,маш.-год,1.0,1800,1800.0,True
9-5-3,Антикорозійний захист металевих конструкцій,100 м2,машина,С213-1,Апарат зварювальний,маш.-год,2.0,80,160.0,True
9-5-3,Антикорозійний захист металевих конструкцій,100 м2,матеріал,С140-1,Конструкції сталеві,т,1.03,45000,46350.0,True
9-5-3,Антикорозійний захист металевих конструкцій,100 м2,матеріал,С141-1,Електроди / зварювальні матеріали,кг,6.0,90,540.0,True
9-5-3,Антикорозійний захист металевих конструкцій,100 м2,матеріал,С142-1,Болти високоміцні / метизи,кг,8.0,70,560.0,True
9-5-3,Антикорозійний захист металевих конструкцій,100 м2,труд_робітників,Т1,"Труд робітників, розряд 4.2",люд.-год,16.282,95.0,1546.79,True
9-5-3,Антикорозійний захист металевих конструкцій,100 м2,труд_машиністів,Т2,Труд машиністів,люд.-год,1.0,110.0,110.0,True
10-1-1,Улаштування стійок і колонок,м3,матеріал,С156-1,Пиломатеріали хвойні,м3,1.1,12000,13200.0,True
10-1-1,Улаштування стійок і колонок,м3,матеріал,С157-1,"Цвяхи, кріплення",кг,5.0,55,275.0,True
10-1-1,Улаштування стійок і колонок,м3,матеріал,С158-1,Антисептик,л,1.5,80,120.0,True
10-1-1,Улаштування стійок і колонок,м3,труд_робітників,Т1,"Труд робітників, розряд 3.6",люд.-год,9.005,95.0,855.48,True
10-1-2,Улаштування обв'язок і прогонів,м3,матеріал,С156-1,Пиломатеріали хвойні,м3,1.1,12000,13200.0,True
10-1-2,Улаштування обв'язок і прогонів,м3,матеріал,С157-1,"Цвяхи, кріплення",кг,5.0,55,275.0,True
10-1-2,Улаштування обв'язок і прогонів,м3,матеріал,С158-1,Антисептик,л,1.5,80,120.0,True
10-1-2,Улаштування обв'язок і прогонів,м3,труд_робітників,Т1,"Труд робітників, розряд 3.6",люд.-год,9.302,95.0,883.69,True
10-1-3,Улаштування кроквяних ніг,м3,матеріал,С156-1,Пиломатеріали хвойні,м3,1.1,12000,13200.0,True
10-1-3,Улаштування кроквяних ніг,м3,матеріал,С157-1,"Цвяхи, кріплення",кг,5.0,55,275.0,True
10-1-3,Улаштування кроквяних ніг,м3,матеріал,С158-1,Антисептик,л,1.5,80,120.0,True
10-1-3,Улаштування кроквяних ніг,м3,труд_робітників,Т1,"Труд робітників, розряд 3.6",люд.-год,8.274,95.0,786.03,True
10-1-4,Улаштування мауерлатів,м3,матеріал,С156-1,Пиломатеріали хвойні,м3,1.1,12000,13200.0,True
10-1-4,Улаштування мауерлатів,м3,матеріал,С157-1,"Цвяхи, кріплення",кг,5.0,55,275.0,True
10-1-4,Улаштування мауерлатів,м3,матеріал,С158-1,Антисептик,л,1.5,80,120.0,True
10-1-4,Улаштування мауерлатів,м3,труд_робітників,Т1,"Труд робітників, розряд 3.6",люд.-год,9.638,95.0,915.61,True
10-2-1,Улаштування балок перекриттів,м3,матеріал,С156-1,Пиломатеріали хвойні,м3,1.1,12000,13200.0,True
10-2-1,Улаштування балок перекриттів,м3,матеріал,С157-1,"Цвяхи, кріплення",кг,5.0,55,275.0,True
10-2-1,Улаштування балок перекриттів,м3,матеріал,С158-1,Антисептик,л,1.5,80,120.0,True
10-2-1,Улаштування балок перекриттів,м3,труд_робітників,Т1,"Труд робітників, розряд 3.6",люд.-год,8.488,95.0,806.36,True
10-2-2,Улаштування настилів суцільних,100 м2,матеріал,С156-1,Пиломатеріали хвойні,м3,1.1,12000,13200.0,True
10-2-2,Улаштування настилів суцільних,100 м2,матеріал,С157-1,"Цвяхи, кріплення",кг,5.0,55,275.0,True
10-2-2,Улаштування настилів суцільних,100 м2,матеріал,С158-1,Антисептик,л,1.5,80,120.0,True
10-2-2,Улаштування настилів суцільних,100 м2,труд_робітників,Т1,"Труд робітників, розряд 3.6",люд.-год,8.923,95.0,847.69,True
10-2-3,Улаштування латання під покрівлю,100 м2,матеріал,С156-1,Пиломатеріали хвойні,м3,1.1,12000,13200.0,True
10-2-3,Улаштування латання під покрівлю,100 м2,матеріал,С157-1,"Цвяхи, кріплення",кг,5.0,55,275.0,True
10-2-3,Улаштування латання під покрівлю,100 м2,матеріал,С158-1,Антисептик,л,1.5,80,120.0,True
10-2-3,Улаштування латання під покрівлю,100 м2,труд_робітників,Т1,"Труд робітників, розряд 3.6",люд.-год,9.077,95.0,862.31,True
10-3-1,Установлення віконних блоків дерев'яних,100 м2,машина,С212-1,Підйомник / кран (подача матеріалів),маш.-год,0.15,900,135.0,True
10-3-1,Установлення віконних блоків дерев'яних,100 м2,матеріал,С137-1,Цегла керамічна,шт,5100,12,61200,True
10-3-1,Установлення віконних блоків дерев'яних,100 м2,матеріал,С135-1,Розчин мурувальний,м3,2.4,2200,5280.0,True
10-3-1,Установлення віконних блоків дерев'яних,100 м2,труд_робітників,Т1,"Труд робітників, розряд 3.5",люд.-год,55.444,95.0,5267.18,True
10-3-1,Установлення віконних блоків дерев'яних,100 м2,труд_машиністів,Т2,Труд машиністів,люд.-год,0.15,110.0,16.5,True
10-3-2,Установлення дверних блоків внутрішніх,100 м2,машина,С212-1,Підйомник / кран (подача матеріалів),маш.-год,0.15,900,135.0,True
10-3-2,Установлення дверних блоків внутрішніх,100 м2,матеріал,С137-1,Цегла керамічна,шт,5100,12,61200,True
10-3-2,Установлення дверних блоків внутрішніх,100 м2,матеріал,С135-1,Розчин мурувальний,м3,2.4,2200,5280.0,True
10-3-2,Установлення дверних блоків внутрішніх,100 м2,труд_робітників,Т1,"Труд робітників, розряд 3.5",люд.-год,57.233,95.0,5437.13,True
10-3-2,Установлення дверних блоків внутрішніх,100 м2,труд_машиністів,Т2,Труд машиністів,люд.-год,0.15,110.0,16.5,True
10-3-3,Установлення дверних блоків зовнішніх,100 м2,машина,С212-1,Підйомник / кран (подача матеріалів),маш.-год,0.15,900,135.0,True
10-3-3,Установлення дверних блоків зовнішніх,100 м2,матеріал,С137-1,Цегла керамічна,шт,5100,12,61200,True
10-3-3,Установлення дверних блоків зовнішніх,100 м2,матеріал,С135-1,Розчин мурувальний,м3,2.4,2200,5280.0,True
10-3-3,Установлення дверних блоків зовнішніх,100 м2,труд_робітників,Т1,"Труд робітників, розряд 3.5",люд.-год,59.007,95.0,5605.66,True
10-3-3,Установлення дверних блоків зовнішніх,100 м2,труд_машиністів,Т2,Труд машиністів,люд.-год,0.15,110.0,16.5,True
10-3-4,Установлення підвіконних дощок,100 м,матеріал,С150-1,Блок віконний/дверний,м2,100,2500,250000,True
10-3-4,Установлення підвіконних дощок,100 м,матеріал,С151-1,Піна монтажна / герметик,л,80,120,9600,True
10-3-4,Установлення підвіконних дощок,100 м,матеріал,С152-1,"Кріплення (анкери, шурупи)",компл,100,45,4500,True
10-3-4,Установлення підвіконних дощок,100 м,труд_робітників,Т1,"Труд робітників, розряд 3.8",люд.-год,256.154,95.0,24334.63,True
10-4-1,Улаштування каркасних перегородок обшитих гіпсокартоном,100 м2,машина,С212-1,Підйомник / кран (подача матеріалів),маш.-год,0.15,900,135.0,True
10-4-1,Улаштування каркасних перегородок обшитих гіпсокартоном,100 м2,матеріал,С133-1,Плити гіпсові / пазогребеневі,м2,105,220,23100,True
10-4-1,Улаштування каркасних перегородок обшитих гіпсокартоном,100 м2,матеріал,С131-2,Клей гіпсовий,кг,500,16,8000,True
10-4-1,Улаштування каркасних перегородок обшитих гіпсокартоном,100 м2,труд_робітників,Т1,"Труд робітників, розряд 3.4",люд.-год,207.856,95.0,19746.32,True
10-4-1,Улаштування каркасних перегородок обшитих гіпсокартоном,100 м2,труд_машиністів,Т2,Труд машиністів,люд.-год,0.15,110.0,16.5,True
10-4-2,Обшивка стін дошкою,100 м2,матеріал,С156-1,Пиломатеріали хвойні,м3,1.1,12000,13200.0,True
10-4-2,Обшивка стін дошкою,100 м2,матеріал,С157-1,"Цвяхи, кріплення",кг,5.0,55,275.0,True
10-4-2,Обшивка стін дошкою,100 м2,матеріал,С158-1,Антисептик,л,1.5,80,120.0,True
10-4-2,Обшивка стін дошкою,100 м2,труд_робітників,Т1,"Труд робітників, розряд 3.6",люд.-год,9.981,95.0,948.19,True
10-4-3,Улаштування підшивки стель,100 м2,матеріал,С156-1,Пиломатеріали хвойні,м3,1.1,12000,13200.0,True
10-4-3,Улаштування підшивки стель,100 м2,матеріал,С157-1,"Цвяхи, кріплення",кг,5.0,55,275.0,True
10-4-3,Улаштування підшивки стель,100 м2,матеріал,С158-1,Антисептик,л,1.5,80,120.0,True
10-4-3,Улаштування підшивки стель,100 м2,труд_робітників,Т1,"Труд робітників, розряд 3.6",люд.-год,9.235,95.0,877.32,True
11-1-1,Улаштування підстилаючого шару з бетону,100 м2,матеріал,С160-1,Суміш для стяжки,м3,4.0,2800,11200.0,True
11-1-1,Улаштування підстилаючого шару з бетону,100 м2,матеріал,С161-1,Ґрунтовка,л,20,90,1800,True
11-1-1,Улаштування підстилаючого шару з бетону,100 м2,труд_робітників,Т1,"Труд робітників, розряд 3.3",люд.-год,108.677,95.0,10324.32,True
11-1-2,Улаштування стяжки цементної,100 м2,матеріал,С160-1,Суміш для стяжки,м3,4.0,2800,11200.0,True
11-1-2,Улаштування стяжки цементної,100 м2,матеріал,С161-1,Ґрунтовка,л,20,90,1800,True
11-1-2,Улаштування стяжки цементної,100 м2,труд_робітників,Т1,"Труд робітників, розряд 3.3",люд.-год,98.646,95.0,9371.37,True
11-1-3,Улаштування стяжки самовирівнювальної,100 м2,матеріал,С160-1,Суміш для стяжки,м3,4.0,2800,11200.0,True
11-1-3,Улаштування стяжки самовирівнювальної,100 м2,матеріал,С161-1,Ґрунтовка,л,20,90,1800,True
11-1-3,Улаштування стяжки самовирівнювальної,100 м2,труд_робітників,Т1,"Труд робітників, розряд 3.3",люд.-год,108.212,95.0,10280.14,True
11-1-4,Гідроізоляція підлоги,100 м2,матеріал,С167-1,Плитка керамічна / керамограніт,м2,105,420,44100,True
11-1-4,Гідроізоляція підлоги,100 м2,матеріал,С168-1,Клей плитковий,кг,500,14,7000,True
11-1-4,Гідроізоляція підлоги,100 м2,матеріал,С169-1,Затирка,кг,50,45,2250,True
11-1-4,Гідроізоляція підлоги,100 м2,труд_робітників,Т1,"Труд робітників, розряд 3.8",люд.-год,134.974,95.0,12822.53,True
11-2-1,Улаштування підлог із керамічної плитки по готовій стяжці,100 м2,матеріал,С167-1,Плитка керамічна / керамограніт,м2,105,420,44100,True
11-2-1,Улаштування підлог із керамічної плитки по готовій стяжці,100 м2,матеріал,С168-1,Клей плитковий,кг,500,14,7000,True
11-2-1,Улаштування підлог із керамічної плитки по готовій стяжці,100 м2,матеріал,С169-1,Затирка,кг,50,45,2250,True
11-2-1,Улаштування підлог із керамічної плитки по готовій стяжці,100 м2,труд_робітників,Т1,"Труд робітників, розряд 3.8",люд.-год,154.975,95.0,14722.62,True
11-2-2,Улаштування підлог із керамограніту,100 м2,матеріал,С167-1,Плитка керамічна / керамограніт,м2,105,420,44100,True
11-2-2,Улаштування підлог із керамограніту,100 м2,матеріал,С168-1,Клей плитковий,кг,500,14,7000,True
11-2-2,Улаштування підлог із керамограніту,100 м2,матеріал,С169-1,Затирка,кг,50,45,2250,True
11-2-2,Улаштування підлог із керамограніту,100 м2,труд_робітників,Т1,"Труд робітників, розряд 3.8",люд.-год,142.101,95.0,13499.59,True
11-2-3,Улаштування плінтусів із керамічної плитки,100 м,матеріал,С167-1,Плитка керамічна / керамограніт,м2,105,420,44100,True
11-2-3,Улаштування плінтусів із керамічної плитки,100 м,матеріал,С168-1,Клей плитковий,кг,500,14,7000,True
11-2-3,Улаштування плінтусів із керамічної плитки,100 м,матеріал,С169-1,Затирка,кг,50,45,2250,True
11-2-3,Улаштування плінтусів із керамічної плитки,100 м,труд_робітників,Т1,"Труд робітників, розряд 3.8",люд.-год,130.99,95.0,12444.05,True
11-2-4,Улаштування підлог із плитки по діагоналі,100 м2,матеріал,С167-1,Плитка керамічна / керамограніт,м2,105,420,44100,True
11-2-4,Улаштування підлог із плитки по діагоналі,100 м2,матеріал,С168-1,Клей плитковий,кг,500,14,7000,True
11-2-4,Улаштування підлог із плитки по діагоналі,100 м2,матеріал,С169-1,Затирка,кг,50,45,2250,True
11-2-4,Улаштування підлог із плитки по діагоналі,100 м2,труд_робітників,Т1,"Труд робітників, розряд 3.8",люд.-год,134.803,95.0,12806.28,True
11-2-5,Улаштування підлог у вологих приміщеннях із гідроізоляцією,100 м2,матеріал,С167-1,Плитка керамічна / керамограніт,м2,105,420,44100,True
11-2-5,Улаштування підлог у вологих приміщеннях із гідроізоляцією,100 м2,матеріал,С168-1,Клей плитковий,кг,500,14,7000,True
11-2-5,Улаштування підлог у вологих приміщеннях із гідроізоляцією,100 м2,матеріал,С169-1,Затирка,кг,50,45,2250,True
11-2-5,Улаштування підлог у вологих приміщеннях із гідроізоляцією,100 м2,труд_робітників,Т1,"Труд робітників, розряд 3.8",люд.-год,153.375,95.0,14570.62,True
11-3-1,Улаштування підлог із лінолеуму на клейовій основі,100 м2,матеріал,С162-1,Лінолеум / ПВХ-покриття,м2,105,450,47250,True
11-3-1,Улаштування підлог із лінолеуму на клейовій основі,100 м2,матеріал,С163-1,Клей для лінолеуму,кг,40,85,3400,True
11-3-1,Улаштування підлог із лінолеуму на клейовій основі,100 м2,матеріал,С164-1,Плінтус ПВХ,м,40,55,2200,True
11-3-1,Улаштування підлог із лінолеуму на клейовій основі,100 м2,труд_робітників,Т1,"Труд робітників, розряд 3.4",люд.-год,55.63,95.0,5284.85,True
11-3-2,Улаштування підлог із ПВХ-плитки,100 м2,матеріал,С162-1,Лінолеум / ПВХ-покриття,м2,105,450,47250,True
11-3-2,Улаштування підлог із ПВХ-плитки,100 м2,матеріал,С163-1,Клей для лінолеуму,кг,40,85,3400,True
11-3-2,Улаштування підлог із ПВХ-плитки,100 м2,матеріал,С164-1,Плінтус ПВХ,м,40,55,2200,True
11-3-2,Улаштування підлог із ПВХ-плитки,100 м2,труд_робітників,Т1,"Труд робітників, розряд 3.4",люд.-год,56.312,95.0,5349.64,True
11-3-3,Улаштування плінтусів полівінілхлоридних,100 м,матеріал,С167-1,Плитка керамічна / керамограніт,м2,105,420,44100,True
11-3-3,Улаштування плінтусів полівінілхлоридних,100 м,матеріал,С168-1,Клей плитковий,кг,500,14,7000,True
11-3-3,Улаштування плінтусів полівінілхлоридних,100 м,матеріал,С169-1,Затирка,кг,50,45,2250,True
11-3-3,Улаштування плінтусів полівінілхлоридних,100 м,труд_робітників,Т1,"Труд робітників, розряд 3.8",люд.-год,132.331,95.0,12571.44,True
11-4-1,Улаштування підлог дощатих,100 м2,матеріал,С165-1,Ламінат / дошка / паркет,м2,108,650,70200,True
11-4-1,Улаштування підлог дощатих,100 м2,матеріал,С166-1,Підкладка,м2,105,45,4725,True
11-4-1,Улаштування підлог дощатих,100 м2,матеріал,С164-2,Плінтус,м,40,70,2800,True
11-4-1,Улаштування підлог дощатих,100 м2,труд_робітників,Т1,"Труд робітників, розряд 3.7",люд.-год,75.771,95.0,7198.24,True
11-4-2,Улаштування підлог паркетних,100 м2,матеріал,С165-1,Ламінат / дошка / паркет,м2,108,650,70200,True
11-4-2,Улаштування підлог паркетних,100 м2,матеріал,С166-1,Підкладка,м2,105,45,4725,True
11-4-2,Улаштування підлог паркетних,100 м2,матеріал,С164-2,Плінтус,м,40,70,2800,True
11-4-2,Улаштування підлог паркетних,100 м2,труд_робітників,Т1,"Труд робітників, розряд 3.7",люд.-год,75.912,95.0,7211.64,True
11-4-3,Улаштування підлог із ламінату,100 м2,матеріал,С165-1,Ламінат / дошка / паркет,м2,108,650,70200,True
11-4-3,Улаштування підлог із ламінату,100 м2,матеріал,С166-1,Підкладка,м2,105,45,4725,True
11-4-3,Улаштування підлог із ламінату,100 м2,матеріал,С164-2,Плінтус,м,40,70,2800,True
11-4-3,Улаштування підлог із ламінату,100 м2,труд_робітників,Т1,"Труд робітників, розряд 3.7",люд.-год,81.664,95.0,7758.08,True
11-5-1,Улаштування підлог бетонних з залізненням,100 м2,матеріал,С160-1,Суміш для стяжки,м3,4.0,2800,11200.0,True
11-5-1,Улаштування підлог бетонних з залізненням,100 м2,матеріал,С161-1,Ґрунтовка,л,20,90,1800,True
11-5-1,Улаштування підлог бетонних з залізненням,100 м2,труд_робітників,Т1,"Труд робітників, розряд 3.3",люд.-год,95.599,95.0,9081.91,True
11-5-2,Улаштування підлог мозаїчних,100 м2,матеріал,С167-1,Плитка керамічна / керамограніт,м2,105,420,44100,True
11-5-2,Улаштування підлог мозаїчних,100 м2,матеріал,С168-1,Клей плитковий,кг,500,14,7000,True
11-5-2,Улаштування підлог мозаїчних,100 м2,матеріал,С169-1,Затирка,кг,50,45,2250,True
11-5-2,Улаштування підлог мозаїчних,100 м2,труд_робітників,Т1,"Труд робітників, розряд 3.8",люд.-год,152.824,95.0,14518.28,True
12-1-1,Улаштування пароізоляції,100 м2,машина,С214-1,Пальник газовий покрівельний,маш.-год,0.8,50,40.0,True
12-1-1,Улаштування пароізоляції,100 м2,матеріал,С174-1,Матеріал рулонний наплавлюваний,м2,115,180,20700,True
12-1-1,Улаштування пароізоляції,100 м2,матеріал,С175-1,Праймер бітумний,л,30,70,2100,True
12-1-1,Улаштування пароізоляції,100 м2,труд_робітників,Т1,"Труд робітників, розряд 3.6",люд.-год,87.31,95.0,8294.45,True
12-1-1,Улаштування пароізоляції,100 м2,труд_машиністів,Т2,Труд машиністів,люд.-год,0.2,110.0,22.0,True
12-1-2,Улаштування утеплювача з плитних матеріалів,100 м2,машина,С214-1,Пальник газовий покрівельний,маш.-год,0.8,50,40.0,True
12-1-2,Улаштування утеплювача з плитних матеріалів,100 м2,матеріал,С174-1,Матеріал рулонний наплавлюваний,м2,115,180,20700,True
12-1-2,Улаштування утеплювача з плитних матеріалів,100 м2,матеріал,С175-1,Праймер бітумний,л,30,70,2100,True
12-1-2,Улаштування утеплювача з плитних матеріалів,100 м2,труд_робітників,Т1,"Труд робітників, розряд 3.6",люд.-год,94.083,95.0,8937.89,True
12-1-2,Улаштування утеплювача з плитних матеріалів,100 м2,труд_машиністів,Т2,Труд машиністів,люд.-год,0.2,110.0,22.0,True
12-1-3,Улаштування стяжки під покрівлю,100 м2,матеріал,С160-1,Суміш для стяжки,м3,4.0,2800,11200.0,True
12-1-3,Улаштування стяжки під покрівлю,100 м2,матеріал,С161-1,Ґрунтовка,л,20,90,1800,True
12-1-3,Улаштування стяжки під покрівлю,100 м2,труд_робітників,Т1,"Труд робітників, розряд 3.3",люд.-год,105.846,95.0,10055.37,True
12-2-1,Улаштування покрівлі з наплавлюваних матеріалів у 1 шар,100 м2,машина,С214-1,Пальник газовий покрівельний,маш.-год,0.8,50,40.0,True
12-2-1,Улаштування покрівлі з наплавлюваних матеріалів у 1 шар,100 м2,матеріал,С174-1,Матеріал рулонний наплавлюваний,м2,115,180,20700,True
12-2-1,Улаштування покрівлі з наплавлюваних матеріалів у 1 шар,100 м2,матеріал,С175-1,Праймер бітумний,л,30,70,2100,True
12-2-1,Улаштування покрівлі з наплавлюваних матеріалів у 1 шар,100 м2,труд_робітників,Т1,"Труд робітників, розряд 3.6",люд.-год,94.006,95.0,8930.57,True
12-2-1,Улаштування покрівлі з наплавлюваних матеріалів у 1 шар,100 м2,труд_машиністів,Т2,Труд машиністів,люд.-год,0.2,110.0,22.0,True
12-2-2,Улаштування покрівлі з наплавлюваних матеріалів у 2 шари,100 м2,машина,С214-1,Пальник газовий покрівельний,маш.-год,0.8,50,40.0,True
12-2-2,Улаштування покрівлі з наплавлюваних матеріалів у 2 шари,100 м2,матеріал,С174-1,Матеріал рулонний наплавлюваний,м2,115,180,20700,True
12-2-2,Улаштування покрівлі з наплавлюваних матеріалів у 2 шари,100 м2,матеріал,С175-1,Праймер бітумний,л,30,70,2100,True
12-2-2,Улаштування покрівлі з наплавлюваних матеріалів у 2 шари,100 м2,труд_робітників,Т1,"Труд робітників, розряд 3.6",люд.-год,89.357,95.0,8488.91,True
12-2-2,Улаштування покрівлі з наплавлюваних матеріалів у 2 шари,100 м2,труд_машиністів,Т2,Труд машиністів,люд.-год,0.2,110.0,22.0,True
12-2-3,Улаштування примикань рулонної покрівлі,100 м,машина,С214-1,Пальник газовий покрівельний,маш.-год,0.8,50,40.0,True
12-2-3,Улаштування примикань рулонної покрівлі,100 м,матеріал,С174-1,Матеріал рулонний наплавлюваний,м2,115,180,20700,True
12-2-3,Улаштування примикань рулонної покрівлі,100 м,матеріал,С175-1,Праймер бітумний,л,30,70,2100,True
12-2-3,Улаштування примикань рулонної покрівлі,100 м,труд_робітників,Т1,"Труд робітників, розряд 3.6",люд.-год,89.112,95.0,8465.64,True
12-2-3,Улаштування примикань рулонної покрівлі,100 м,труд_машиністів,Т2,Труд машиністів,люд.-год,0.2,110.0,22.0,True
12-3-1,Улаштування покрівлі з металочерепиці,100 м2,матеріал,С170-1,Металочерепиця / профнастил,м2,110,320,35200,True
12-3-1,Улаштування покрівлі з металочерепиці,100 м2,матеріал,С171-1,Саморізи покрівельні,шт,800,2.5,2000.0,True
12-3-1,Улаштування покрівлі з металочерепиці,100 м2,матеріал,С172-1,Плівки / ущільнювачі,м2,110,35,3850,True
12-3-1,Улаштування покрівлі з металочерепиці,100 м2,труд_робітників,Т1,"Труд робітників, розряд 3.7",люд.-год,114.224,95.0,10851.28,True
12-3-2,Улаштування покрівлі з профнастилу,100 м2,матеріал,С170-1,Металочерепиця / профнастил,м2,110,320,35200,True
12-3-2,Улаштування покрівлі з профнастилу,100 м2,матеріал,С171-1,Саморізи покрівельні,шт,800,2.5,2000.0,True
12-3-2,Улаштування покрівлі з профнастилу,100 м2,матеріал,С172-1,Плівки / ущільнювачі,м2,110,35,3850,True
12-3-2,Улаштування покрівлі з профнастилу,100 м2,труд_робітників,Т1,"Труд робітників, розряд 3.7",люд.-год,123.751,95.0,11756.35,True
12-3-3,Улаштування покрівлі з фальцевої сталі,100 м2,матеріал,С170-1,Металочерепиця / профнастил,м2,110,320,35200,True
12-3-3,Улаштування покрівлі з фальцевої сталі,100 м2,матеріал,С171-1,Саморізи покрівельні,шт,800,2.5,2000.0,True
12-3-3,Улаштування покрівлі з фальцевої сталі,100 м2,матеріал,С172-1,Плівки / ущільнювачі,м2,110,35,3850,True
12-3-3,Улаштування покрівлі з фальцевої сталі,100 м2,труд_робітників,Т1,"Труд робітників, розряд 3.7",люд.-год,111.248,95.0,10568.56,True
12-4-1,Улаштування ринв підвісних,100 м,матеріал,С173-1,Елементи водостоку / планки,м,105,180,18900,True
12-4-1,Улаштування ринв підвісних,100 м,матеріал,С171-2,Кріплення,компл,100,40,4000,True
12-4-1,Улаштування ринв підвісних,100 м,труд_робітників,Т1,"Труд робітників, розряд 3.5",люд.-год,70.531,95.0,6700.45,True
12-4-2,Улаштування водостічних труб,100 м,машина,С214-1,Пальник газовий покрівельний,маш.-год,0.8,50,40.0,True
12-4-2,Улаштування водостічних труб,100 м,матеріал,С174-1,Матеріал рулонний наплавлюваний,м2,115,180,20700,True
12-4-2,Улаштування водостічних труб,100 м,матеріал,С175-1,Праймер бітумний,л,30,70,2100,True
12-4-2,Улаштування водостічних труб,100 м,труд_робітників,Т1,"Труд робітників, розряд 3.6",люд.-год,89.024,95.0,8457.28,True
12-4-2,Улаштування водостічних труб,100 м,труд_машиністів,Т2,Труд машиністів,люд.-год,0.2,110.0,22.0,True
12-4-3,Улаштування карнизних і торцевих планок,100 м,матеріал,С173-1,Елементи водостоку / планки,м,105,180,18900,True
12-4-3,Улаштування карнизних і торцевих планок,100 м,матеріал,С171-2,Кріплення,компл,100,40,4000,True
12-4-3,Улаштування карнизних і торцевих планок,100 м,труд_робітників,Т1,"Труд робітників, розряд 3.5",люд.-год,77.618,95.0,7373.71,True
15-1-1,Покращене штукатурне опорядження стін цементно-вапняним розчином,100 м2,матеріал,С188-1,Суміш штукатурна,кг,1200,8,9600,True
15-1-1,Покращене штукатурне опорядження стін цементно-вапняним розчином,100 м2,матеріал,С181-2,Ґрунтовка,л,20,85,1700,True
15-1-1,Покращене штукатурне опорядження стін цементно-вапняним розчином,100 м2,матеріал,С189-1,Сітка штукатурна (за потреби),м2,30,25,750,True
15-1-1,Покращене штукатурне опорядження стін цементно-вапняним розчином,100 м2,труд_робітників,Т1,"Труд робітників, розряд 3.6",люд.-год,150.999,95.0,14344.9,True
15-1-2,Високоякісне штукатурне опорядження стін,100 м2,матеріал,С188-1,Суміш штукатурна,кг,1200,8,9600,True
15-1-2,Високоякісне штукатурне опорядження стін,100 м2,матеріал,С181-2,Ґрунтовка,л,20,85,1700,True
15-1-2,Високоякісне штукатурне опорядження стін,100 м2,матеріал,С189-1,Сітка штукатурна (за потреби),м2,30,25,750,True
15-1-2,Високоякісне штукатурне опорядження стін,100 м2,труд_робітників,Т1,"Труд робітників, розряд 3.6",люд.-год,171.906,95.0,16331.07,True
15-1-3,Штукатурне опорядження стель,100 м2,матеріал,С186-1,Каркас / комплектуючі стелі,м2,105,250,26250,True
15-1-3,Штукатурне опорядження стель,100 м2,матеріал,С187-1,Плити / полотно стелі,м2,105,200,21000,True
15-1-3,Штукатурне опорядження стель,100 м2,труд_робітників,Т1,"Труд робітників, розряд 3.7",люд.-год,141.704,95.0,13461.88,True
15-1-4,Штукатурне опорядження укосів,100 м,матеріал,С188-1,Суміш штукатурна,кг,1200,8,9600,True
15-1-4,Штукатурне опорядження укосів,100 м,матеріал,С181-2,Ґрунтовка,л,20,85,1700,True
15-1-4,Штукатурне опорядження укосів,100 м,матеріал,С189-1,Сітка штукатурна (за потреби),м2,30,25,750,True
15-1-4,Штукатурне опорядження укосів,100 м,труд_робітників,Т1,"Труд робітників, розряд 3.6",люд.-год,159.315,95.0,15134.92,True
15-2-1,Штукатурне опорядження фасадів,100 м2,матеріал,С188-1,Суміш штукатурна,кг,1200,8,9600,True
15-2-1,Штукатурне опорядження фасадів,100 м2,матеріал,С181-2,Ґрунтовка,л,20,85,1700,True
15-2-1,Штукатурне опорядження фасадів,100 м2,матеріал,С189-1,Сітка штукатурна (за потреби),м2,30,25,750,True
15-2-1,Штукатурне опорядження фасадів,100 м2,труд_робітників,Т1,"Труд робітників, розряд 3.6",люд.-год,174.613,95.0,16588.24,True
15-2-2,Декоративне штукатурне опорядження фасадів,100 м2,матеріал,С188-1,Суміш штукатурна,кг,1200,8,9600,True
15-2-2,Декоративне штукатурне опорядження фасадів,100 м2,матеріал,С181-2,Ґрунтовка,л,20,85,1700,True
15-2-2,Декоративне штукатурне опорядження фасадів,100 м2,матеріал,С189-1,Сітка штукатурна (за потреби),м2,30,25,750,True
15-2-2,Декоративне штукатурне опорядження фасадів,100 м2,труд_робітників,Т1,"Труд робітників, розряд 3.6",люд.-год,163.571,95.0,15539.24,True
15-3-1,Облицювання стін керамічною плиткою,100 м2,матеріал,С180-1,Плитка облицювальна,м2,105,380,39900,True
15-3-1,Облицювання стін керамічною плиткою,100 м2,матеріал,С168-1,Клей плитковий,кг,550,14,7700,True
15-3-1,Облицювання стін керамічною плиткою,100 м2,матеріал,С169-1,Затирка,кг,60,45,2700,True
15-3-1,Облицювання стін керамічною плиткою,100 м2,труд_робітників,Т1,"Труд робітників, розряд 3.9",люд.-год,164.104,95.0,15589.88,True
15-3-2,Облицювання стін керамогранітом,100 м2,матеріал,С180-1,Плитка облицювальна,м2,105,380,39900,True
15-3-2,Облицювання стін керамогранітом,100 м2,матеріал,С168-1,Клей плитковий,кг,550,14,7700,True
15-3-2,Облицювання стін керамогранітом,100 м2,матеріал,С169-1,Затирка,кг,60,45,2700,True
15-3-2,Облицювання стін керамогранітом,100 м2,труд_робітників,Т1,"Труд робітників, розряд 3.9",люд.-год,181.517,95.0,17244.11,True
15-3-3,Облицювання стін природним каменем,100 м2,матеріал,С180-1,Плитка облицювальна,м2,105,380,39900,True
15-3-3,Облицювання стін природним каменем,100 м2,матеріал,С168-1,Клей плитковий,кг,550,14,7700,True
15-3-3,Облицювання стін природним каменем,100 м2,матеріал,С169-1,Затирка,кг,60,45,2700,True
15-3-3,Облицювання стін природним каменем,100 м2,труд_робітників,Т1,"Труд робітників, розряд 3.9",люд.-год,161.988,95.0,15388.86,True
15-4-1,Фарбування стін водоемульсійними складами покращене,100 м2,матеріал,С181-1,Ґрунтовка,л,15,85,1275,True
15-4-1,Фарбування стін водоемульсійними складами покращене,100 м2,матеріал,С182-1,Шпаклівка,кг,120,22,2640,True
15-4-1,Фарбування стін водоемульсійними складами покращене,100 м2,матеріал,С183-1,Фарба водоемульсійна,л,25,140,3500,True
15-4-1,Фарбування стін водоемульсійними складами покращене,100 м2,труд_робітників,Т1,"Труд робітників, розряд 3.4",люд.-год,75.14,95.0,7138.3,True
15-4-2,Фарбування стін водоемульсійними складами високоякісне,100 м2,матеріал,С181-1,Ґрунтовка,л,15,85,1275,True
15-4-2,Фарбування стін водоемульсійними складами високоякісне,100 м2,матеріал,С182-1,Шпаклівка,кг,120,22,2640,True
15-4-2,Фарбування стін водоемульсійними складами високоякісне,100 м2,матеріал,С183-1,Фарба водоемульсійна,л,25,140,3500,True
15-4-2,Фарбування стін водоемульсійними складами високоякісне,100 м2,труд_робітників,Т1,"Труд робітників, розряд 3.4",люд.-год,73.971,95.0,7027.25,True
15-4-3,Фарбування стель водоемульсійними складами,100 м2,матеріал,С181-1,Ґрунтовка,л,15,85,1275,True
15-4-3,Фарбування стель водоемульсійними складами,100 м2,матеріал,С182-1,Шпаклівка,кг,120,22,2640,True
15-4-3,Фарбування стель водоемульсійними складами,100 м2,матеріал,С183-1,Фарба водоемульсійна,л,25,140,3500,True
15-4-3,Фарбування стель водоемульсійними складами,100 м2,труд_робітників,Т1,"Труд робітників, розряд 3.4",люд.-год,84.706,95.0,8047.07,True
15-4-4,Фарбування столярних виробів олійними складами,100 м2,матеріал,С181-1,Ґрунтовка,л,15,85,1275,True
15-4-4,Фарбування столярних виробів олійними складами,100 м2,матеріал,С182-1,Шпаклівка,кг,120,22,2640,True
15-4-4,Фарбування столярних виробів олійними складами,100 м2,матеріал,С183-1,Фарба водоемульсійна,л,25,140,3500,True
15-4-4,Фарбування столярних виробів олійними складами,100 м2,труд_робітників,Т1,"Труд робітників, розряд 3.4",люд.-год,75.595,95.0,7181.52,True
15-4-5,Фарбування металевих поверхонь,100 м2,матеріал,С181-1,Ґрунтовка,л,15,85,1275,True
15-4-5,Фарбування металевих поверхонь,100 м2,матеріал,С182-1,Шпаклівка,кг,120,22,2640,True
15-4-5,Фарбування металевих поверхонь,100 м2,матеріал,С183-1,Фарба водоемульсійна,л,25,140,3500,True
15-4-5,Фарбування металевих поверхонь,100 м2,труд_робітників,Т1,"Труд робітників, розряд 3.4",люд.-год,83.401,95.0,7923.09,True
15-4-6,Фарбування фасадів силікатними складами,100 м2,матеріал,С181-1,Ґрунтовка,л,15,85,1275,True
15-4-6,Фарбування фасадів силікатними складами,100 м2,матеріал,С182-1,Шпаклівка,кг,120,22,2640,True
15-4-6,Фарбування фасадів силікатними складами,100 м2,матеріал,С183-1,Фарба водоемульсійна,л,25,140,3500,True
15-4-6,Фарбування фасадів силікатними складами,100 м2,труд_робітників,Т1,"Труд робітників, розряд 3.4",люд.-год,71.872,95.0,6827.84,True
15-4-7,Ґрунтування поверхонь під фарбування,100 м2,матеріал,С181-1,Ґрунтовка,л,15,85,1275,True
15-4-7,Ґрунтування поверхонь під фарбування,100 м2,матеріал,С182-1,Шпаклівка,кг,120,22,2640,True
15-4-7,Ґрунтування поверхонь під фарбування,100 м2,матеріал,С183-1,Фарба водоемульсійна,л,25,140,3500,True
15-4-7,Ґрунтування поверхонь під фарбування,100 м2,труд_робітників,Т1,"Труд робітників, розряд 3.4",люд.-год,77.937,95.0,7404.01,True
15-4-8,Шпаклювання суцільне під високоякісне фарбування,100 м2,матеріал,С181-1,Ґрунтовка,л,15,85,1275,True
15-4-8,Шпаклювання суцільне під високоякісне фарбування,100 м2,матеріал,С182-1,Шпаклівка,кг,120,22,2640,True
15-4-8,Шпаклювання суцільне під високоякісне фарбування,100 м2,матеріал,С183-1,Фарба водоемульсійна,л,25,140,3500,True
15-4-8,Шпаклювання суцільне під високоякісне фарбування,100 м2,труд_робітників,Т1,"Труд робітників, розряд 3.4",люд.-год,74.501,95.0,7077.6,True
15-5-1,Обклеювання стін шпалерами простими,100 м2,матеріал,С184-1,Шпалери,м2,110,180,19800,True
15-5-1,Обклеювання стін шпалерами простими,100 м2,матеріал,С185-1,Клей шпалерний,кг,20,60,1200,True
15-5-1,Обклеювання стін шпалерами простими,100 м2,труд_робітників,Т1,"Труд робітників, розряд 3.5",люд.-год,60.092,95.0,5708.74,True
15-5-2,Обклеювання стін шпалерами покращеними,100 м2,матеріал,С184-1,Шпалери,м2,110,180,19800,True
15-5-2,Обклеювання стін шпалерами покращеними,100 м2,матеріал,С185-1,Клей шпалерний,кг,20,60,1200,True
15-5-2,Обклеювання стін шпалерами покращеними,100 м2,труд_робітників,Т1,"Труд робітників, розряд 3.5",люд.-год,69.392,95.0,6592.24,True
15-5-3,Оскління віконних переплетень,100 м2,матеріал,С150-1,Блок віконний/дверний,м2,100,2500,250000,True
15-5-3,Оскління віконних переплетень,100 м2,матеріал,С151-1,Піна монтажна / герметик,л,80,120,9600,True
15-5-3,Оскління віконних переплетень,100 м2,матеріал,С152-1,"Кріплення (анкери, шурупи)",компл,100,45,4500,True
15-5-3,Оскління віконних переплетень,100 м2,труд_робітників,Т1,"Труд робітників, розряд 3.8",люд.-год,233.745,95.0,22205.78,True
15-6-1,Улаштування стель із гіпсокартону по каркасу,100 м2,матеріал,С153-1,Профіль CD/UD,м,320,25,8000,True
15-6-1,Улаштування стель із гіпсокартону по каркасу,100 м2,матеріал,С154-1,"Гіпсокартон 12,5 мм",м2,115,180,20700,True
15-6-1,Улаштування стель із гіпсокартону по каркасу,100 м2,матеріал,С155-1,"Шурупи, стрічка, шпаклівка",компл,100,90,9000,True
15-6-1,Улаштування стель із гіпсокартону по каркасу,100 м2,труд_робітників,Т1,"Труд робітників, розряд 3.5",люд.-год,179.734,95.0,17074.73,True
15-6-2,Улаштування підвісних стель типу Армстронг,100 м2,матеріал,С186-1,Каркас / комплектуючі стелі,м2,105,250,26250,True
15-6-2,Улаштування підвісних стель типу Армстронг,100 м2,матеріал,С187-1,Плити / полотно стелі,м2,105,200,21000,True
15-6-2,Улаштування підвісних стель типу Армстронг,100 м2,труд_робітників,Т1,"Труд робітників, розряд 3.7",люд.-год,132.97,95.0,12632.15,True
15-6-3,Улаштування натяжних стель,100 м2,матеріал,С186-1,Каркас / комплектуючі стелі,м2,105,250,26250,True
15-6-3,Улаштування натяжних стель,100 м2,матеріал,С187-1,Плити / полотно стелі,м2,105,200,21000,True
15-6-3,Улаштування натяжних стель,100 м2,труд_робітників,Т1,"Труд робітників, розряд 3.7",люд.-год,136.824,95.0,12998.28,True
16-1-1,Прокладання труб сталевих діаметром 15 мм,100 м,матеріал,С193-1,Труби (сталь/ППР/ПВХ/ПЕ),м,105,120,12600,True
16-1-1,Прокладання труб сталевих діаметром 15 мм,100 м,матеріал,С194-1,Фітинги та арматура,компл,100,350,35000,True
16-1-1,Прокладання труб сталевих діаметром 15 мм,100 м,матеріал,С195-1,Кріплення / ізоляція,компл,100,90,9000,True
16-1-1,Прокладання труб сталевих діаметром 15 мм,100 м,труд_робітників,Т1,"Труд робітників, розряд 3.8",люд.-год,174.905,95.0,16615.97,True
16-1-2,Прокладання труб сталевих діаметром 20 мм,100 м,матеріал,С193-1,Труби (сталь/ППР/ПВХ/ПЕ),м,105,120,12600,True
16-1-2,Прокладання труб сталевих діаметром 20 мм,100 м,матеріал,С194-1,Фітинги та арматура,компл,100,350,35000,True
16-1-2,Прокладання труб сталевих діаметром 20 мм,100 м,матеріал,С195-1,Кріплення / ізоляція,компл,100,90,9000,True
16-1-2,Прокладання труб сталевих діаметром 20 мм,100 м,труд_робітників,Т1,"Труд робітників, розряд 3.8",люд.-год,188.708,95.0,17927.26,True
16-1-3,Прокладання труб сталевих діаметром 25 мм,100 м,матеріал,С193-1,Труби (сталь/ППР/ПВХ/ПЕ),м,105,120,12600,True
16-1-3,Прокладання труб сталевих діаметром 25 мм,100 м,матеріал,С194-1,Фітинги та арматура,компл,100,350,35000,True
16-1-3,Прокладання труб сталевих діаметром 25 мм,100 м,матеріал,С195-1,Кріплення / ізоляція,компл,100,90,9000,True
16-1-3,Прокладання труб сталевих діаметром 25 мм,100 м,труд_робітників,Т1,"Труд робітників, розряд 3.8",люд.-год,189.899,95.0,18040.4,True
16-1-4,Прокладання труб сталевих діаметром 32 мм,100 м,матеріал,С193-1,Труби (сталь/ППР/ПВХ/ПЕ),м,105,120,12600,True
16-1-4,Прокладання труб сталевих діаметром 32 мм,100 м,матеріал,С194-1,Фітинги та арматура,компл,100,350,35000,True
16-1-4,Прокладання труб сталевих діаметром 32 мм,100 м,матеріал,С195-1,Кріплення / ізоляція,компл,100,90,9000,True
16-1-4,Прокладання труб сталевих діаметром 32 мм,100 м,труд_робітників,Т1,"Труд робітників, розряд 3.8",люд.-год,170.122,95.0,16161.59,True
16-1-5,Прокладання труб сталевих діаметром 40 мм,100 м,матеріал,С193-1,Труби (сталь/ППР/ПВХ/ПЕ),м,105,120,12600,True
16-1-5,Прокладання труб сталевих діаметром 40 мм,100 м,матеріал,С194-1,Фітинги та арматура,компл,100,350,35000,True
16-1-5,Прокладання труб сталевих діаметром 40 мм,100 м,матеріал,С195-1,Кріплення / ізоляція,компл,100,90,9000,True
16-1-5,Прокладання труб сталевих діаметром 40 мм,100 м,труд_робітників,Т1,"Труд робітників, розряд 3.8",люд.-год,177.429,95.0,16855.76,True
16-1-6,Прокладання труб сталевих діаметром 50 мм,100 м,матеріал,С193-1,Труби (сталь/ППР/ПВХ/ПЕ),м,105,120,12600,True
16-1-6,Прокладання труб сталевих діаметром 50 мм,100 м,матеріал,С194-1,Фітинги та арматура,компл,100,350,35000,True
16-1-6,Прокладання труб сталевих діаметром 50 мм,100 м,матеріал,С195-1,Кріплення / ізоляція,компл,100,90,9000,True
16-1-6,Прокладання труб сталевих діаметром 50 мм,100 м,труд_робітників,Т1,"Труд робітників, розряд 3.8",люд.-год,188.154,95.0,17874.63,True
16-2-1,Прокладання труб поліпропіленових діаметром 20 мм,100 м,матеріал,С193-1,Труби (сталь/ППР/ПВХ/ПЕ),м,105,120,12600,True
16-2-1,Прокладання труб поліпропіленових діаметром 20 мм,100 м,матеріал,С194-1,Фітинги та арматура,компл,100,350,35000,True
16-2-1,Прокладання труб поліпропіленових діаметром 20 мм,100 м,матеріал,С195-1,Кріплення / ізоляція,компл,100,90,9000,True
16-2-1,Прокладання труб поліпропіленових діаметром 20 мм,100 м,труд_робітників,Т1,"Труд робітників, розряд 3.8",люд.-год,176.863,95.0,16801.99,True
16-2-2,Прокладання труб поліпропіленових діаметром 25 мм,100 м,матеріал,С193-1,Труби (сталь/ППР/ПВХ/ПЕ),м,105,120,12600,True
16-2-2,Прокладання труб поліпропіленових діаметром 25 мм,100 м,матеріал,С194-1,Фітинги та арматура,компл,100,350,35000,True
16-2-2,Прокладання труб поліпропіленових діаметром 25 мм,100 м,матеріал,С195-1,Кріплення / ізоляція,компл,100,90,9000,True
16-2-2,Прокладання труб поліпропіленових діаметром 25 мм,100 м,труд_робітників,Т1,"Труд робітників, розряд 3.8",люд.-год,165.707,95.0,15742.16,True
16-2-3,Прокладання труб поліпропіленових діаметром 32 мм,100 м,матеріал,С193-1,Труби (сталь/ППР/ПВХ/ПЕ),м,105,120,12600,True
16-2-3,Прокладання труб поліпропіленових діаметром 32 мм,100 м,матеріал,С194-1,Фітинги та арматура,компл,100,350,35000,True
16-2-3,Прокладання труб поліпропіленових діаметром 32 мм,100 м,матеріал,С195-1,Кріплення / ізоляція,компл,100,90,9000,True
16-2-3,Прокладання труб поліпропіленових діаметром 32 мм,100 м,труд_робітників,Т1,"Труд робітників, розряд 3.8",люд.-год,192.102,95.0,18249.69,True
16-2-4,Прокладання труб металопластикових діаметром 16-20 мм,100 м,матеріал,С193-1,Труби (сталь/ППР/ПВХ/ПЕ),м,105,120,12600,True
16-2-4,Прокладання труб металопластикових діаметром 16-20 мм,100 м,матеріал,С194-1,Фітинги та арматура,компл,100,350,35000,True
16-2-4,Прокладання труб металопластикових діаметром 16-20 мм,100 м,матеріал,С195-1,Кріплення / ізоляція,компл,100,90,9000,True
16-2-4,Прокладання труб металопластикових діаметром 16-20 мм,100 м,труд_робітників,Т1,"Труд робітників, розряд 3.8",люд.-год,166.518,95.0,15819.21,True
16-3-1,Установлення вентилів і кранів діаметром до 25 мм,шт,матеріал,С193-1,Труби (сталь/ППР/ПВХ/ПЕ),м,1.05,120,126.0,True
16-3-1,Установлення вентилів і кранів діаметром до 25 мм,шт,матеріал,С194-1,Фітинги та арматура,компл,1.0,350,350.0,True
16-3-1,Установлення вентилів і кранів діаметром до 25 мм,шт,матеріал,С195-1,Кріплення / ізоляція,компл,1.0,90,90.0,True
16-3-1,Установлення вентилів і кранів діаметром до 25 мм,шт,труд_робітників,Т1,"Труд робітників, розряд 3.8",люд.-год,2.351,95.0,223.34,True
16-3-2,Установлення вентилів і кранів діаметром до 50 мм,шт,матеріал,С193-1,Труби (сталь/ППР/ПВХ/ПЕ),м,1.05,120,126.0,True
16-3-2,Установлення вентилів і кранів діаметром до 50 мм,шт,матеріал,С194-1,Фітинги та арматура,компл,1.0,350,350.0,True
16-3-2,Установлення вентилів і кранів діаметром до 50 мм,шт,матеріал,С195-1,Кріплення / ізоляція,компл,1.0,90,90.0,True
16-3-2,Установлення вентилів і кранів діаметром до 50 мм,шт,труд_робітників,Т1,"Труд робітників, розряд 3.8",люд.-год,2.399,95.0,227.91,True
16-3-3,Гідравлічне випробування трубопроводів,100 м,матеріал,С190-1,Прилад санітарний / опалювальний,шт,1.0,3500,3500.0,True
16-3-3,Гідравлічне випробування трубопроводів,100 м,матеріал,С191-1,Підводка / кріплення / арматура,компл,1.0,650,650.0,True
16-3-3,Гідравлічне випробування трубопроводів,100 м,матеріал,С192-1,Герметик / ущільнювачі,компл,1.0,80,80.0,True
16-3-3,Гідравлічне випробування трубопроводів,100 м,труд_робітників,Т1,"Труд робітників, розряд 4.0",люд.-год,3.96,95.0,376.2,True
17-1-1,Установлення умивальників,шт,матеріал,С190-1,Прилад санітарний / опалювальний,шт,1.0,3500,3500.0,True
17-1-1,Установлення умивальників,шт,матеріал,С191-1,Підводка / кріплення / арматура,компл,1.0,650,650.0,True
17-1-1,Установлення умивальників,шт,матеріал,С192-1,Герметик / ущільнювачі,компл,1.0,80,80.0,True
17-1-1,Установлення умивальників,шт,труд_робітників,Т1,"Труд робітників, розряд 4.0",люд.-год,3.865,95.0,367.18,True
17-1-2,Установлення мийок,шт,матеріал,С193-1,Труби (сталь/ППР/ПВХ/ПЕ),м,1.05,120,126.0,True
17-1-2,Установлення мийок,шт,матеріал,С194-1,Фітинги та арматура,компл,1.0,350,350.0,True
17-1-2,Установлення мийок,шт,матеріал,С195-1,Кріплення / ізоляція,компл,1.0,90,90.0,True
17-1-2,Установлення мийок,шт,труд_робітників,Т1,"Труд робітників, розряд 3.8",люд.-год,2.271,95.0,215.75,True
17-1-3,Установлення унітазів,шт,матеріал,С190-1,Прилад санітарний / опалювальний,шт,1.0,3500,3500.0,True
17-1-3,Установлення унітазів,шт,матеріал,С191-1,Підводка / кріплення / арматура,компл,1.0,650,650.0,True
17-1-3,Установлення унітазів,шт,матеріал,С192-1,Герметик / ущільнювачі,компл,1.0,80,80.0,True
17-1-3,Установлення унітазів,шт,труд_робітників,Т1,"Труд робітників, розряд 4.0",люд.-год,4.266,95.0,405.27,True
17-1-4,Установлення ванн,шт,матеріал,С190-1,Прилад санітарний / опалювальний,шт,1.0,3500,3500.0,True
17-1-4,Установлення ванн,шт,матеріал,С191-1,Підводка / кріплення / арматура,компл,1.0,650,650.0,True
17-1-4,Установлення ванн,шт,матеріал,С192-1,Герметик / ущільнювачі,компл,1.0,80,80.0,True
17-1-4,Установлення ванн,шт,труд_робітників,Т1,"Труд робітників, розряд 4.0",люд.-год,4.403,95.0,418.28,True
17-1-5,Установлення душових піддонів,шт,матеріал,С190-1,Прилад санітарний / опалювальний,шт,1.0,3500,3500.0,True
17-1-5,Установлення душових піддонів,шт,матеріал,С191-1,Підводка / кріплення / арматура,компл,1.0,650,650.0,True
17-1-5,Установлення душових піддонів,шт,матеріал,С192-1,Герметик / ущільнювачі,компл,1.0,80,80.0,True
17-1-5,Установлення душових піддонів,шт,труд_робітників,Т1,"Труд робітників, розряд 4.0",люд.-год,4.267,95.0,405.37,True
17-1-6,Установлення змішувачів,шт,матеріал,С190-1,Прилад санітарний / опалювальний,шт,1.0,3500,3500.0,True
17-1-6,Установлення змішувачів,шт,матеріал,С191-1,Підводка / кріплення / арматура,компл,1.0,650,650.0,True
17-1-6,Установлення змішувачів,шт,матеріал,С192-1,Герметик / ущільнювачі,компл,1.0,80,80.0,True
17-1-6,Установлення змішувачів,шт,труд_робітників,Т1,"Труд робітників, розряд 4.0",люд.-год,3.911,95.0,371.55,True
17-1-7,Установлення пісуарів,шт,матеріал,С190-1,Прилад санітарний / опалювальний,шт,1.0,3500,3500.0,True
17-1-7,Установлення пісуарів,шт,матеріал,С191-1,Підводка / кріплення / арматура,компл,1.0,650,650.0,True
17-1-7,Установлення пісуарів,шт,матеріал,С192-1,Герметик / ущільнювачі,компл,1.0,80,80.0,True
17-1-7,Установлення пісуарів,шт,труд_робітників,Т1,"Труд робітників, розряд 4.0",люд.-год,4.086,95.0,388.17,True
17-1-8,Установлення біде,шт,матеріал,С190-1,Прилад санітарний / опалювальний,шт,1.0,3500,3500.0,True
17-1-8,Установлення біде,шт,матеріал,С191-1,Підводка / кріплення / арматура,компл,1.0,650,650.0,True
17-1-8,Установлення біде,шт,матеріал,С192-1,Герметик / ущільнювачі,компл,1.0,80,80.0,True
17-1-8,Установлення біде,шт,труд_робітників,Т1,"Труд робітників, розряд 4.0",люд.-год,4.01,95.0,380.95,True
17-1-9,Установлення трапів підлогових,шт,матеріал,С167-1,Плитка керамічна / керамограніт,м2,1.05,420,441.0,True
17-1-9,Установлення трапів підлогових,шт,матеріал,С168-1,Клей плитковий,кг,5.0,14,70.0,True
17-1-9,Установлення трапів підлогових,шт,матеріал,С169-1,Затирка,кг,0.5,45,22.5,True
17-1-9,Установлення трапів підлогових,шт,труд_робітників,Т1,"Труд робітників, розряд 3.8",люд.-год,1.605,95.0,152.47,True
17-2-1,Прокладання труб каналізаційних чавунних діаметром 50 мм,100 м,матеріал,С193-1,Труби (сталь/ППР/ПВХ/ПЕ),м,105,120,12600,True
17-2-1,Прокладання труб каналізаційних чавунних діаметром 50 мм,100 м,матеріал,С194-1,Фітинги та арматура,компл,100,350,35000,True
17-2-1,Прокладання труб каналізаційних чавунних діаметром 50 мм,100 м,матеріал,С195-1,Кріплення / ізоляція,компл,100,90,9000,True
17-2-1,Прокладання труб каналізаційних чавунних діаметром 50 мм,100 м,труд_робітників,Т1,"Труд робітників, розряд 3.8",люд.-год,180.872,95.0,17182.84,True
17-2-2,Прокладання труб каналізаційних чавунних діаметром 100 мм,100 м,матеріал,С193-1,Труби (сталь/ППР/ПВХ/ПЕ),м,105,120,12600,True
17-2-2,Прокладання труб каналізаційних чавунних діаметром 100 мм,100 м,матеріал,С194-1,Фітинги та арматура,компл,100,350,35000,True
17-2-2,Прокладання труб каналізаційних чавунних діаметром 100 мм,100 м,матеріал,С195-1,Кріплення / ізоляція,компл,100,90,9000,True
17-2-2,Прокладання труб каналізаційних чавунних діаметром 100 мм,100 м,труд_робітників,Т1,"Труд робітників, розряд 3.8",люд.-год,188.451,95.0,17902.85,True
17-2-3,Прокладання труб каналізаційних ПВХ діаметром 50 мм,100 м,матеріал,С193-1,Труби (сталь/ППР/ПВХ/ПЕ),м,105,120,12600,True
17-2-3,Прокладання труб каналізаційних ПВХ діаметром 50 мм,100 м,матеріал,С194-1,Фітинги та арматура,компл,100,350,35000,True
17-2-3,Прокладання труб каналізаційних ПВХ діаметром 50 мм,100 м,матеріал,С195-1,Кріплення / ізоляція,компл,100,90,9000,True
17-2-3,Прокладання труб каналізаційних ПВХ діаметром 50 мм,100 м,труд_робітників,Т1,"Труд робітників, розряд 3.8",люд.-год,170.71,95.0,16217.45,True
17-2-4,Прокладання труб каналізаційних ПВХ діаметром 110 мм,100 м,матеріал,С193-1,Труби (сталь/ППР/ПВХ/ПЕ),м,105,120,12600,True
17-2-4,Прокладання труб каналізаційних ПВХ діаметром 110 мм,100 м,матеріал,С194-1,Фітинги та арматура,компл,100,350,35000,True
17-2-4,Прокладання труб каналізаційних ПВХ діаметром 110 мм,100 м,матеріал,С195-1,Кріплення / ізоляція,компл,100,90,9000,True
17-2-4,Прокладання труб каналізаційних ПВХ діаметром 110 мм,100 м,труд_робітників,Т1,"Труд робітників, розряд 3.8",люд.-год,181.18,95.0,17212.1,True
17-3-1,Установлення водолічильників,шт,матеріал,С190-1,Прилад санітарний / опалювальний,шт,1.0,3500,3500.0,True
17-3-1,Установлення водолічильників,шт,матеріал,С191-1,Підводка / кріплення / арматура,компл,1.0,650,650.0,True
17-3-1,Установлення водолічильників,шт,матеріал,С192-1,Герметик / ущільнювачі,компл,1.0,80,80.0,True
17-3-1,Установлення водолічильників,шт,труд_робітників,Т1,"Труд робітників, розряд 4.0",люд.-год,4.085,95.0,388.07,True
17-3-2,Установлення насосів підвищення тиску,шт,матеріал,С190-1,Прилад санітарний / опалювальний,шт,1.0,3500,3500.0,True
17-3-2,Установлення насосів підвищення тиску,шт,матеріал,С191-1,Підводка / кріплення / арматура,компл,1.0,650,650.0,True
17-3-2,Установлення насосів підвищення тиску,шт,матеріал,С192-1,Герметик / ущільнювачі,компл,1.0,80,80.0,True
17-3-2,Установлення насосів підвищення тиску,шт,труд_робітників,Т1,"Труд робітників, розряд 4.0",люд.-год,4.401,95.0,418.09,True
17-3-3,Установлення водонагрівачів ємнісних,шт,матеріал,С193-1,Труби (сталь/ППР/ПВХ/ПЕ),м,1.05,120,126.0,True
17-3-3,Установлення водонагрівачів ємнісних,шт,матеріал,С194-1,Фітинги та арматура,компл,1.0,350,350.0,True
17-3-3,Установлення водонагрівачів ємнісних,шт,матеріал,С195-1,Кріплення / ізоляція,компл,1.0,90,90.0,True
17-3-3,Установлення водонагрівачів ємнісних,шт,труд_робітників,Т1,"Труд робітників, розряд 3.8",люд.-год,2.292,95.0,217.74,True
18-1-1,Установлення радіаторів секційних,кВт,матеріал,С190-1,Прилад санітарний / опалювальний,шт,1.0,3500,3500.0,True
18-1-1,Установлення радіаторів секційних,кВт,матеріал,С191-1,Підводка / кріплення / арматура,компл,1.0,650,650.0,True
18-1-1,Установлення радіаторів секційних,кВт,матеріал,С192-1,Герметик / ущільнювачі,компл,1.0,80,80.0,True
18-1-1,Установлення радіаторів секційних,кВт,труд_робітників,Т1,"Труд робітників, розряд 4.0",люд.-год,4.493,95.0,426.84,True
18-1-2,Установлення радіаторів панельних,шт,матеріал,С190-1,Прилад санітарний / опалювальний,шт,1.0,3500,3500.0,True
18-1-2,Установлення радіаторів панельних,шт,матеріал,С191-1,Підводка / кріплення / арматура,компл,1.0,650,650.0,True
18-1-2,Установлення радіаторів панельних,шт,матеріал,С192-1,Герметик / ущільнювачі,компл,1.0,80,80.0,True
18-1-2,Установлення радіаторів панельних,шт,труд_робітників,Т1,"Труд робітників, розряд 4.0",люд.-год,4.449,95.0,422.65,True
18-1-3,Установлення конвекторів,шт,матеріал,С190-1,Прилад санітарний / опалювальний,шт,1.0,3500,3500.0,True
18-1-3,Установлення конвекторів,шт,матеріал,С191-1,Підводка / кріплення / арматура,компл,1.0,650,650.0,True
18-1-3,Установлення конвекторів,шт,матеріал,С192-1,Герметик / ущільнювачі,компл,1.0,80,80.0,True
18-1-3,Установлення конвекторів,шт,труд_робітників,Т1,"Труд робітників, розряд 4.0",люд.-год,4.362,95.0,414.39,True
18-1-4,Установлення рушникосушарок,шт,матеріал,С190-1,Прилад санітарний / опалювальний,шт,1.0,3500,3500.0,True
18-1-4,Установлення рушникосушарок,шт,матеріал,С191-1,Підводка / кріплення / арматура,компл,1.0,650,650.0,True
18-1-4,Установлення рушникосушарок,шт,матеріал,С192-1,Герметик / ущільнювачі,компл,1.0,80,80.0,True
18-1-4,Установлення рушникосушарок,шт,труд_робітників,Т1,"Труд робітників, розряд 4.0",люд.-год,3.726,95.0,353.97,True
18-2-1,Установлення котлів опалювальних настінних,шт,матеріал,С193-1,Труби (сталь/ППР/ПВХ/ПЕ),м,1.05,120,126.0,True
18-2-1,Установлення котлів опалювальних настінних,шт,матеріал,С194-1,Фітинги та арматура,компл,1.0,350,350.0,True
18-2-1,Установлення котлів опалювальних настінних,шт,матеріал,С195-1,Кріплення / ізоляція,компл,1.0,90,90.0,True
18-2-1,Установлення котлів опалювальних настінних,шт,труд_робітників,Т1,"Труд робітників, розряд 3.8",люд.-год,2.189,95.0,207.96,True
18-2-2,Установлення котлів опалювальних підлогових,шт,матеріал,С167-1,Плитка керамічна / керамограніт,м2,1.05,420,441.0,True
18-2-2,Установлення котлів опалювальних підлогових,шт,матеріал,С168-1,Клей плитковий,кг,5.0,14,70.0,True
18-2-2,Установлення котлів опалювальних підлогових,шт,матеріал,С169-1,Затирка,кг,0.5,45,22.5,True
18-2-2,Установлення котлів опалювальних підлогових,шт,труд_робітників,Т1,"Труд робітників, розряд 3.8",люд.-год,1.821,95.0,173.0,True
18-2-3,Установлення розширювальних баків,шт,матеріал,С193-1,Труби (сталь/ППР/ПВХ/ПЕ),м,1.05,120,126.0,True
18-2-3,Установлення розширювальних баків,шт,матеріал,С194-1,Фітинги та арматура,компл,1.0,350,350.0,True
18-2-3,Установлення розширювальних баків,шт,матеріал,С195-1,Кріплення / ізоляція,компл,1.0,90,90.0,True
18-2-3,Установлення розширювальних баків,шт,труд_робітників,Т1,"Труд робітників, розряд 3.8",люд.-год,2.39,95.0,227.05,True
18-2-4,Установлення циркуляційних насосів,шт,матеріал,С190-1,Прилад санітарний / опалювальний,шт,1.0,3500,3500.0,True
18-2-4,Установлення циркуляційних насосів,шт,матеріал,С191-1,Підводка / кріплення / арматура,компл,1.0,650,650.0,True
18-2-4,Установлення циркуляційних насосів,шт,матеріал,С192-1,Герметик / ущільнювачі,компл,1.0,80,80.0,True
18-2-4,Установлення циркуляційних насосів,шт,труд_робітників,Т1,"Труд робітників, розряд 4.0",люд.-год,3.545,95.0,336.77,True
18-3-1,Прокладання трубопроводів опалення сталевих,100 м,матеріал,С193-1,Труби (сталь/ППР/ПВХ/ПЕ),м,105,120,12600,True
18-3-1,Прокладання трубопроводів опалення сталевих,100 м,матеріал,С194-1,Фітинги та арматура,компл,100,350,35000,True
18-3-1,Прокладання трубопроводів опалення сталевих,100 м,матеріал,С195-1,Кріплення / ізоляція,компл,100,90,9000,True
18-3-1,Прокладання трубопроводів опалення сталевих,100 м,труд_робітників,Т1,"Труд робітників, розряд 3.8",люд.-год,185.215,95.0,17595.42,True
18-3-2,Прокладання трубопроводів опалення полімерних,100 м,матеріал,С193-1,Труби (сталь/ППР/ПВХ/ПЕ),м,105,120,12600,True
18-3-2,Прокладання трубопроводів опалення полімерних,100 м,матеріал,С194-1,Фітинги та арматура,компл,100,350,35000,True
18-3-2,Прокладання трубопроводів опалення полімерних,100 м,матеріал,С195-1,Кріплення / ізоляція,компл,100,90,9000,True
18-3-2,Прокладання трубопроводів опалення полімерних,100 м,труд_робітників,Т1,"Труд робітників, розряд 3.8",люд.-год,198.397,95.0,18847.72,True
18-3-3,Улаштування системи «тепла підлога»,100 м2,матеріал,С167-1,Плитка керамічна / керамограніт,м2,105,420,44100,True
18-3-3,Улаштування системи «тепла підлога»,100 м2,матеріал,С168-1,Клей плитковий,кг,500,14,7000,True
18-3-3,Улаштування системи «тепла підлога»,100 м2,матеріал,С169-1,Затирка,кг,50,45,2250,True
18-3-3,Улаштування системи «тепла підлога»,100 м2,труд_робітників,Т1,"Труд робітників, розряд 3.8",люд.-год,143.604,95.0,13642.38,True
20-1-1,"Улаштування повітроводів з оцинкованої сталі товщиною до 0,5 мм",100 м2,матеріал,С190-1,Прилад санітарний / опалювальний,шт,1.0,3500,3500.0,True
20-1-1,"Улаштування повітроводів з оцинкованої сталі товщиною до 0,5 мм",100 м2,матеріал,С191-1,Підводка / кріплення / арматура,компл,1.0,650,650.0,True
20-1-1,"Улаштування повітроводів з оцинкованої сталі товщиною до 0,5 мм",100 м2,матеріал,С192-1,Герметик / ущільнювачі,компл,1.0,80,80.0,True
20-1-1,"Улаштування повітроводів з оцинкованої сталі товщиною до 0,5 мм",100 м2,труд_робітників,Т1,"Труд робітників, розряд 4.0",люд.-год,3.517,95.0,334.12,True
20-1-2,"Улаштування повітроводів з оцинкованої сталі товщиною до 0,7 мм",100 м2,матеріал,С190-1,Прилад санітарний / опалювальний,шт,1.0,3500,3500.0,True
20-1-2,"Улаштування повітроводів з оцинкованої сталі товщиною до 0,7 мм",100 м2,матеріал,С191-1,Підводка / кріплення / арматура,компл,1.0,650,650.0,True
20-1-2,"Улаштування повітроводів з оцинкованої сталі товщиною до 0,7 мм",100 м2,матеріал,С192-1,Герметик / ущільнювачі,компл,1.0,80,80.0,True
20-1-2,"Улаштування повітроводів з оцинкованої сталі товщиною до 0,7 мм",100 м2,труд_робітників,Т1,"Труд робітників, розряд 4.0",люд.-год,4.41,95.0,418.95,True
20-1-3,Улаштування повітроводів гнучких,100 м,матеріал,С190-1,Прилад санітарний / опалювальний,шт,1.0,3500,3500.0,True
20-1-3,Улаштування повітроводів гнучких,100 м,матеріал,С191-1,Підводка / кріплення / арматура,компл,1.0,650,650.0,True
20-1-3,Улаштування повітроводів гнучких,100 м,матеріал,С192-1,Герметик / ущільнювачі,компл,1.0,80,80.0,True
20-1-3,Улаштування повітроводів гнучких,100 м,труд_робітників,Т1,"Труд робітників, розряд 4.0",люд.-год,3.647,95.0,346.46,True
20-2-1,Установлення вентиляторів осьових,шт,матеріал,С200-1,Обладнання вентиляції/кондиціювання,шт,1.0,18000,18000.0,True
20-2-1,Установлення вентиляторів осьових,шт,матеріал,С201-m,"Кронштейни, фреон-траса, дренаж",компл,1.0,2500,2500.0,True
20-2-1,Установлення вентиляторів осьових,шт,труд_робітників,Т1,"Труд робітників, розряд 4.1",люд.-год,8.496,95.0,807.12,True
20-2-2,Установлення вентиляторів радіальних,шт,матеріал,С200-1,Обладнання вентиляції/кондиціювання,шт,1.0,18000,18000.0,True
20-2-2,Установлення вентиляторів радіальних,шт,матеріал,С201-m,"Кронштейни, фреон-траса, дренаж",компл,1.0,2500,2500.0,True
20-2-2,Установлення вентиляторів радіальних,шт,труд_робітників,Т1,"Труд робітників, розряд 4.1",люд.-год,8.713,95.0,827.73,True
20-2-3,Установлення припливно-витяжних установок,шт,матеріал,С200-1,Обладнання вентиляції/кондиціювання,шт,1.0,18000,18000.0,True
20-2-3,Установлення припливно-витяжних установок,шт,матеріал,С201-m,"Кронштейни, фреон-траса, дренаж",компл,1.0,2500,2500.0,True
20-2-3,Установлення припливно-витяжних установок,шт,труд_робітників,Т1,"Труд робітників, розряд 4.1",люд.-год,9.789,95.0,929.95,True
20-2-4,Установлення решіток і дифузорів,шт,матеріал,С202-m,Повітроводи оцинковані,м2,1.05,280,294.0,True
20-2-4,Установлення решіток і дифузорів,шт,матеріал,С203-m,"Фланці, ущільнення, кріплення",компл,1.0,120,120.0,True
20-2-4,Установлення решіток і дифузорів,шт,труд_робітників,Т1,"Труд робітників, розряд 3.9",люд.-год,3.008,95.0,285.76,True
20-3-1,Установлення спліт-систем побутових,шт,машина,С212-1,Підйомник / кран (подача матеріалів),маш.-год,0.15,900,135.0,True
20-3-1,Установлення спліт-систем побутових,шт,матеріал,С134-1,Камінь бутовий,м3,1.05,900,945.0,True
20-3-1,Установлення спліт-систем побутових,шт,матеріал,С135-1,Розчин мурувальний М50–М75,м3,0.38,2200,836.0,True
20-3-1,Установлення спліт-систем побутових,шт,труд_робітників,Т1,"Труд робітників, розряд 3.3",люд.-год,5.983,95.0,568.38,True
20-3-1,Установлення спліт-систем побутових,шт,труд_машиністів,Т2,Труд машиністів,люд.-год,0.15,110.0,16.5,True
20-3-2,Установлення мультиспліт-систем,шт,матеріал,С200-1,Обладнання вентиляції/кондиціювання,шт,1.0,18000,18000.0,True
20-3-2,Установлення мультиспліт-систем,шт,матеріал,С201-m,"Кронштейни, фреон-траса, дренаж",компл,1.0,2500,2500.0,True
20-3-2,Установлення мультиспліт-систем,шт,труд_робітників,Т1,"Труд робітників, розряд 4.1",люд.-год,9.45,95.0,897.75,True
20-3-3,Установлення канальних кондиціонерів,шт,матеріал,С200-1,Обладнання вентиляції/кондиціювання,шт,1.0,18000,18000.0,True
20-3-3,Установлення канальних кондиціонерів,шт,матеріал,С201-m,"Кронштейни, фреон-траса, дренаж",компл,1.0,2500,2500.0,True
20-3-3,Установлення канальних кондиціонерів,шт,труд_робітників,Т1,"Труд робітників, розряд 4.1",люд.-год,8.537,95.0,811.02,True
21-1-1,Прокладання кабелів у штробах і трубах,100 м,матеріал,С193-1,Труби (сталь/ППР/ПВХ/ПЕ),м,105,120,12600,True
21-1-1,Прокладання кабелів у штробах і трубах,100 м,матеріал,С194-1,Фітинги та арматура,компл,100,350,35000,True
21-1-1,Прокладання кабелів у штробах і трубах,100 м,матеріал,С195-1,Кріплення / ізоляція,компл,100,90,9000,True
21-1-1,Прокладання кабелів у штробах і трубах,100 м,труд_робітників,Т1,"Труд робітників, розряд 3.8",люд.-год,195.436,95.0,18566.42,True
21-1-2,Прокладання кабелів у коробах,100 м,матеріал,С214-m,Кабель / провід силовий,м,105,55,5775,True
21-1-2,Прокладання кабелів у коробах,100 м,матеріал,С215-m,Труба/короб/гофра,м,105,18,1890,True
21-1-2,Прокладання кабелів у коробах,100 м,матеріал,С216-m,Кріплення,компл,100,25,2500,True
21-1-2,Прокладання кабелів у коробах,100 м,труд_робітників,Т1,"Труд робітників, розряд 3.7",люд.-год,129.283,95.0,12281.88,True
21-1-3,Прокладання кабелів відкрито по конструкціях,100 м,матеріал,С214-m,Кабель / провід силовий,м,105,55,5775,True
21-1-3,Прокладання кабелів відкрито по конструкціях,100 м,матеріал,С215-m,Труба/короб/гофра,м,105,18,1890,True
21-1-3,Прокладання кабелів відкрито по конструкціях,100 м,матеріал,С216-m,Кріплення,компл,100,25,2500,True
21-1-3,Прокладання кабелів відкрито по конструкціях,100 м,труд_робітників,Т1,"Труд робітників, розряд 3.7",люд.-год,121.72,95.0,11563.4,True
21-1-4,Прокладання кабелів у землі,100 м,матеріал,С214-m,Кабель / провід силовий,м,105,55,5775,True
21-1-4,Прокладання кабелів у землі,100 м,матеріал,С215-m,Труба/короб/гофра,м,105,18,1890,True
21-1-4,Прокладання кабелів у землі,100 м,матеріал,С216-m,Кріплення,компл,100,25,2500,True
21-1-4,Прокладання кабелів у землі,100 м,труд_робітників,Т1,"Труд робітників, розряд 3.7",люд.-год,116.895,95.0,11105.02,True
21-1-5,Прокладання кабелів у лотках,100 м,матеріал,С214-m,Кабель / провід силовий,м,105,55,5775,True
21-1-5,Прокладання кабелів у лотках,100 м,матеріал,С215-m,Труба/короб/гофра,м,105,18,1890,True
21-1-5,Прокладання кабелів у лотках,100 м,матеріал,С216-m,Кріплення,компл,100,25,2500,True
21-1-5,Прокладання кабелів у лотках,100 м,труд_робітників,Т1,"Труд робітників, розряд 3.7",люд.-год,128.479,95.0,12205.51,True
21-1-6,Прокладання проводів у трубах ПВХ,100 м,матеріал,С193-1,Труби (сталь/ППР/ПВХ/ПЕ),м,105,120,12600,True
21-1-6,Прокладання проводів у трубах ПВХ,100 м,матеріал,С194-1,Фітинги та арматура,компл,100,350,35000,True
21-1-6,Прокладання проводів у трубах ПВХ,100 м,матеріал,С195-1,Кріплення / ізоляція,компл,100,90,9000,True
21-1-6,Прокладання проводів у трубах ПВХ,100 м,труд_робітників,Т1,"Труд робітників, розряд 3.8",люд.-год,186.602,95.0,17727.19,True
21-2-1,Установлення вимикачів і перемикачів,100 шт,матеріал,С210-m,Виріб електроустановочний / щит / світильник,шт,100,350,35000,True
21-2-1,Установлення вимикачів і перемикачів,100 шт,матеріал,С211-m,"Клемники, кріплення",компл,100,40,4000,True
21-2-1,Установлення вимикачів і перемикачів,100 шт,труд_робітників,Т1,"Труд робітників, розряд 3.8",люд.-год,104.861,95.0,9961.8,True
21-2-2,Установлення розеток,100 шт,матеріал,С214-m,Кабель / провід силовий,м,105,55,5775,True
21-2-2,Установлення розеток,100 шт,матеріал,С215-m,Труба/короб/гофра,м,105,18,1890,True
21-2-2,Установлення розеток,100 шт,матеріал,С216-m,Кріплення,компл,100,25,2500,True
21-2-2,Установлення розеток,100 шт,труд_робітників,Т1,"Труд робітників, розряд 3.7",люд.-год,130.305,95.0,12378.98,True
21-2-3,Установлення розподільних коробок,100 шт,матеріал,С214-m,Кабель / провід силовий,м,105,55,5775,True
21-2-3,Установлення розподільних коробок,100 шт,матеріал,С215-m,Труба/короб/гофра,м,105,18,1890,True
21-2-3,Установлення розподільних коробок,100 шт,матеріал,С216-m,Кріплення,компл,100,25,2500,True
21-2-3,Установлення розподільних коробок,100 шт,труд_робітників,Т1,"Труд робітників, розряд 3.7",люд.-год,120.358,95.0,11434.01,True
21-3-1,Установлення світильників настінних і стельових,100 шт,матеріал,С186-1,Каркас / комплектуючі стелі,м2,105,250,26250,True
21-3-1,Установлення світильників настінних і стельових,100 шт,матеріал,С187-1,Плити / полотно стелі,м2,105,200,21000,True
21-3-1,Установлення світильників настінних і стельових,100 шт,труд_робітників,Т1,"Труд робітників, розряд 3.7",люд.-год,122.817,95.0,11667.61,True
21-3-2,Установлення світильників вбудованих,100 шт,матеріал,С210-m,Виріб електроустановочний / щит / світильник,шт,100,350,35000,True
21-3-2,Установлення світильників вбудованих,100 шт,матеріал,С211-m,"Клемники, кріплення",компл,100,40,4000,True
21-3-2,Установлення світильників вбудованих,100 шт,труд_робітників,Т1,"Труд робітників, розряд 3.8",люд.-год,103.818,95.0,9862.71,True
21-3-3,Установлення світильників зовнішнього освітлення,100 шт,матеріал,С210-m,Виріб електроустановочний / щит / світильник,шт,100,350,35000,True
21-3-3,Установлення світильників зовнішнього освітлення,100 шт,матеріал,С211-m,"Клемники, кріплення",компл,100,40,4000,True
21-3-3,Установлення світильників зовнішнього освітлення,100 шт,труд_робітників,Т1,"Труд робітників, розряд 3.8",люд.-год,97.43,95.0,9255.85,True
21-4-1,Установлення щитів розподільних до 24 модулів,шт,матеріал,С210-m,Виріб електроустановочний / щит / світильник,шт,1.0,350,350.0,True
21-4-1,Установлення щитів розподільних до 24 модулів,шт,матеріал,С211-m,"Клемники, кріплення",компл,1.0,40,40.0,True
21-4-1,Установлення щитів розподільних до 24 модулів,шт,труд_робітників,Т1,"Труд робітників, розряд 3.8",люд.-год,1.37,95.0,130.15,True
21-4-2,Установлення щитів розподільних понад 24 модулі,шт,матеріал,С210-m,Виріб електроустановочний / щит / світильник,шт,1.0,350,350.0,True
21-4-2,Установлення щитів розподільних понад 24 модулі,шт,матеріал,С211-m,"Клемники, кріплення",компл,1.0,40,40.0,True
21-4-2,Установлення щитів розподільних понад 24 модулі,шт,труд_робітників,Т1,"Труд робітників, розряд 3.8",люд.-год,1.354,95.0,128.63,True
21-4-3,Установлення лічильників електроенергії,шт,матеріал,С210-m,Виріб електроустановочний / щит / світильник,шт,1.0,350,350.0,True
21-4-3,Установлення лічильників електроенергії,шт,матеріал,С211-m,"Клемники, кріплення",компл,1.0,40,40.0,True
21-4-3,Установлення лічильників електроенергії,шт,труд_робітників,Т1,"Труд робітників, розряд 3.8",люд.-год,1.368,95.0,129.96,True
21-4-4,Улаштування контуру заземлення,шт,матеріал,С190-1,Прилад санітарний / опалювальний,шт,1.0,3500,3500.0,True
21-4-4,Улаштування контуру заземлення,шт,матеріал,С191-1,Підводка / кріплення / арматура,компл,1.0,650,650.0,True
21-4-4,Улаштування контуру заземлення,шт,матеріал,С192-1,Герметик / ущільнювачі,компл,1.0,80,80.0,True
21-4-4,Улаштування контуру заземлення,шт,труд_робітників,Т1,"Труд робітників, розряд 4.0",люд.-год,4.155,95.0,394.73,True
22-1-1,Укладання труб поліетиленових діаметром до 110 мм,100 м,матеріал,С193-1,Труби (сталь/ППР/ПВХ/ПЕ),м,105,120,12600,True
22-1-1,Укладання труб поліетиленових діаметром до 110 мм,100 м,матеріал,С194-1,Фітинги та арматура,компл,100,350,35000,True
22-1-1,Укладання труб поліетиленових діаметром до 110 мм,100 м,матеріал,С195-1,Кріплення / ізоляція,компл,100,90,9000,True
22-1-1,Укладання труб поліетиленових діаметром до 110 мм,100 м,труд_робітників,Т1,"Труд робітників, розряд 3.8",люд.-год,170.5,95.0,16197.5,True
22-1-2,Укладання труб поліетиленових діаметром до 160 мм,100 м,матеріал,С193-1,Труби (сталь/ППР/ПВХ/ПЕ),м,105,120,12600,True
22-1-2,Укладання труб поліетиленових діаметром до 160 мм,100 м,матеріал,С194-1,Фітинги та арматура,компл,100,350,35000,True
22-1-2,Укладання труб поліетиленових діаметром до 160 мм,100 м,матеріал,С195-1,Кріплення / ізоляція,компл,100,90,9000,True
22-1-2,Укладання труб поліетиленових діаметром до 160 мм,100 м,труд_робітників,Т1,"Труд робітників, розряд 3.8",люд.-год,194.527,95.0,18480.06,True
22-1-3,Укладання труб чавунних діаметром до 100 мм,100 м,матеріал,С193-1,Труби (сталь/ППР/ПВХ/ПЕ),м,105,120,12600,True
22-1-3,Укладання труб чавунних діаметром до 100 мм,100 м,матеріал,С194-1,Фітинги та арматура,компл,100,350,35000,True
22-1-3,Укладання труб чавунних діаметром до 100 мм,100 м,матеріал,С195-1,Кріплення / ізоляція,компл,100,90,9000,True
22-1-3,Укладання труб чавунних діаметром до 100 мм,100 м,труд_робітників,Т1,"Труд робітників, розряд 3.8",люд.-год,193.679,95.0,18399.51,True
22-1-4,Укладання труб сталевих діаметром до 100 мм,100 м,матеріал,С193-1,Труби (сталь/ППР/ПВХ/ПЕ),м,105,120,12600,True
22-1-4,Укладання труб сталевих діаметром до 100 мм,100 м,матеріал,С194-1,Фітинги та арматура,компл,100,350,35000,True
22-1-4,Укладання труб сталевих діаметром до 100 мм,100 м,матеріал,С195-1,Кріплення / ізоляція,компл,100,90,9000,True
22-1-4,Укладання труб сталевих діаметром до 100 мм,100 м,труд_робітників,Т1,"Труд робітників, розряд 3.8",люд.-год,195.528,95.0,18575.16,True
22-2-1,Улаштування колодязів водопровідних із збірних елементів,шт,матеріал,С190-1,Прилад санітарний / опалювальний,шт,1.0,3500,3500.0,True
22-2-1,Улаштування колодязів водопровідних із збірних елементів,шт,матеріал,С191-1,Підводка / кріплення / арматура,компл,1.0,650,650.0,True
22-2-1,Улаштування колодязів водопровідних із збірних елементів,шт,матеріал,С192-1,Герметик / ущільнювачі,компл,1.0,80,80.0,True
22-2-1,Улаштування колодязів водопровідних із збірних елементів,шт,труд_робітників,Т1,"Труд робітників, розряд 4.0",люд.-год,4.134,95.0,392.73,True
22-2-2,Установлення засувок,шт,матеріал,С193-1,Труби (сталь/ППР/ПВХ/ПЕ),м,1.05,120,126.0,True
22-2-2,Установлення засувок,шт,матеріал,С194-1,Фітинги та арматура,компл,1.0,350,350.0,True
22-2-2,Установлення засувок,шт,матеріал,С195-1,Кріплення / ізоляція,компл,1.0,90,90.0,True
22-2-2,Установлення засувок,шт,труд_робітників,Т1,"Труд робітників, розряд 3.8",люд.-год,2.499,95.0,237.41,True
22-2-3,Установлення пожежних гідрантів,шт,матеріал,С193-1,Труби (сталь/ППР/ПВХ/ПЕ),м,1.05,120,126.0,True
22-2-3,Установлення пожежних гідрантів,шт,матеріал,С194-1,Фітинги та арматура,компл,1.0,350,350.0,True
22-2-3,Установлення пожежних гідрантів,шт,матеріал,С195-1,Кріплення / ізоляція,компл,1.0,90,90.0,True
22-2-3,Установлення пожежних гідрантів,шт,труд_робітників,Т1,"Труд робітників, розряд 3.8",люд.-год,2.231,95.0,211.94,True
23-1-1,Укладання труб ПВХ/ПП діаметром 160 мм,100 м,матеріал,С193-1,Труби (сталь/ППР/ПВХ/ПЕ),м,105,120,12600,True
23-1-1,Укладання труб ПВХ/ПП діаметром 160 мм,100 м,матеріал,С194-1,Фітинги та арматура,компл,100,350,35000,True
23-1-1,Укладання труб ПВХ/ПП діаметром 160 мм,100 м,матеріал,С195-1,Кріплення / ізоляція,компл,100,90,9000,True
23-1-1,Укладання труб ПВХ/ПП діаметром 160 мм,100 м,труд_робітників,Т1,"Труд робітників, розряд 3.8",люд.-год,165.346,95.0,15707.87,True
23-1-2,Укладання труб ПВХ/ПП діаметром 200 мм,100 м,матеріал,С193-1,Труби (сталь/ППР/ПВХ/ПЕ),м,105,120,12600,True
23-1-2,Укладання труб ПВХ/ПП діаметром 200 мм,100 м,матеріал,С194-1,Фітинги та арматура,компл,100,350,35000,True
23-1-2,Укладання труб ПВХ/ПП діаметром 200 мм,100 м,матеріал,С195-1,Кріплення / ізоляція,компл,100,90,9000,True
23-1-2,Укладання труб ПВХ/ПП діаметром 200 мм,100 м,труд_робітників,Т1,"Труд робітників, розряд 3.8",люд.-год,161.117,95.0,15306.11,True
23-1-3,Укладання труб залізобетонних діаметром до 400 мм,100 м,матеріал,С193-1,Труби (сталь/ППР/ПВХ/ПЕ),м,105,120,12600,True
23-1-3,Укладання труб залізобетонних діаметром до 400 мм,100 м,матеріал,С194-1,Фітинги та арматура,компл,100,350,35000,True
23-1-3,Укладання труб залізобетонних діаметром до 400 мм,100 м,матеріал,С195-1,Кріплення / ізоляція,компл,100,90,9000,True
23-1-3,Укладання труб залізобетонних діаметром до 400 мм,100 м,труд_робітників,Т1,"Труд робітників, розряд 3.8",люд.-год,179.846,95.0,17085.37,True
23-2-1,Улаштування оглядових колодязів із збірних елементів,шт,матеріал,С190-1,Прилад санітарний / опалювальний,шт,1.0,3500,3500.0,True
23-2-1,Улаштування оглядових колодязів із збірних елементів,шт,матеріал,С191-1,Підводка / кріплення / арматура,компл,1.0,650,650.0,True
23-2-1,Улаштування оглядових колодязів із збірних елементів,шт,матеріал,С192-1,Герметик / ущільнювачі,компл,1.0,80,80.0,True
23-2-1,Улаштування оглядових колодязів із збірних елементів,шт,труд_робітників,Т1,"Труд робітників, розряд 4.0",люд.-год,4.077,95.0,387.31,True
23-2-2,Улаштування перепадних колодязів,шт,матеріал,С190-1,Прилад санітарний / опалювальний,шт,1.0,3500,3500.0,True
23-2-2,Улаштування перепадних колодязів,шт,матеріал,С191-1,Підводка / кріплення / арматура,компл,1.0,650,650.0,True
23-2-2,Улаштування перепадних колодязів,шт,матеріал,С192-1,Герметик / ущільнювачі,компл,1.0,80,80.0,True
23-2-2,Улаштування перепадних колодязів,шт,труд_робітників,Т1,"Труд робітників, розряд 4.0",люд.-год,3.64,95.0,345.8,True
23-2-3,Улаштування дощоприймачів,шт,матеріал,С190-1,Прилад санітарний / опалювальний,шт,1.0,3500,3500.0,True
23-2-3,Улаштування дощоприймачів,шт,матеріал,С191-1,Підводка / кріплення / арматура,компл,1.0,650,650.0,True
23-2-3,Улаштування дощоприймачів,шт,матеріал,С192-1,Герметик / ущільнювачі,компл,1.0,80,80.0,True
23-2-3,Улаштування дощоприймачів,шт,труд_робітників,Т1,"Труд робітників, розряд 4.0",люд.-год,4.207,95.0,399.66,True
26-1-1,Утеплення стін плитним утеплювачем,100 м2,матеріал,С220-1,Утеплювач плитний,м2,105,220,23100,True
26-1-1,Утеплення стін плитним утеплювачем,100 м2,матеріал,С221-1,Клей / дюбелі / сітка / декоративний шар,компл,100,180,18000,True
26-1-1,Утеплення стін плитним утеплювачем,100 м2,труд_робітників,Т1,"Труд робітників, розряд 3.5",люд.-год,113.919,95.0,10822.31,True
26-1-2,Улаштування системи скріпленої теплоізоляції (ССТІ),100 м2,матеріал,С190-1,Прилад санітарний / опалювальний,шт,1.0,3500,3500.0,True
26-1-2,Улаштування системи скріпленої теплоізоляції (ССТІ),100 м2,матеріал,С191-1,Підводка / кріплення / арматура,компл,1.0,650,650.0,True
26-1-2,Улаштування системи скріпленої теплоізоляції (ССТІ),100 м2,матеріал,С192-1,Герметик / ущільнювачі,компл,1.0,80,80.0,True
26-1-2,Улаштування системи скріпленої теплоізоляції (ССТІ),100 м2,труд_робітників,Т1,"Труд робітників, розряд 4.0",люд.-год,4.028,95.0,382.66,True
26-1-3,Утеплення горищних перекриттів,100 м2,матеріал,С220-1,Утеплювач плитний,м2,105,220,23100,True
26-1-3,Утеплення горищних перекриттів,100 м2,матеріал,С221-1,Клей / дюбелі / сітка / декоративний шар,компл,100,180,18000,True
26-1-3,Утеплення горищних перекриттів,100 м2,труд_робітників,Т1,"Труд робітників, розряд 3.5",люд.-год,106.616,95.0,10128.52,True
26-1-4,Утеплення цоколів,100 м2,матеріал,С220-1,Утеплювач плитний,м2,105,220,23100,True
26-1-4,Утеплення цоколів,100 м2,матеріал,С221-1,Клей / дюбелі / сітка / декоративний шар,компл,100,180,18000,True
26-1-4,Утеплення цоколів,100 м2,труд_робітників,Т1,"Труд робітників, розряд 3.5",люд.-год,112.454,95.0,10683.13,True
26-2-1,Теплоізоляція трубопроводів діаметром до 50 мм,100 м,матеріал,С193-1,Труби (сталь/ППР/ПВХ/ПЕ),м,105,120,12600,True
26-2-1,Теплоізоляція трубопроводів діаметром до 50 мм,100 м,матеріал,С194-1,Фітинги та арматура,компл,100,350,35000,True
26-2-1,Теплоізоляція трубопроводів діаметром до 50 мм,100 м,матеріал,С195-1,Кріплення / ізоляція,компл,100,90,9000,True
26-2-1,Теплоізоляція трубопроводів діаметром до 50 мм,100 м,труд_робітників,Т1,"Труд робітників, розряд 3.8",люд.-год,198.201,95.0,18829.1,True
26-2-2,Теплоізоляція трубопроводів діаметром до 100 мм,100 м,матеріал,С193-1,Труби (сталь/ППР/ПВХ/ПЕ),м,105,120,12600,True
26-2-2,Теплоізоляція трубопроводів діаметром до 100 мм,100 м,матеріал,С194-1,Фітинги та арматура,компл,100,350,35000,True
26-2-2,Теплоізоляція трубопроводів діаметром до 100 мм,100 м,матеріал,С195-1,Кріплення / ізоляція,компл,100,90,9000,True
26-2-2,Теплоізоляція трубопроводів діаметром до 100 мм,100 м,труд_робітників,Т1,"Труд робітників, розряд 3.8",люд.-год,166.387,95.0,15806.76,True
26-2-3,Теплоізоляція обладнання,м2,матеріал,С220-1,Утеплювач плитний,м2,1.05,220,231.0,True
26-2-3,Теплоізоляція обладнання,м2,матеріал,С221-1,Клей / дюбелі / сітка / декоративний шар,компл,1.0,180,180.0,True
26-2-3,Теплоізоляція обладнання,м2,труд_робітників,Т1,"Труд робітників, розряд 3.5",люд.-год,1.375,95.0,130.62,True
27-1-1,Улаштування піщаної основи,100 м3,матеріал,С190-1,Прилад санітарний / опалювальний,шт,1.0,3500,3500.0,True
27-1-1,Улаштування піщаної основи,100 м3,матеріал,С191-1,Підводка / кріплення / арматура,компл,1.0,650,650.0,True
27-1-1,Улаштування піщаної основи,100 м3,матеріал,С192-1,Герметик / ущільнювачі,компл,1.0,80,80.0,True
27-1-1,Улаштування піщаної основи,100 м3,труд_робітників,Т1,"Труд робітників, розряд 4.0",люд.-год,4.367,95.0,414.87,True
27-1-2,Улаштування щебеневої основи,100 м3,матеріал,С190-1,Прилад санітарний / опалювальний,шт,1.0,3500,3500.0,True
27-1-2,Улаштування щебеневої основи,100 м3,матеріал,С191-1,Підводка / кріплення / арматура,компл,1.0,650,650.0,True
27-1-2,Улаштування щебеневої основи,100 м3,матеріал,С192-1,Герметик / ущільнювачі,компл,1.0,80,80.0,True
27-1-2,Улаштування щебеневої основи,100 м3,труд_робітників,Т1,"Труд робітників, розряд 4.0",люд.-год,3.589,95.0,340.95,True
27-1-3,Улаштування основи з відсіву,100 м3,матеріал,С190-1,Прилад санітарний / опалювальний,шт,1.0,3500,3500.0,True
27-1-3,Улаштування основи з відсіву,100 м3,матеріал,С191-1,Підводка / кріплення / арматура,компл,1.0,650,650.0,True
27-1-3,Улаштування основи з відсіву,100 м3,матеріал,С192-1,Герметик / ущільнювачі,компл,1.0,80,80.0,True
27-1-3,Улаштування основи з відсіву,100 м3,труд_робітників,Т1,"Труд робітників, розряд 4.0",люд.-год,3.784,95.0,359.48,True
27-2-1,Улаштування покриття з асфальтобетону,1000 м2,матеріал,С190-1,Прилад санітарний / опалювальний,шт,1.0,3500,3500.0,True
27-2-1,Улаштування покриття з асфальтобетону,1000 м2,матеріал,С191-1,Підводка / кріплення / арматура,компл,1.0,650,650.0,True
27-2-1,Улаштування покриття з асфальтобетону,1000 м2,матеріал,С192-1,Герметик / ущільнювачі,компл,1.0,80,80.0,True
27-2-1,Улаштування покриття з асфальтобетону,1000 м2,труд_робітників,Т1,"Труд робітників, розряд 4.0",люд.-год,4.125,95.0,391.88,True
27-2-2,Улаштування покриття з бетонної плитки,100 м2,матеріал,С167-1,Плитка керамічна / керамограніт,м2,105,420,44100,True
27-2-2,Улаштування покриття з бетонної плитки,100 м2,матеріал,С168-1,Клей плитковий,кг,500,14,7000,True
27-2-2,Улаштування покриття з бетонної плитки,100 м2,матеріал,С169-1,Затирка,кг,50,45,2250,True
27-2-2,Улаштування покриття з бетонної плитки,100 м2,труд_робітників,Т1,"Труд робітників, розряд 3.8",люд.-год,135.761,95.0,12897.3,True
27-2-3,Улаштування покриття з тротуарної плитки,100 м2,матеріал,С167-1,Плитка керамічна / керамограніт,м2,105,420,44100,True
27-2-3,Улаштування покриття з тротуарної плитки,100 м2,матеріал,С168-1,Клей плитковий,кг,500,14,7000,True
27-2-3,Улаштування покриття з тротуарної плитки,100 м2,матеріал,С169-1,Затирка,кг,50,45,2250,True
27-2-3,Улаштування покриття з тротуарної плитки,100 м2,труд_робітників,Т1,"Труд робітників, розряд 3.8",люд.-год,135.097,95.0,12834.22,True
27-3-1,Установлення бортових каменів,100 м,машина,С220-m,Коток / віброплита,маш.-год,0.4,500,200.0,True
27-3-1,Установлення бортових каменів,100 м,машина,С221-m,Автосамоскид,маш.-год,0.3,700,210.0,True
27-3-1,Установлення бортових каменів,100 м,матеріал,С233-1,Щебінь / відсів / асфальтобетон / плитка,м3,15,1800,27000,True
27-3-1,Установлення бортових каменів,100 м,труд_робітників,Т1,"Труд робітників, розряд 3.2",люд.-год,69.6,95.0,6612.0,True
27-3-1,Установлення бортових каменів,100 м,труд_машиністів,Т2,Труд машиністів,люд.-год,0.4,110.0,44.0,True
27-3-2,Улаштування водостоків лоткових,100 м,матеріал,С190-1,Прилад санітарний / опалювальний,шт,1.0,3500,3500.0,True
27-3-2,Улаштування водостоків лоткових,100 м,матеріал,С191-1,Підводка / кріплення / арматура,компл,1.0,650,650.0,True
27-3-2,Улаштування водостоків лоткових,100 м,матеріал,С192-1,Герметик / ущільнювачі,компл,1.0,80,80.0,True
27-3-2,Улаштування водостоків лоткових,100 м,труд_робітників,Т1,"Труд робітників, розряд 4.0",люд.-год,3.725,95.0,353.88,True
46-1-1,Розбирання фундаментів бетонних,м3,машина,С210-1,Кран / бетононасос,маш.-год,0.6,1500,900.0,True
46-1-1,Розбирання фундаментів бетонних,м3,машина,С211-1,Вібратор глибинний,маш.-год,0.8,120,96.0,True
46-1-1,Розбирання фундаментів бетонних,м3,матеріал,С120-1,Бетон товарний В15–В25,м3,1.02,3200,3264.0,True
46-1-1,Розбирання фундаментів бетонних,м3,матеріал,С121-1,Вода,м3,0.2,40,8.0,True
46-1-1,Розбирання фундаментів бетонних,м3,труд_робітників,Т1,"Труд робітників, розряд 3.5",люд.-год,7.106,95.0,675.07,True
46-1-1,Розбирання фундаментів бетонних,м3,труд_машиністів,Т2,Труд машиністів,люд.-год,0.6,110.0,66.0,True
46-1-2,Розбирання стін цегляних,м3,машина,С212-1,Підйомник / кран (подача матеріалів),маш.-год,0.15,900,135.0,True
46-1-2,Розбирання стін цегляних,м3,матеріал,С137-1,Цегла керамічна рядова 250×120×65,шт,408.33,12,4899.96,True
46-1-2,Розбирання стін цегляних,м3,матеріал,С135-1,Розчин мурувальний М50–М75,м3,0.24,2200,528.0,True
46-1-2,Розбирання стін цегляних,м3,матеріал,С138-1,Вода,м3,0.15,40,6.0,True
46-1-2,Розбирання стін цегляних,м3,труд_робітників,Т1,"Труд робітників, розряд 3.5",люд.-год,5.466,95.0,519.27,True
46-1-2,Розбирання стін цегляних,м3,труд_машиністів,Т2,Труд машиністів,люд.-год,0.15,110.0,16.5,True
46-1-3,Розбирання перекриттів,100 м2,машина,С240-m,Перфоратор / відбійний молоток,маш.-год,1.0,90,90.0,True
46-1-3,Розбирання перекриттів,100 м2,матеріал,С311-3,Вивезення будівельного сміття,т,0.8861,450,398.75,True
46-1-3,Розбирання перекриттів,100 м2,труд_робітників,Т1,"Труд робітників, розряд 2.8",люд.-год,4.323,95.0,410.69,True
46-1-3,Розбирання перекриттів,100 м2,труд_машиністів,Т2,Труд машиністів,люд.-год,0.3,110.0,33.0,True
46-1-4,Розбирання перегородок,100 м2,машина,С212-1,Підйомник / кран (подача матеріалів),маш.-год,0.15,900,135.0,True
46-1-4,Розбирання перегородок,100 м2,матеріал,С137-1,Цегла керамічна,шт,5100,12,61200,True
46-1-4,Розбирання перегородок,100 м2,матеріал,С135-1,Розчин мурувальний,м3,2.4,2200,5280.0,True
46-1-4,Розбирання перегородок,100 м2,труд_робітників,Т1,"Труд робітників, розряд 3.5",люд.-год,57.941,95.0,5504.4,True
46-1-4,Розбирання перегородок,100 м2,труд_машиністів,Т2,Труд машиністів,люд.-год,0.15,110.0,16.5,True
46-2-1,Посилення фундаментів,м3,машина,С250-m,Копер / бурова установка / кран,маш.-год,2.0,2200,4400.0,True
46-2-1,Посилення фундаментів,м3,матеріал,С260-1,Палі / бетон / метал посилення,компл,1.0,15000,15000.0,True
46-2-1,Посилення фундаментів,м3,труд_робітників,Т1,"Труд робітників, розряд 3.8",люд.-год,10.486,95.0,996.17,True
46-2-1,Посилення фундаментів,м3,труд_машиністів,Т2,Труд машиністів,люд.-год,2.0,110.0,220.0,True
46-2-2,Посилення стін і простінків,м3,машина,С250-m,Копер / бурова установка / кран,маш.-год,2.0,2200,4400.0,True
46-2-2,Посилення стін і простінків,м3,матеріал,С260-1,Палі / бетон / метал посилення,компл,1.0,15000,15000.0,True
46-2-2,Посилення стін і простінків,м3,труд_робітників,Т1,"Труд робітників, розряд 3.8",люд.-год,10.658,95.0,1012.51,True
46-2-2,Посилення стін і простінків,м3,труд_машиністів,Т2,Труд машиністів,люд.-год,2.0,110.0,220.0,True
46-2-3,Посилення перекриттів металевими балками,т,машина,С210-2,Кран стріловий 16–25 т,маш.-год,1.0,1800,1800.0,True
46-2-3,Посилення перекриттів металевими балками,т,машина,С213-1,Апарат зварювальний,маш.-год,2.0,80,160.0,True
46-2-3,Посилення перекриттів металевими балками,т,матеріал,С140-1,Конструкції сталеві,т,1.03,45000,46350.0,True
46-2-3,Посилення перекриттів металевими балками,т,матеріал,С141-1,Електроди / зварювальні матеріали,кг,6.0,90,540.0,True
46-2-3,Посилення перекриттів металевими балками,т,матеріал,С142-1,Болти високоміцні / метизи,кг,8.0,70,560.0,True
46-2-3,Посилення перекриттів металевими балками,т,труд_робітників,Т1,"Труд робітників, розряд 4.2",люд.-год,15.157,95.0,1439.91,True
46-2-3,Посилення перекриттів металевими балками,т,труд_машиністів,Т2,Труд машиністів,люд.-год,1.0,110.0,110.0,True
46-3-1,Пробивання прорізів у цегляних стінах,м2,машина,С212-1,Підйомник / кран (подача матеріалів),маш.-год,0.15,900,135.0,True
46-3-1,Пробивання прорізів у цегляних стінах,м2,матеріал,С137-1,Цегла керамічна рядова 250×120×65,шт,409.5,12,4914.0,True
46-3-1,Пробивання прорізів у цегляних стінах,м2,матеріал,С135-1,Розчин мурувальний М50–М75,м3,0.24,2200,528.0,True
46-3-1,Пробивання прорізів у цегляних стінах,м2,матеріал,С138-1,Вода,м3,0.15,40,6.0,True
46-3-1,Пробивання прорізів у цегляних стінах,м2,труд_робітників,Т1,"Труд робітників, розряд 3.5",люд.-год,5.56,95.0,528.2,True
46-3-1,Пробивання прорізів у цегляних стінах,м2,труд_машиністів,Т2,Труд машиністів,люд.-год,0.15,110.0,16.5,True
46-3-2,Пробивання прорізів у бетонних стінах,м2,машина,С210-1,Кран / бетононасос,маш.-год,0.6,1500,900.0,True
46-3-2,Пробивання прорізів у бетонних стінах,м2,машина,С211-1,Вібратор глибинний,маш.-год,0.8,120,96.0,True
46-3-2,Пробивання прорізів у бетонних стінах,м2,матеріал,С120-1,Бетон товарний В15–В25,м3,1.02,3200,3264.0,True
46-3-2,Пробивання прорізів у бетонних стінах,м2,матеріал,С121-1,Вода,м3,0.2,40,8.0,True
46-3-2,Пробивання прорізів у бетонних стінах,м2,труд_робітників,Т1,"Труд робітників, розряд 3.5",люд.-год,7.97,95.0,757.15,True
46-3-2,Пробивання прорізів у бетонних стінах,м2,труд_машиністів,Т2,Труд машиністів,люд.-год,0.6,110.0,66.0,True
46-3-3,Закладання прорізів,м3,машина,С250-m,Копер / бурова установка / кран,маш.-год,2.0,2200,4400.0,True
46-3-3,Закладання прорізів,м3,матеріал,С260-1,Палі / бетон / метал посилення,компл,1.0,15000,15000.0,True
46-3-3,Закладання прорізів,м3,труд_робітників,Т1,"Труд робітників, розряд 3.8",люд.-год,9.26,95.0,879.7,True
46-3-3,Закладання прорізів,м3,труд_машиністів,Т2,Труд машиністів,люд.-год,2.0,110.0,220.0,True
47-1-1,Планування території під озеленення,100 м2,машина,С201-2,Бульдозер / трамбівка,маш.-год,0.5,600,300.0,True
47-1-1,Планування території під озеленення,100 м2,матеріал,С300-1,Пальне дизельне (орієнтовно),л,4.25,55,233.75,True
47-1-1,Планування території під озеленення,100 м2,матеріал,С300-2,Мастильні матеріали,кг,0.2125,120,25.5,True
47-1-1,Планування території під озеленення,100 м2,труд_робітників,Т1,"Труд робітників, розряд 2.8",люд.-год,9.439,95.0,896.71,True
47-1-1,Планування території під озеленення,100 м2,труд_машиністів,Т2,Труд машиністів,люд.-год,0.5,110.0,55.0,True
47-1-2,Влаштування рослинного ґрунту,100 м2,матеріал,С190-1,Прилад санітарний / опалювальний,шт,1.0,3500,3500.0,True
47-1-2,Влаштування рослинного ґрунту,100 м2,матеріал,С191-1,Підводка / кріплення / арматура,компл,1.0,650,650.0,True
47-1-2,Влаштування рослинного ґрунту,100 м2,матеріал,С192-1,Герметик / ущільнювачі,компл,1.0,80,80.0,True
47-1-2,Влаштування рослинного ґрунту,100 м2,труд_робітників,Т1,"Труд робітників, розряд 4.0",люд.-год,3.739,95.0,355.2,True
47-2-1,Посадка дерев із грудкою,шт,матеріал,С156-1,Пиломатеріали хвойні,м3,1.1,12000,13200.0,True
47-2-1,Посадка дерев із грудкою,шт,матеріал,С157-1,"Цвяхи, кріплення",кг,5.0,55,275.0,True
47-2-1,Посадка дерев із грудкою,шт,матеріал,С158-1,Антисептик,л,1.5,80,120.0,True
47-2-1,Посадка дерев із грудкою,шт,труд_робітників,Т1,"Труд робітників, розряд 3.6",люд.-год,8.783,95.0,834.38,True
47-2-2,Посадка кущів,шт,матеріал,С230-1,Садивний матеріал,шт,1.0,450,450.0,True
47-2-2,Посадка кущів,шт,матеріал,С231-1,Ґрунт рослинний / добрива,м3,0.2,600,120.0,True
47-2-2,Посадка кущів,шт,труд_робітників,Т1,"Труд робітників, розряд 2.8",люд.-год,1.679,95.0,159.5,True
47-2-3,Улаштування газонів звичайних,100 м2,матеріал,С190-1,Прилад санітарний / опалювальний,шт,1.0,3500,3500.0,True
47-2-3,Улаштування газонів звичайних,100 м2,матеріал,С191-1,Підводка / кріплення / арматура,компл,1.0,650,650.0,True
47-2-3,Улаштування газонів звичайних,100 м2,матеріал,С192-1,Герметик / ущільнювачі,компл,1.0,80,80.0,True
47-2-3,Улаштування газонів звичайних,100 м2,труд_робітників,Т1,"Труд робітників, розряд 4.0",люд.-год,3.929,95.0,373.25,True
47-2-4,Улаштування квітників,100 м2,матеріал,С190-1,Прилад санітарний / опалювальний,шт,1.0,3500,3500.0,True
47-2-4,Улаштування квітників,100 м2,матеріал,С191-1,Підводка / кріплення / арматура,компл,1.0,650,650.0,True
47-2-4,Улаштування квітників,100 м2,матеріал,С192-1,Герметик / ущільнювачі,компл,1.0,80,80.0,True
47-2-4,Улаштування квітників,100 м2,труд_робітників,Т1,"Труд робітників, розряд 4.0",люд.-год,3.555,95.0,337.73,True
47-3-1,Полив насаджень,100 м2,машина,С220-m,Коток / віброплита,маш.-год,0.4,500,200.0,True
47-3-1,Полив насаджень,100 м2,машина,С221-m,Автосамоскид,маш.-год,0.3,700,210.0,True
47-3-1,Полив насаджень,100 м2,матеріал,С233-1,Щебінь / відсів / асфальтобетон / плитка,м3,15,1800,27000,True
47-3-1,Полив насаджень,100 м2,труд_робітників,Т1,"Труд робітників, розряд 3.2",люд.-год,60.439,95.0,5741.7,True
47-3-1,Полив насаджень,100 м2,труд_машиністів,Т2,Труд машиністів,люд.-год,0.4,110.0,44.0,True
47-3-2,Підв'язування та формування дерев,шт,матеріал,С156-1,Пиломатеріали хвойні,м3,1.1,12000,13200.0,True
47-3-2,Підв'язування та формування дерев,шт,матеріал,С157-1,"Цвяхи, кріплення",кг,5.0,55,275.0,True
47-3-2,Підв'язування та формування дерев,шт,матеріал,С158-1,Антисептик,л,1.5,80,120.0,True
47-3-2,Підв'язування та формування дерев,шт,труд_робітників,Т1,"Труд робітників, розряд 3.6",люд.-год,9.596,95.0,911.62,True
7-1-1,Монтаж насосів консольних,шт,машина,С230-m,Кран / такелаж,маш.-год,1.5,1600,2400.0,True
7-1-1,Монтаж насосів консольних,шт,машина,С213-1,Зварювальне / електромонтажне обладнання,маш.-год,2.0,80,160.0,True
7-1-1,Монтаж насосів консольних,шт,матеріал,С240-1,"Матеріали монтажні (анкери, прокладки, метизи)",компл,1.0,1200,1200.0,True
7-1-1,Монтаж насосів консольних,шт,матеріал,С241-1,Електроди / кабель обв'язки,компл,1.0,800,800.0,True
7-1-1,Монтаж насосів консольних,шт,труд_робітників,Т1,"Труд робітників, розряд 4.3",люд.-год,11.782,95.0,1119.29,True
7-1-1,Монтаж насосів консольних,шт,труд_машиністів,Т2,Труд машиністів,люд.-год,1.5,110.0,165.0,True
7-1-2,Монтаж насосів заглибних,шт,машина,С230-m,Кран / такелаж,маш.-год,1.5,1600,2400.0,True
7-1-2,Монтаж насосів заглибних,шт,машина,С213-1,Зварювальне / електромонтажне обладнання,маш.-год,2.0,80,160.0,True
7-1-2,Монтаж насосів заглибних,шт,матеріал,С240-1,"Матеріали монтажні (анкери, прокладки, метизи)",компл,1.0,1200,1200.0,True
7-1-2,Монтаж насосів заглибних,шт,матеріал,С241-1,Електроди / кабель обв'язки,компл,1.0,800,800.0,True
7-1-2,Монтаж насосів заглибних,шт,труд_робітників,Т1,"Труд робітників, розряд 4.3",люд.-год,12.538,95.0,1191.11,True
7-1-2,Монтаж насосів заглибних,шт,труд_машиністів,Т2,Труд машиністів,люд.-год,1.5,110.0,165.0,True
7-1-3,Монтаж насосних агрегатів,шт,машина,С230-m,Кран / такелаж,маш.-год,1.5,1600,2400.0,True
7-1-3,Монтаж насосних агрегатів,шт,машина,С213-1,Зварювальне / електромонтажне обладнання,маш.-год,2.0,80,160.0,True
7-1-3,Монтаж насосних агрегатів,шт,матеріал,С240-1,"Матеріали монтажні (анкери, прокладки, метизи)",компл,1.0,1200,1200.0,True
7-1-3,Монтаж насосних агрегатів,шт,матеріал,С241-1,Електроди / кабель обв'язки,компл,1.0,800,800.0,True
7-1-3,Монтаж насосних агрегатів,шт,труд_робітників,Т1,"Труд робітників, розряд 4.3",люд.-год,10.175,95.0,966.63,True
7-1-3,Монтаж насосних агрегатів,шт,труд_машиністів,Т2,Труд машиністів,люд.-год,1.5,110.0,165.0,True
7-2-1,Монтаж вентиляторів осьових,шт,матеріал,С200-1,Обладнання вентиляції/кондиціювання,шт,1.0,18000,18000.0,True
7-2-1,Монтаж вентиляторів осьових,шт,матеріал,С201-m,"Кронштейни, фреон-траса, дренаж",компл,1.0,2500,2500.0,True
7-2-1,Монтаж вентиляторів осьових,шт,труд_робітників,Т1,"Труд робітників, розряд 4.1",люд.-год,9.93,95.0,943.35,True
7-2-2,Монтаж вентиляторів радіальних,шт,матеріал,С200-1,Обладнання вентиляції/кондиціювання,шт,1.0,18000,18000.0,True
7-2-2,Монтаж вентиляторів радіальних,шт,матеріал,С201-m,"Кронштейни, фреон-траса, дренаж",компл,1.0,2500,2500.0,True
7-2-2,Монтаж вентиляторів радіальних,шт,труд_робітників,Т1,"Труд робітників, розряд 4.1",люд.-год,8.567,95.0,813.87,True
8-1-1,Монтаж щитів низької напруги,шт,машина,С212-1,Підйомник / кран (подача матеріалів),маш.-год,0.15,900,135.0,True
8-1-1,Монтаж щитів низької напруги,шт,матеріал,С137-1,Цегла керамічна рядова 250×120×65,шт,408.95,12,4907.4,True
8-1-1,Монтаж щитів низької напруги,шт,матеріал,С135-1,Розчин мурувальний М50–М75,м3,0.24,2200,528.0,True
8-1-1,Монтаж щитів низької напруги,шт,матеріал,С138-1,Вода,м3,0.15,40,6.0,True
8-1-1,Монтаж щитів низької напруги,шт,труд_робітників,Т1,"Труд робітників, розряд 3.5",люд.-год,5.516,95.0,524.02,True
8-1-1,Монтаж щитів низької напруги,шт,труд_машиністів,Т2,Труд машиністів,люд.-год,0.15,110.0,16.5,True
8-1-2,Монтаж автоматичних вимикачів,шт,машина,С212-1,Підйомник / кран (подача матеріалів),маш.-год,0.15,900,135.0,True
8-1-2,Монтаж автоматичних вимикачів,шт,матеріал,С137-1,Цегла керамічна рядова 250×120×65,шт,405.6,12,4867.2,True
8-1-2,Монтаж автоматичних вимикачів,шт,матеріал,С135-1,Розчин мурувальний М50–М75,м3,0.24,2200,528.0,True
8-1-2,Монтаж автоматичних вимикачів,шт,матеріал,С138-1,Вода,м3,0.15,40,6.0,True
8-1-2,Монтаж автоматичних вимикачів,шт,труд_робітників,Т1,"Труд робітників, розряд 3.5",люд.-год,5.248,95.0,498.56,True
8-1-2,Монтаж автоматичних вимикачів,шт,труд_машиністів,Т2,Труд машиністів,люд.-год,0.15,110.0,16.5,True
8-1-3,Монтаж ПЗВ,шт,машина,С212-1,Підйомник / кран (подача матеріалів),маш.-год,0.15,900,135.0,True
8-1-3,Монтаж ПЗВ,шт,матеріал,С137-1,Цегла керамічна рядова 250×120×65,шт,406.36,12,4876.32,True
8-1-3,Монтаж ПЗВ,шт,матеріал,С135-1,Розчин мурувальний М50–М75,м3,0.24,2200,528.0,True
8-1-3,Монтаж ПЗВ,шт,матеріал,С138-1,Вода,м3,0.15,40,6.0,True
8-1-3,Монтаж ПЗВ,шт,труд_робітників,Т1,"Труд робітників, розряд 3.5",люд.-год,5.309,95.0,504.36,True
8-1-3,Монтаж ПЗВ,шт,труд_машиністів,Т2,Труд машиністів,люд.-год,0.15,110.0,16.5,True
8-2-1,Прокладання силових кабелів,100 м,машина,С212-1,Підйомник / кран (подача матеріалів),маш.-год,0.15,900,135.0,True
8-2-1,Прокладання силових кабелів,100 м,матеріал,С137-1,Цегла керамічна,шт,5100,12,61200,True
8-2-1,Прокладання силових кабелів,100 м,матеріал,С135-1,Розчин мурувальний,м3,2.4,2200,5280.0,True
8-2-1,Прокладання силових кабелів,100 м,труд_робітників,Т1,"Труд робітників, розряд 3.5",люд.-год,62.977,95.0,5982.81,True
8-2-1,Прокладання силових кабелів,100 м,труд_машиністів,Т2,Труд машиністів,люд.-год,0.15,110.0,16.5,True
8-2-2,Закінчення та з'єднання кабелів,100 м,машина,С212-1,Підйомник / кран (подача матеріалів),маш.-год,0.15,900,135.0,True
8-2-2,Закінчення та з'єднання кабелів,100 м,матеріал,С137-1,Цегла керамічна,шт,5100,12,61200,True
8-2-2,Закінчення та з'єднання кабелів,100 м,матеріал,С135-1,Розчин мурувальний,м3,2.4,2200,5280.0,True
8-2-2,Закінчення та з'єднання кабелів,100 м,труд_робітників,Т1,"Труд робітників, розряд 3.5",люд.-год,63.029,95.0,5987.76,True
8-2-2,Закінчення та з'єднання кабелів,100 м,труд_машиністів,Т2,Труд машиністів,люд.-год,0.15,110.0,16.5,True
10-1-1,Монтаж СКС,компл,матеріал,С156-1,Пиломатеріали хвойні,м3,1.1,12000,13200.0,True
10-1-1,Монтаж СКС,компл,матеріал,С157-1,"Цвяхи, кріплення",кг,5.0,55,275.0,True
10-1-1,Монтаж СКС,компл,матеріал,С158-1,Антисептик,л,1.5,80,120.0,True
10-1-1,Монтаж СКС,компл,труд_робітників,Т1,"Труд робітників, розряд 3.6",люд.-год,9.812,95.0,932.14,True
10-1-2,Монтаж телефонії,компл,матеріал,С156-1,Пиломатеріали хвойні,м3,1.1,12000,13200.0,True
10-1-2,Монтаж телефонії,компл,матеріал,С157-1,"Цвяхи, кріплення",кг,5.0,55,275.0,True
10-1-2,Монтаж телефонії,компл,матеріал,С158-1,Антисептик,л,1.5,80,120.0,True
10-1-2,Монтаж телефонії,компл,труд_робітників,Т1,"Труд робітників, розряд 3.6",люд.-год,9.803,95.0,931.29,True
10-1-3,Монтаж домофонів,компл,матеріал,С156-1,Пиломатеріали хвойні,м3,1.1,12000,13200.0,True
10-1-3,Монтаж домофонів,компл,матеріал,С157-1,"Цвяхи, кріплення",кг,5.0,55,275.0,True
10-1-3,Монтаж домофонів,компл,матеріал,С158-1,Антисептик,л,1.5,80,120.0,True
10-1-3,Монтаж домофонів,компл,труд_робітників,Т1,"Труд робітників, розряд 3.6",люд.-год,9.4,95.0,893.0,True
10-1-4,Монтаж систем оповіщення,компл,матеріал,С156-1,Пиломатеріали хвойні,м3,1.1,12000,13200.0,True
10-1-4,Монтаж систем оповіщення,компл,матеріал,С157-1,"Цвяхи, кріплення",кг,5.0,55,275.0,True
10-1-4,Монтаж систем оповіщення,компл,матеріал,С158-1,Антисептик,л,1.5,80,120.0,True
10-1-4,Монтаж систем оповіщення,компл,труд_робітників,Т1,"Труд робітників, розряд 3.6",люд.-год,8.239,95.0,782.71,True
10-1-5,Монтаж антенно-фідерних пристроїв,компл,матеріал,С156-1,Пиломатеріали хвойні,м3,1.1,12000,13200.0,True
10-1-5,Монтаж антенно-фідерних пристроїв,компл,матеріал,С157-1,"Цвяхи, кріплення",кг,5.0,55,275.0,True
10-1-5,Монтаж антенно-фідерних пристроїв,компл,матеріал,С158-1,Антисептик,л,1.5,80,120.0,True
10-1-5,Монтаж антенно-фідерних пристроїв,компл,труд_робітників,Т1,"Труд робітників, розряд 3.6",люд.-год,9.056,95.0,860.32,True
10-2-1,Прокладання кабелів зв'язку внутрішніх,100 м,матеріал,С156-1,Пиломатеріали хвойні,м3,1.1,12000,13200.0,True
10-2-1,Прокладання кабелів зв'язку внутрішніх,100 м,матеріал,С157-1,"Цвяхи, кріплення",кг,5.0,55,275.0,True
10-2-1,Прокладання кабелів зв'язку внутрішніх,100 м,матеріал,С158-1,Антисептик,л,1.5,80,120.0,True
10-2-1,Прокладання кабелів зв'язку внутрішніх,100 м,труд_робітників,Т1,"Труд робітників, розряд 3.6",люд.-год,9.303,95.0,883.79,True
10-2-2,Розробка кабельних закінчень,шт,машина,С201-2,Бульдозер / трамбівка,маш.-год,0.5,600,300.0,True
10-2-2,Розробка кабельних закінчень,шт,матеріал,С300-1,Пальне дизельне (орієнтовно),л,4.25,55,233.75,True
10-2-2,Розробка кабельних закінчень,шт,матеріал,С300-2,Мастильні матеріали,кг,0.2125,120,25.5,True
10-2-2,Розробка кабельних закінчень,шт,труд_робітників,Т1,"Труд робітників, розряд 2.8",люд.-год,9.86,95.0,936.7,True
10-2-2,Розробка кабельних закінчень,шт,труд_машиністів,Т2,Труд машиністів,люд.-год,0.5,110.0,55.0,True
10-2-3,Випробування ліній зв'язку,система,матеріал,С156-1,Пиломатеріали хвойні,м3,1.1,12000,13200.0,True
10-2-3,Випробування ліній зв'язку,система,матеріал,С157-1,"Цвяхи, кріплення",кг,5.0,55,275.0,True
10-2-3,Випробування ліній зв'язку,система,матеріал,С158-1,Антисептик,л,1.5,80,120.0,True
10-2-3,Випробування ліній зв'язку,система,труд_робітників,Т1,"Труд робітників, розряд 3.6",люд.-год,8.265,95.0,785.18,True
11-1-1,Монтаж датчиків,шт,матеріал,С167-1,Плитка керамічна / керамограніт,м2,1.05,420,441.0,True
11-1-1,Монтаж датчиків,шт,матеріал,С168-1,Клей плитковий,кг,5.0,14,70.0,True
11-1-1,Монтаж датчиків,шт,матеріал,С169-1,Затирка,кг,0.5,45,22.5,True
11-1-1,Монтаж датчиків,шт,труд_робітників,Т1,"Труд робітників, розряд 3.8",люд.-год,1.891,95.0,179.65,True
11-1-2,Монтаж щитів автоматики,шт,матеріал,С167-1,Плитка керамічна / керамограніт,м2,1.05,420,441.0,True
11-1-2,Монтаж щитів автоматики,шт,матеріал,С168-1,Клей плитковий,кг,5.0,14,70.0,True
11-1-2,Монтаж щитів автоматики,шт,матеріал,С169-1,Затирка,кг,0.5,45,22.5,True
11-1-2,Монтаж щитів автоматики,шт,труд_робітників,Т1,"Труд робітників, розряд 3.8",люд.-год,1.836,95.0,174.42,True
11-1-3,Монтаж контролерів,шт,матеріал,С167-1,Плитка керамічна / керамограніт,м2,1.05,420,441.0,True
11-1-3,Монтаж контролерів,шт,матеріал,С168-1,Клей плитковий,кг,5.0,14,70.0,True
11-1-3,Монтаж контролерів,шт,матеріал,С169-1,Затирка,кг,0.5,45,22.5,True
11-1-3,Монтаж контролерів,шт,труд_робітників,Т1,"Труд робітників, розряд 3.8",люд.-год,1.703,95.0,161.78,True
11-1-4,Монтаж датчиків температури і тиску,шт,матеріал,С167-1,Плитка керамічна / керамограніт,м2,1.05,420,441.0,True
11-1-4,Монтаж датчиків температури і тиску,шт,матеріал,С168-1,Клей плитковий,кг,5.0,14,70.0,True
11-1-4,Монтаж датчиків температури і тиску,шт,матеріал,С169-1,Затирка,кг,0.5,45,22.5,True
11-1-4,Монтаж датчиків температури і тиску,шт,труд_робітників,Т1,"Труд робітників, розряд 3.8",люд.-год,1.654,95.0,157.13,True
11-1-5,Монтаж витратомірів,шт,матеріал,С167-1,Плитка керамічна / керамограніт,м2,1.05,420,441.0,True
11-1-5,Монтаж витратомірів,шт,матеріал,С168-1,Клей плитковий,кг,5.0,14,70.0,True
11-1-5,Монтаж витратомірів,шт,матеріал,С169-1,Затирка,кг,0.5,45,22.5,True
11-1-5,Монтаж витратомірів,шт,труд_робітників,Т1,"Труд робітників, розряд 3.8",люд.-год,1.821,95.0,173.0,True
11-1-6,Монтаж виконавчих механізмів,шт,матеріал,С167-1,Плитка керамічна / керамограніт,м2,1.05,420,441.0,True
11-1-6,Монтаж виконавчих механізмів,шт,матеріал,С168-1,Клей плитковий,кг,5.0,14,70.0,True
11-1-6,Монтаж виконавчих механізмів,шт,матеріал,С169-1,Затирка,кг,0.5,45,22.5,True
11-1-6,Монтаж виконавчих механізмів,шт,труд_робітників,Т1,"Труд робітників, розряд 3.8",люд.-год,1.735,95.0,164.83,True
11-2-1,Прокладання кабелів КВП,100 м,матеріал,С167-1,Плитка керамічна / керамограніт,м2,105,420,44100,True
11-2-1,Прокладання кабелів КВП,100 м,матеріал,С168-1,Клей плитковий,кг,500,14,7000,True
11-2-1,Прокладання кабелів КВП,100 м,матеріал,С169-1,Затирка,кг,50,45,2250,True
11-2-1,Прокладання кабелів КВП,100 м,труд_робітників,Т1,"Труд робітників, розряд 3.8",люд.-год,130.844,95.0,12430.18,True
11-2-2,Підключення приладів,шт,матеріал,С167-1,Плитка керамічна / керамограніт,м2,1.05,420,441.0,True
11-2-2,Підключення приладів,шт,матеріал,С168-1,Клей плитковий,кг,5.0,14,70.0,True
11-2-2,Підключення приладів,шт,матеріал,С169-1,Затирка,кг,0.5,45,22.5,True
11-2-2,Підключення приладів,шт,труд_робітників,Т1,"Труд робітників, розряд 3.8",люд.-год,1.698,95.0,161.31,True
11-2-3,Налагодження контурів регулювання,контур,матеріал,С167-1,Плитка керамічна / керамограніт,м2,1.05,420,441.0,True
11-2-3,Налагодження контурів регулювання,контур,матеріал,С168-1,Клей плитковий,кг,5.0,14,70.0,True
11-2-3,Налагодження контурів регулювання,контур,матеріал,С169-1,Затирка,кг,0.5,45,22.5,True
11-2-3,Налагодження контурів регулювання,контур,труд_робітників,Т1,"Труд робітників, розряд 3.8",люд.-год,1.879,95.0,178.5,True
38-1-1,Монтаж ємностей,шт,машина,С230-m,Кран / такелаж,маш.-год,1.5,1600,2400.0,True
38-1-1,Монтаж ємностей,шт,машина,С213-1,Зварювальне / електромонтажне обладнання,маш.-год,2.0,80,160.0,True
38-1-1,Монтаж ємностей,шт,матеріал,С240-1,"Матеріали монтажні (анкери, прокладки, метизи)",компл,1.0,1200,1200.0,True
38-1-1,Монтаж ємностей,шт,матеріал,С241-1,Електроди / кабель обв'язки,компл,1.0,800,800.0,True
38-1-1,Монтаж ємностей,шт,труд_робітників,Т1,"Труд робітників, розряд 4.3",люд.-год,11.863,95.0,1126.98,True
38-1-1,Монтаж ємностей,шт,труд_машиністів,Т2,Труд машиністів,люд.-год,1.5,110.0,165.0,True
38-1-2,Монтаж теплообмінників,шт,машина,С230-m,Кран / такелаж,маш.-год,1.5,1600,2400.0,True
38-1-2,Монтаж теплообмінників,шт,машина,С213-1,Зварювальне / електромонтажне обладнання,маш.-год,2.0,80,160.0,True
38-1-2,Монтаж теплообмінників,шт,матеріал,С240-1,"Матеріали монтажні (анкери, прокладки, метизи)",компл,1.0,1200,1200.0,True
38-1-2,Монтаж теплообмінників,шт,матеріал,С241-1,Електроди / кабель обв'язки,компл,1.0,800,800.0,True
38-1-2,Монтаж теплообмінників,шт,труд_робітників,Т1,"Труд робітників, розряд 4.3",люд.-год,13.213,95.0,1255.23,True
38-1-2,Монтаж теплообмінників,шт,труд_машиністів,Т2,Труд машиністів,люд.-год,1.5,110.0,165.0,True
38-1-3,Монтаж фільтрів,шт,машина,С230-m,Кран / такелаж,маш.-год,1.5,1600,2400.0,True
38-1-3,Монтаж фільтрів,шт,машина,С213-1,Зварювальне / електромонтажне обладнання,маш.-год,2.0,80,160.0,True
38-1-3,Монтаж фільтрів,шт,матеріал,С240-1,"Матеріали монтажні (анкери, прокладки, метизи)",компл,1.0,1200,1200.0,True
38-1-3,Монтаж фільтрів,шт,матеріал,С241-1,Електроди / кабель обв'язки,компл,1.0,800,800.0,True
38-1-3,Монтаж фільтрів,шт,труд_робітників,Т1,"Труд робітників, розряд 4.3",люд.-год,14.464,95.0,1374.08,True
38-1-3,Монтаж фільтрів,шт,труд_машиністів,Т2,Труд машиністів,люд.-год,1.5,110.0,165.0,True
38-1-4,Монтаж насосних агрегатів загального призначення,шт,машина,С230-m,Кран / такелаж,маш.-год,1.5,1600,2400.0,True
38-1-4,Монтаж насосних агрегатів загального призначення,шт,машина,С213-1,Зварювальне / електромонтажне обладнання,маш.-год,2.0,80,160.0,True
38-1-4,Монтаж насосних агрегатів загального призначення,шт,матеріал,С240-1,"Матеріали монтажні (анкери, прокладки, метизи)",компл,1.0,1200,1200.0,True
38-1-4,Монтаж насосних агрегатів загального призначення,шт,матеріал,С241-1,Електроди / кабель обв'язки,компл,1.0,800,800.0,True
38-1-4,Монтаж насосних агрегатів загального призначення,шт,труд_робітників,Т1,"Труд робітників, розряд 4.3",люд.-год,14.864,95.0,1412.08,True
38-1-4,Монтаж насосних агрегатів загального призначення,шт,труд_машиністів,Т2,Труд машиністів,люд.-год,1.5,110.0,165.0,True
38-1-5,Монтаж компресорів загального призначення,шт,машина,С230-m,Кран / такелаж,маш.-год,1.5,1600,2400.0,True
38-1-5,Монтаж компресорів загального призначення,шт,машина,С213-1,Зварювальне / електромонтажне обладнання,маш.-год,2.0,80,160.0,True
38-1-5,Монтаж компресорів загального призначення,шт,матеріал,С240-1,"Матеріали монтажні (анкери, прокладки, метизи)",компл,1.0,1200,1200.0,True
38-1-5,Монтаж компресорів загального призначення,шт,матеріал,С241-1,Електроди / кабель обв'язки,компл,1.0,800,800.0,True
38-1-5,Монтаж компресорів загального призначення,шт,труд_робітників,Т1,"Труд робітників, розряд 4.3",люд.-год,14.834,95.0,1409.23,True
38-1-5,Монтаж компресорів загального призначення,шт,труд_машиністів,Т2,Труд машиністів,люд.-год,1.5,110.0,165.0,True
38-2-1,Монтаж вентиляційного обладнання загальнообмінного,шт,матеріал,С202-m,Повітроводи оцинковані,м2,1.05,280,294.0,True
38-2-1,Монтаж вентиляційного обладнання загальнообмінного,шт,матеріал,С203-m,"Фланці, ущільнення, кріплення",компл,1.0,120,120.0,True
38-2-1,Монтаж вентиляційного обладнання загальнообмінного,шт,труд_робітників,Т1,"Труд робітників, розряд 3.9",люд.-год,3.166,95.0,300.77,True
38-2-2,Монтаж підйомно-транспортного обладнання цехів,шт,машина,С230-m,Кран / такелаж,маш.-год,1.5,1600,2400.0,True
38-2-2,Монтаж підйомно-транспортного обладнання цехів,шт,машина,С213-1,Зварювальне / електромонтажне обладнання,маш.-год,2.0,80,160.0,True
38-2-2,Монтаж підйомно-транспортного обладнання цехів,шт,матеріал,С240-1,"Матеріали монтажні (анкери, прокладки, метизи)",компл,1.0,1200,1200.0,True
38-2-2,Монтаж підйомно-транспортного обладнання цехів,шт,матеріал,С241-1,Електроди / кабель обв'язки,компл,1.0,800,800.0,True
38-2-2,Монтаж підйомно-транспортного обладнання цехів,шт,труд_робітників,Т1,"Труд робітників, розряд 4.3",люд.-год,13.768,95.0,1307.96,True
38-2-2,Монтаж підйомно-транспортного обладнання цехів,шт,труд_машиністів,Т2,Труд машиністів,люд.-год,1.5,110.0,165.0,True
39-1-1,Підключення апаратів НКУ,шт,матеріал,С214-m,Кабель / провід силовий,м,1.05,55,57.75,True
39-1-1,Підключення апаратів НКУ,шт,матеріал,С215-m,Труба/короб/гофра,м,1.05,18,18.9,True
39-1-1,Підключення апаратів НКУ,шт,матеріал,С216-m,Кріплення,компл,1.0,25,25.0,True
39-1-1,Підключення апаратів НКУ,шт,труд_робітників,Т1,"Труд робітників, розряд 3.7",люд.-год,1.533,95.0,145.63,True
39-1-2,Підключення кабелів зовнішньої мережі,шт,матеріал,С214-m,Кабель / провід силовий,м,1.05,55,57.75,True
39-1-2,Підключення кабелів зовнішньої мережі,шт,матеріал,С215-m,Труба/короб/гофра,м,1.05,18,18.9,True
39-1-2,Підключення кабелів зовнішньої мережі,шт,матеріал,С216-m,Кріплення,компл,1.0,25,25.0,True
39-1-2,Підключення кабелів зовнішньої мережі,шт,труд_робітників,Т1,"Труд робітників, розряд 3.7",люд.-год,1.85,95.0,175.75,True
39-1-3,Маркування та випробування,шт,матеріал,С190-1,Прилад санітарний / опалювальний,шт,1.0,3500,3500.0,True
39-1-3,Маркування та випробування,шт,матеріал,С191-1,Підводка / кріплення / арматура,компл,1.0,650,650.0,True
39-1-3,Маркування та випробування,шт,матеріал,С192-1,Герметик / ущільнювачі,компл,1.0,80,80.0,True
39-1-3,Маркування та випробування,шт,труд_робітників,Т1,"Труд робітників, розряд 4.0",люд.-год,4.483,95.0,425.88,True
39-1-4,Маркування і випробування кіл,система,матеріал,С190-1,Прилад санітарний / опалювальний,шт,1.0,3500,3500.0,True
39-1-4,Маркування і випробування кіл,система,матеріал,С191-1,Підводка / кріплення / арматура,компл,1.0,650,650.0,True
39-1-4,Маркування і випробування кіл,система,матеріал,С192-1,Герметик / ущільнювачі,компл,1.0,80,80.0,True
39-1-4,Маркування і випробування кіл,система,труд_робітників,Т1,"Труд робітників, розряд 4.0",люд.-год,4.411,95.0,419.04,True
39-1-5,Установлення клемних з'єднань,шт,матеріал,С214-m,Кабель / провід силовий,м,1.05,55,57.75,True
39-1-5,Установлення клемних з'єднань,шт,матеріал,С215-m,Труба/короб/гофра,м,1.05,18,18.9,True
39-1-5,Установлення клемних з'єднань,шт,матеріал,С216-m,Кріплення,компл,1.0,25,25.0,True
39-1-5,Установлення клемних з'єднань,шт,труд_робітників,Т1,"Труд робітників, розряд 3.7",люд.-год,1.727,95.0,164.06,True
39-1-6,Перевірка опору ізоляції,лінія,матеріал,С214-m,Кабель / провід силовий,м,1.05,55,57.75,True
39-1-6,Перевірка опору ізоляції,лінія,матеріал,С215-m,Труба/короб/гофра,м,1.05,18,18.9,True
39-1-6,Перевірка опору ізоляції,лінія,матеріал,С216-m,Кріплення,компл,1.0,25,25.0,True
39-1-6,Перевірка опору ізоляції,лінія,труд_робітників,Т1,"Труд робітників, розряд 3.7",люд.-год,1.661,95.0,157.8,True
1-1-1,Розробка ґрунту 1 групи,100 м3,машина,С201-2,Бульдозер / трамбівка,маш.-год,0.5,600,300.0,True
1-1-1,Розробка ґрунту 1 групи,100 м3,матеріал,С300-1,Пальне дизельне (орієнтовно),л,4.25,55,233.75,True
1-1-1,Розробка ґрунту 1 групи,100 м3,матеріал,С300-2,Мастильні матеріали,кг,0.2125,120,25.5,True
1-1-1,Розробка ґрунту 1 групи,100 м3,труд_робітників,Т1,"Труд робітників, розряд 2.8",люд.-год,8.958,95.0,851.01,True
1-1-1,Розробка ґрунту 1 групи,100 м3,труд_машиністів,Т2,Труд машиністів,люд.-год,0.5,110.0,55.0,True
1-1-2,Розробка ґрунту 2 групи,100 м3,машина,С201-2,Бульдозер / трамбівка,маш.-год,0.5,600,300.0,True
1-1-2,Розробка ґрунту 2 групи,100 м3,матеріал,С300-1,Пальне дизельне (орієнтовно),л,4.25,55,233.75,True
1-1-2,Розробка ґрунту 2 групи,100 м3,матеріал,С300-2,Мастильні матеріали,кг,0.2125,120,25.5,True
1-1-2,Розробка ґрунту 2 групи,100 м3,труд_робітників,Т1,"Труд робітників, розряд 2.8",люд.-год,8.371,95.0,795.25,True
1-1-2,Розробка ґрунту 2 групи,100 м3,труд_машиністів,Т2,Труд машиністів,люд.-год,0.5,110.0,55.0,True
1-1-3,Зворотне засипання,100 м3,машина,С201-2,Бульдозер / трамбівка,маш.-год,0.5,600,300.0,True
1-1-3,Зворотне засипання,100 м3,матеріал,С300-1,Пальне дизельне (орієнтовно),л,4.25,55,233.75,True
1-1-3,Зворотне засипання,100 м3,матеріал,С300-2,Мастильні матеріали,кг,0.2125,120,25.5,True
1-1-3,Зворотне засипання,100 м3,труд_робітників,Т1,"Труд робітників, розряд 2.8",люд.-год,10.098,95.0,959.31,True
1-1-3,Зворотне засипання,100 м3,труд_машиністів,Т2,Труд машиністів,люд.-год,0.5,110.0,55.0,True
1-2-1,Планування території,100 м2,машина,С201-2,Бульдозер / трамбівка,маш.-год,0.5,600,300.0,True
1-2-1,Планування території,100 м2,матеріал,С300-1,Пальне дизельне (орієнтовно),л,4.25,55,233.75,True
1-2-1,Планування території,100 м2,матеріал,С300-2,Мастильні матеріали,кг,0.2125,120,25.5,True
1-2-1,Планування території,100 м2,труд_робітників,Т1,"Труд робітників, розряд 2.8",люд.-год,10.241,95.0,972.89,True
1-2-1,Планування території,100 м2,труд_машиністів,Т2,Труд машиністів,люд.-год,0.5,110.0,55.0,True
1-2-2,Підсипання рослинного ґрунту,100 м2,матеріал,С250-1,Матеріали ремонтні,компл,1.0,1500,1500.0,True
1-2-2,Підсипання рослинного ґрунту,100 м2,матеріал,С251-1,Суміші / розчини / фарби,компл,1.0,800,800.0,True
1-2-2,Підсипання рослинного ґрунту,100 м2,труд_робітників,Т1,"Труд робітників, розряд 3.5",люд.-год,6.955,95.0,660.73,True
2-1-1,Розбирання бутових фундаментів,м3,машина,С212-1,Підйомник / кран (подача матеріалів),маш.-год,0.15,900,135.0,True
2-1-1,Розбирання бутових фундаментів,м3,матеріал,С134-1,Камінь бутовий,м3,1.05,900,945.0,True
2-1-1,Розбирання бутових фундаментів,м3,матеріал,С135-1,Розчин мурувальний М50–М75,м3,0.38,2200,836.0,True
2-1-1,Розбирання бутових фундаментів,м3,труд_робітників,Т1,"Труд робітників, розряд 3.3",люд.-год,5.823,95.0,553.19,True
2-1-1,Розбирання бутових фундаментів,м3,труд_машиністів,Т2,Труд машиністів,люд.-год,0.15,110.0,16.5,True
2-1-2,Розбирання бетонних фундаментів,м3,машина,С240-m,Перфоратор / відбійний молоток,маш.-год,1.0,90,90.0,True
2-1-2,Розбирання бетонних фундаментів,м3,матеріал,С311-3,Вивезення будівельного сміття,т,0.913,450,410.85,True
2-1-2,Розбирання бетонних фундаментів,м3,труд_робітників,Т1,"Труд робітників, розряд 2.8",люд.-год,4.424,95.0,420.28,True
2-1-2,Розбирання бетонних фундаментів,м3,труд_машиністів,Т2,Труд машиністів,люд.-год,0.3,110.0,33.0,True
2-1-3,Розбирання залізобетонних фундаментів,м3,машина,С240-m,Перфоратор / відбійний молоток,маш.-год,1.0,90,90.0,True
2-1-3,Розбирання залізобетонних фундаментів,м3,матеріал,С311-3,Вивезення будівельного сміття,т,0.8053,450,362.38,True
2-1-3,Розбирання залізобетонних фундаментів,м3,труд_робітників,Т1,"Труд робітників, розряд 2.8",люд.-год,4.02,95.0,381.9,True
2-1-3,Розбирання залізобетонних фундаментів,м3,труд_машиністів,Т2,Труд машиністів,люд.-год,0.3,110.0,33.0,True
2-2-1,Підведення фундаментів,м3,матеріал,С250-1,Матеріали ремонтні,компл,1.0,1500,1500.0,True
2-2-1,Підведення фундаментів,м3,матеріал,С251-1,Суміші / розчини / фарби,компл,1.0,800,800.0,True
2-2-1,Підведення фундаментів,м3,труд_робітників,Т1,"Труд робітників, розряд 3.5",люд.-год,6.014,95.0,571.33,True
2-2-2,Ін'єктування тріщин,м3,матеріал,С190-1,Прилад санітарний / опалювальний,шт,1.0,3500,3500.0,True
2-2-2,Ін'єктування тріщин,м3,матеріал,С191-1,Підводка / кріплення / арматура,компл,1.0,650,650.0,True
2-2-2,Ін'єктування тріщин,м3,матеріал,С192-1,Герметик / ущільнювачі,компл,1.0,80,80.0,True
2-2-2,Ін'єктування тріщин,м3,труд_робітників,Т1,"Труд робітників, розряд 4.0",люд.-год,4.102,95.0,389.69,True
2-2-3,Гідроізоляція фундаментів,м3,матеріал,С222-1,Мастика / рулонна гідроізоляція,м2,1.15,160,184.0,True
2-2-3,Гідроізоляція фундаментів,м3,матеріал,С223-1,Праймер,л,0.3,70,21.0,True
2-2-3,Гідроізоляція фундаментів,м3,труд_робітників,Т1,"Труд робітників, розряд 3.5",люд.-год,1.304,95.0,123.88,True
3-1-1,Розбирання цегляних стін,м3,машина,С212-1,Підйомник / кран (подача матеріалів),маш.-год,0.15,900,135.0,True
3-1-1,Розбирання цегляних стін,м3,матеріал,С137-1,Цегла керамічна рядова 250×120×65,шт,407.82,12,4893.84,True
3-1-1,Розбирання цегляних стін,м3,матеріал,С135-1,Розчин мурувальний М50–М75,м3,0.24,2200,528.0,True
3-1-1,Розбирання цегляних стін,м3,матеріал,С138-1,Вода,м3,0.15,40,6.0,True
3-1-1,Розбирання цегляних стін,м3,труд_робітників,Т1,"Труд робітників, розряд 3.5",люд.-год,5.426,95.0,515.47,True
3-1-1,Розбирання цегляних стін,м3,труд_машиністів,Т2,Труд машиністів,люд.-год,0.15,110.0,16.5,True
3-1-2,Розбирання стін із блоків,м3,машина,С212-1,Підйомник / кран (подача матеріалів),маш.-год,0.15,900,135.0,True
3-1-2,Розбирання стін із блоків,м3,матеріал,С137-1,Цегла керамічна рядова 250×120×65,шт,405.52,12,4866.24,True
3-1-2,Розбирання стін із блоків,м3,матеріал,С135-1,Розчин мурувальний М50–М75,м3,0.24,2200,528.0,True
3-1-2,Розбирання стін із блоків,м3,матеріал,С138-1,Вода,м3,0.15,40,6.0,True
3-1-2,Розбирання стін із блоків,м3,труд_робітників,Т1,"Труд робітників, розряд 3.5",люд.-год,5.241,95.0,497.89,True
3-1-2,Розбирання стін із блоків,м3,труд_машиністів,Т2,Труд машиністів,люд.-год,0.15,110.0,16.5,True
3-2-1,Перемурування ділянок стін,м2,машина,С212-1,Підйомник / кран (подача матеріалів),маш.-год,0.15,900,135.0,True
3-2-1,Перемурування ділянок стін,м2,матеріал,С137-1,Цегла керамічна рядова 250×120×65,шт,402.41,12,4828.92,True
3-2-1,Перемурування ділянок стін,м2,матеріал,С135-1,Розчин мурувальний М50–М75,м3,0.24,2200,528.0,True
3-2-1,Перемурування ділянок стін,м2,матеріал,С138-1,Вода,м3,0.15,40,6.0,True
3-2-1,Перемурування ділянок стін,м2,труд_робітників,Т1,"Труд робітників, розряд 3.5",люд.-год,4.993,95.0,474.34,True
3-2-1,Перемурування ділянок стін,м2,труд_машиністів,Т2,Труд машиністів,люд.-год,0.15,110.0,16.5,True
3-2-2,Зароблення тріщин,м2,матеріал,С250-1,Матеріали ремонтні,компл,1.0,1500,1500.0,True
3-2-2,Зароблення тріщин,м2,матеріал,С251-1,Суміші / розчини / фарби,компл,1.0,800,800.0,True
3-2-2,Зароблення тріщин,м2,труд_робітників,Т1,"Труд робітників, розряд 3.5",люд.-год,5.314,95.0,504.83,True
3-2-3,Розшивання швів,м2,матеріал,С190-1,Прилад санітарний / опалювальний,шт,1.0,3500,3500.0,True
3-2-3,Розшивання швів,м2,матеріал,С191-1,Підводка / кріплення / арматура,компл,1.0,650,650.0,True
3-2-3,Розшивання швів,м2,матеріал,С192-1,Герметик / ущільнювачі,компл,1.0,80,80.0,True
3-2-3,Розшивання швів,м2,труд_робітників,Т1,"Труд робітників, розряд 4.0",люд.-год,3.934,95.0,373.73,True
4-1-1,Розбирання дерев'яних перекриттів,100 м2,матеріал,С156-1,Пиломатеріали хвойні,м3,1.1,12000,13200.0,True
4-1-1,Розбирання дерев'яних перекриттів,100 м2,матеріал,С157-1,"Цвяхи, кріплення",кг,5.0,55,275.0,True
4-1-1,Розбирання дерев'яних перекриттів,100 м2,матеріал,С158-1,Антисептик,л,1.5,80,120.0,True
4-1-1,Розбирання дерев'яних перекриттів,100 м2,труд_робітників,Т1,"Труд робітників, розряд 3.6",люд.-год,9.91,95.0,941.45,True
4-1-2,Розбирання залізобетонних перекриттів,100 м2,машина,С240-m,Перфоратор / відбійний молоток,маш.-год,1.0,90,90.0,True
4-1-2,Розбирання залізобетонних перекриттів,100 м2,матеріал,С311-3,Вивезення будівельного сміття,т,0.9298,450,418.41,True
4-1-2,Розбирання залізобетонних перекриттів,100 м2,труд_робітників,Т1,"Труд робітників, розряд 2.8",люд.-год,4.487,95.0,426.26,True
4-1-2,Розбирання залізобетонних перекриттів,100 м2,труд_машиністів,Т2,Труд машиністів,люд.-год,0.3,110.0,33.0,True
4-2-1,Посилення балок,100 м2,матеріал,С250-1,Матеріали ремонтні,компл,1.0,1500,1500.0,True
4-2-1,Посилення балок,100 м2,матеріал,С251-1,Суміші / розчини / фарби,компл,1.0,800,800.0,True
4-2-1,Посилення балок,100 м2,труд_робітників,Т1,"Труд робітників, розряд 3.5",люд.-год,5.266,95.0,500.27,True
4-2-2,Заміна настилів,100 м2,матеріал,С250-1,Матеріали ремонтні,компл,1.0,1500,1500.0,True
4-2-2,Заміна настилів,100 м2,матеріал,С251-1,Суміші / розчини / фарби,компл,1.0,800,800.0,True
4-2-2,Заміна настилів,100 м2,труд_робітників,Т1,"Труд робітників, розряд 3.5",люд.-год,6.087,95.0,578.26,True
4-2-3,Ремонт залізобетонних плит,100 м2,матеріал,С250-1,Матеріали ремонтні,компл,1.0,1500,1500.0,True
4-2-3,Ремонт залізобетонних плит,100 м2,матеріал,С251-1,Суміші / розчини / фарби,компл,1.0,800,800.0,True
4-2-3,Ремонт залізобетонних плит,100 м2,труд_робітників,Т1,"Труд робітників, розряд 3.5",люд.-год,6.951,95.0,660.34,True
5-1-1,Розбирання цегляних перегородок,100 м2,машина,С212-1,Підйомник / кран (подача матеріалів),маш.-год,0.15,900,135.0,True
5-1-1,Розбирання цегляних перегородок,100 м2,матеріал,С137-1,Цегла керамічна,шт,5100,12,61200,True
5-1-1,Розбирання цегляних перегородок,100 м2,матеріал,С135-1,Розчин мурувальний,м3,2.4,2200,5280.0,True
5-1-1,Розбирання цегляних перегородок,100 м2,труд_робітників,Т1,"Труд робітників, розряд 3.5",люд.-год,55.766,95.0,5297.77,True
5-1-1,Розбирання цегляних перегородок,100 м2,труд_машиністів,Т2,Труд машиністів,люд.-год,0.15,110.0,16.5,True
5-1-2,Розбирання гіпсових перегородок,100 м2,машина,С212-1,Підйомник / кран (подача матеріалів),маш.-год,0.15,900,135.0,True
5-1-2,Розбирання гіпсових перегородок,100 м2,матеріал,С133-1,Плити гіпсові / пазогребеневі,м2,105,220,23100,True
5-1-2,Розбирання гіпсових перегородок,100 м2,матеріал,С131-2,Клей гіпсовий,кг,500,16,8000,True
5-1-2,Розбирання гіпсових перегородок,100 м2,труд_робітників,Т1,"Труд робітників, розряд 3.4",люд.-год,191.772,95.0,18218.34,True
5-1-2,Розбирання гіпсових перегородок,100 м2,труд_машиністів,Т2,Труд машиністів,люд.-год,0.15,110.0,16.5,True
5-2-1,Цегляні перегородки,100 м2,машина,С212-1,Підйомник / кран (подача матеріалів),маш.-год,0.15,900,135.0,True
5-2-1,Цегляні перегородки,100 м2,матеріал,С137-1,Цегла керамічна,шт,5100,12,61200,True
5-2-1,Цегляні перегородки,100 м2,матеріал,С135-1,Розчин мурувальний,м3,2.4,2200,5280.0,True
5-2-1,Цегляні перегородки,100 м2,труд_робітників,Т1,"Труд робітників, розряд 3.5",люд.-год,62.152,95.0,5904.44,True
5-2-1,Цегляні перегородки,100 м2,труд_машиністів,Т2,Труд машиністів,люд.-год,0.15,110.0,16.5,True
5-2-2,Гіпсокартонні перегородки,100 м2,машина,С212-1,Підйомник / кран (подача матеріалів),маш.-год,0.15,900,135.0,True
5-2-2,Гіпсокартонні перегородки,100 м2,матеріал,С133-1,Плити гіпсові / пазогребеневі,м2,105,220,23100,True
5-2-2,Гіпсокартонні перегородки,100 м2,матеріал,С131-2,Клей гіпсовий,кг,500,16,8000,True
5-2-2,Гіпсокартонні перегородки,100 м2,труд_робітників,Т1,"Труд робітників, розряд 3.4",люд.-год,197.912,95.0,18801.64,True
5-2-2,Гіпсокартонні перегородки,100 м2,труд_машиністів,Т2,Труд машиністів,люд.-год,0.15,110.0,16.5,True
5-2-3,Газобетонні перегородки,100 м2,машина,С210-1,Кран / бетононасос,маш.-год,0.6,1500,900.0,True
5-2-3,Газобетонні перегородки,100 м2,машина,С211-1,Вібратор глибинний,маш.-год,0.8,120,96.0,True
5-2-3,Газобетонні перегородки,100 м2,матеріал,С120-1,Бетон товарний В15–В25,м3,1.02,3200,3264.0,True
5-2-3,Газобетонні перегородки,100 м2,матеріал,С121-1,Вода,м3,0.2,40,8.0,True
5-2-3,Газобетонні перегородки,100 м2,труд_робітників,Т1,"Труд робітників, розряд 3.5",люд.-год,6.701,95.0,636.59,True
5-2-3,Газобетонні перегородки,100 м2,труд_машиністів,Т2,Труд машиністів,люд.-год,0.6,110.0,66.0,True
6-1-1,Демонтаж віконних блоків,100 м2,машина,С212-1,Підйомник / кран (подача матеріалів),маш.-год,0.15,900,135.0,True
6-1-1,Демонтаж віконних блоків,100 м2,матеріал,С137-1,Цегла керамічна,шт,5100,12,61200,True
6-1-1,Демонтаж віконних блоків,100 м2,матеріал,С135-1,Розчин мурувальний,м3,2.4,2200,5280.0,True
6-1-1,Демонтаж віконних блоків,100 м2,труд_робітників,Т1,"Труд робітників, розряд 3.5",люд.-год,55.556,95.0,5277.82,True
6-1-1,Демонтаж віконних блоків,100 м2,труд_машиністів,Т2,Труд машиністів,люд.-год,0.15,110.0,16.5,True
6-1-2,Демонтаж дверних блоків,100 м2,машина,С212-1,Підйомник / кран (подача матеріалів),маш.-год,0.15,900,135.0,True
6-1-2,Демонтаж дверних блоків,100 м2,матеріал,С137-1,Цегла керамічна,шт,5100,12,61200,True
6-1-2,Демонтаж дверних блоків,100 м2,матеріал,С135-1,Розчин мурувальний,м3,2.4,2200,5280.0,True
6-1-2,Демонтаж дверних блоків,100 м2,труд_робітників,Т1,"Труд робітників, розряд 3.5",люд.-год,61.725,95.0,5863.88,True
6-1-2,Демонтаж дверних блоків,100 м2,труд_машиністів,Т2,Труд машиністів,люд.-год,0.15,110.0,16.5,True
6-2-1,Установлення віконних блоків ПВХ,100 м2,машина,С212-1,Підйомник / кран (подача матеріалів),маш.-год,0.15,900,135.0,True
6-2-1,Установлення віконних блоків ПВХ,100 м2,матеріал,С137-1,Цегла керамічна,шт,5100,12,61200,True
6-2-1,Установлення віконних блоків ПВХ,100 м2,матеріал,С135-1,Розчин мурувальний,м3,2.4,2200,5280.0,True
6-2-1,Установлення віконних блоків ПВХ,100 м2,труд_робітників,Т1,"Труд робітників, розряд 3.5",люд.-год,59.896,95.0,5690.12,True
6-2-1,Установлення віконних блоків ПВХ,100 м2,труд_машиністів,Т2,Труд машиністів,люд.-год,0.15,110.0,16.5,True
6-2-2,Установлення дверних блоків,100 м2,машина,С212-1,Підйомник / кран (подача матеріалів),маш.-год,0.15,900,135.0,True
6-2-2,Установлення дверних блоків,100 м2,матеріал,С137-1,Цегла керамічна,шт,5100,12,61200,True
6-2-2,Установлення дверних блоків,100 м2,матеріал,С135-1,Розчин мурувальний,м3,2.4,2200,5280.0,True
6-2-2,Установлення дверних блоків,100 м2,труд_робітників,Т1,"Труд робітників, розряд 3.5",люд.-год,61.123,95.0,5806.68,True
6-2-2,Установлення дверних блоків,100 м2,труд_машиністів,Т2,Труд машиністів,люд.-год,0.15,110.0,16.5,True
6-2-3,Улаштування укосів,100 м2,матеріал,С190-1,Прилад санітарний / опалювальний,шт,1.0,3500,3500.0,True
6-2-3,Улаштування укосів,100 м2,матеріал,С191-1,Підводка / кріплення / арматура,компл,1.0,650,650.0,True
6-2-3,Улаштування укосів,100 м2,матеріал,С192-1,Герметик / ущільнювачі,компл,1.0,80,80.0,True
6-2-3,Улаштування укосів,100 м2,труд_робітників,Т1,"Труд робітників, розряд 4.0",люд.-год,3.94,95.0,374.3,True
7-1-1,Розбирання дощатих підлог,100 м2,матеріал,С165-1,Ламінат / дошка / паркет,м2,108,650,70200,True
7-1-1,Розбирання дощатих підлог,100 м2,матеріал,С166-1,Підкладка,м2,105,45,4725,True
7-1-1,Розбирання дощатих підлог,100 м2,матеріал,С164-2,Плінтус,м,40,70,2800,True
7-1-1,Розбирання дощатих підлог,100 м2,труд_робітників,Т1,"Труд робітників, розряд 3.7",люд.-год,84.056,95.0,7985.32,True
7-1-2,Розбирання плитки,100 м2,матеріал,С167-1,Плитка керамічна / керамограніт,м2,105,420,44100,True
7-1-2,Розбирання плитки,100 м2,матеріал,С168-1,Клей плитковий,кг,500,14,7000,True
7-1-2,Розбирання плитки,100 м2,матеріал,С169-1,Затирка,кг,50,45,2250,True
7-1-2,Розбирання плитки,100 м2,труд_робітників,Т1,"Труд робітників, розряд 3.8",люд.-год,141.844,95.0,13475.18,True
7-1-3,Розбирання стяжки,100 м2,матеріал,С160-1,Суміш для стяжки,м3,4.0,2800,11200.0,True
7-1-3,Розбирання стяжки,100 м2,матеріал,С161-1,Ґрунтовка,л,20,90,1800,True
7-1-3,Розбирання стяжки,100 м2,труд_робітників,Т1,"Труд робітників, розряд 3.3",люд.-год,107.969,95.0,10257.06,True
7-2-1,Стяжка,100 м2,матеріал,С160-1,Суміш для стяжки,м3,4.0,2800,11200.0,True
7-2-1,Стяжка,100 м2,матеріал,С161-1,Ґрунтовка,л,20,90,1800,True
7-2-1,Стяжка,100 м2,труд_робітників,Т1,"Труд робітників, розряд 3.3",люд.-год,91.26,95.0,8669.7,True
7-2-2,Керамічна плитка,100 м2,матеріал,С167-1,Плитка керамічна / керамограніт,м2,105,420,44100,True
7-2-2,Керамічна плитка,100 м2,матеріал,С168-1,Клей плитковий,кг,500,14,7000,True
7-2-2,Керамічна плитка,100 м2,матеріал,С169-1,Затирка,кг,50,45,2250,True
7-2-2,Керамічна плитка,100 м2,труд_робітників,Т1,"Труд робітників, розряд 3.8",люд.-год,146.128,95.0,13882.16,True
7-2-3,Лінолеум,100 м2,матеріал,С162-1,Лінолеум / ПВХ-покриття,м2,105,450,47250,True
7-2-3,Лінолеум,100 м2,матеріал,С163-1,Клей для лінолеуму,кг,40,85,3400,True
7-2-3,Лінолеум,100 м2,матеріал,С164-1,Плінтус ПВХ,м,40,55,2200,True
7-2-3,Лінолеум,100 м2,труд_робітників,Т1,"Труд робітників, розряд 3.4",люд.-год,61.127,95.0,5807.07,True
7-2-4,Ламінат,100 м2,матеріал,С165-1,Ламінат / дошка / паркет,м2,108,650,70200,True
7-2-4,Ламінат,100 м2,матеріал,С166-1,Підкладка,м2,105,45,4725,True
7-2-4,Ламінат,100 м2,матеріал,С164-2,Плінтус,м,40,70,2800,True
7-2-4,Ламінат,100 м2,труд_робітників,Т1,"Труд робітників, розряд 3.7",люд.-год,84.05,95.0,7984.75,True
8-1-1,Розбирання рулонної покрівлі,100 м2,машина,С212-1,Підйомник / кран (подача матеріалів),маш.-год,0.15,900,135.0,True
8-1-1,Розбирання рулонної покрівлі,100 м2,матеріал,С137-1,Цегла керамічна,шт,5100,12,61200,True
8-1-1,Розбирання рулонної покрівлі,100 м2,матеріал,С135-1,Розчин мурувальний,м3,2.4,2200,5280.0,True
8-1-1,Розбирання рулонної покрівлі,100 м2,труд_робітників,Т1,"Труд робітників, розряд 3.5",люд.-год,62.192,95.0,5908.24,True
8-1-1,Розбирання рулонної покрівлі,100 м2,труд_машиністів,Т2,Труд машиністів,люд.-год,0.15,110.0,16.5,True
8-1-2,Розбирання металевої покрівлі,100 м2,машина,С212-1,Підйомник / кран (подача матеріалів),маш.-год,0.15,900,135.0,True
8-1-2,Розбирання металевої покрівлі,100 м2,матеріал,С137-1,Цегла керамічна,шт,5100,12,61200,True
8-1-2,Розбирання металевої покрівлі,100 м2,матеріал,С135-1,Розчин мурувальний,м3,2.4,2200,5280.0,True
8-1-2,Розбирання металевої покрівлі,100 м2,труд_робітників,Т1,"Труд робітників, розряд 3.5",люд.-год,61.915,95.0,5881.93,True
8-1-2,Розбирання металевої покрівлі,100 м2,труд_машиністів,Т2,Труд машиністів,люд.-год,0.15,110.0,16.5,True
8-1-3,Розбирання обрешітки,100 м2,машина,С212-1,Підйомник / кран (подача матеріалів),маш.-год,0.15,900,135.0,True
8-1-3,Розбирання обрешітки,100 м2,матеріал,С137-1,Цегла керамічна,шт,5100,12,61200,True
8-1-3,Розбирання обрешітки,100 м2,матеріал,С135-1,Розчин мурувальний,м3,2.4,2200,5280.0,True
8-1-3,Розбирання обрешітки,100 м2,труд_робітників,Т1,"Труд робітників, розряд 3.5",люд.-год,64.516,95.0,6129.02,True
8-1-3,Розбирання обрешітки,100 м2,труд_машиністів,Т2,Труд машиністів,люд.-год,0.15,110.0,16.5,True
8-2-1,Ремонт рулонної покрівлі,100 м2,машина,С212-1,Підйомник / кран (подача матеріалів),маш.-год,0.15,900,135.0,True
8-2-1,Ремонт рулонної покрівлі,100 м2,матеріал,С137-1,Цегла керамічна,шт,5100,12,61200,True
8-2-1,Ремонт рулонної покрівлі,100 м2,матеріал,С135-1,Розчин мурувальний,м3,2.4,2200,5280.0,True
8-2-1,Ремонт рулонної покрівлі,100 м2,труд_робітників,Т1,"Труд робітників, розряд 3.5",люд.-год,62.145,95.0,5903.78,True
8-2-1,Ремонт рулонної покрівлі,100 м2,труд_машиністів,Т2,Труд машиністів,люд.-год,0.15,110.0,16.5,True
8-2-2,Заміна покриття з металочерепиці,100 м2,машина,С212-1,Підйомник / кран (подача матеріалів),маш.-год,0.15,900,135.0,True
8-2-2,Заміна покриття з металочерепиці,100 м2,матеріал,С137-1,Цегла керамічна,шт,5100,12,61200,True
8-2-2,Заміна покриття з металочерепиці,100 м2,матеріал,С135-1,Розчин мурувальний,м3,2.4,2200,5280.0,True
8-2-2,Заміна покриття з металочерепиці,100 м2,труд_робітників,Т1,"Труд робітників, розряд 3.5",люд.-год,55.042,95.0,5228.99,True
8-2-2,Заміна покриття з металочерепиці,100 м2,труд_машиністів,Т2,Труд машиністів,люд.-год,0.15,110.0,16.5,True
8-2-3,Ремонт примикань,100 м2,машина,С212-1,Підйомник / кран (подача матеріалів),маш.-год,0.15,900,135.0,True
8-2-3,Ремонт примикань,100 м2,матеріал,С137-1,Цегла керамічна,шт,5100,12,61200,True
8-2-3,Ремонт примикань,100 м2,матеріал,С135-1,Розчин мурувальний,м3,2.4,2200,5280.0,True
8-2-3,Ремонт примикань,100 м2,труд_робітників,Т1,"Труд робітників, розряд 3.5",люд.-год,61.728,95.0,5864.16,True
8-2-3,Ремонт примикань,100 м2,труд_машиністів,Т2,Труд машиністів,люд.-год,0.15,110.0,16.5,True
9-1-1,Ремонт ступенів,м2,матеріал,С250-1,Матеріали ремонтні,компл,1.0,1500,1500.0,True
9-1-1,Ремонт ступенів,м2,матеріал,С251-1,Суміші / розчини / фарби,компл,1.0,800,800.0,True
9-1-1,Ремонт ступенів,м2,труд_робітників,Т1,"Труд робітників, розряд 3.5",люд.-год,5.728,95.0,544.16,True
9-1-2,Заміна огороджень,м2,матеріал,С250-1,Матеріали ремонтні,компл,1.0,1500,1500.0,True
9-1-2,Заміна огороджень,м2,матеріал,С251-1,Суміші / розчини / фарби,компл,1.0,800,800.0,True
9-1-2,Заміна огороджень,м2,труд_робітників,Т1,"Труд робітників, розряд 3.5",люд.-год,6.863,95.0,651.99,True
9-1-3,Ремонт ґанків,м2,матеріал,С250-1,Матеріали ремонтні,компл,1.0,1500,1500.0,True
9-1-3,Ремонт ґанків,м2,матеріал,С251-1,Суміші / розчини / фарби,компл,1.0,800,800.0,True
9-1-3,Ремонт ґанків,м2,труд_робітників,Т1,"Труд робітників, розряд 3.5",люд.-год,5.285,95.0,502.07,True
9-1-4,Ремонт ступенів бетонних,м2,матеріал,С250-1,Матеріали ремонтні,компл,1.0,1500,1500.0,True
9-1-4,Ремонт ступенів бетонних,м2,матеріал,С251-1,Суміші / розчини / фарби,компл,1.0,800,800.0,True
9-1-4,Ремонт ступенів бетонних,м2,труд_робітників,Т1,"Труд робітників, розряд 3.5",люд.-год,5.484,95.0,520.98,True
9-1-5,Ремонт ступенів дерев'яних,м2,матеріал,С156-1,Пиломатеріали хвойні,м3,1.1,12000,13200.0,True
9-1-5,Ремонт ступенів дерев'яних,м2,матеріал,С157-1,"Цвяхи, кріплення",кг,5.0,55,275.0,True
9-1-5,Ремонт ступенів дерев'яних,м2,матеріал,С158-1,Антисептик,л,1.5,80,120.0,True
9-1-5,Ремонт ступенів дерев'яних,м2,труд_робітників,Т1,"Труд робітників, розряд 3.6",люд.-год,9.128,95.0,867.16,True
9-1-6,Заміна огороджень сходів,м,матеріал,С250-1,Матеріали ремонтні,компл,1.0,1500,1500.0,True
9-1-6,Заміна огороджень сходів,м,матеріал,С251-1,Суміші / розчини / фарби,компл,1.0,800,800.0,True
9-1-6,Заміна огороджень сходів,м,труд_робітників,Т1,"Труд робітників, розряд 3.5",люд.-год,5.255,95.0,499.22,True
9-1-7,Улаштування пандусів при ремонті,м2,матеріал,С190-1,Прилад санітарний / опалювальний,шт,1.0,3500,3500.0,True
9-1-7,Улаштування пандусів при ремонті,м2,матеріал,С191-1,Підводка / кріплення / арматура,компл,1.0,650,650.0,True
9-1-7,Улаштування пандусів при ремонті,м2,матеріал,С192-1,Герметик / ущільнювачі,компл,1.0,80,80.0,True
9-1-7,Улаштування пандусів при ремонті,м2,труд_робітників,Т1,"Труд робітників, розряд 4.0",люд.-год,4.033,95.0,383.14,True
11-1-1,Відбивання штукатурки зі стін,100 м2,матеріал,С167-1,Плитка керамічна / керамограніт,м2,105,420,44100,True
11-1-1,Відбивання штукатурки зі стін,100 м2,матеріал,С168-1,Клей плитковий,кг,500,14,7000,True
11-1-1,Відбивання штукатурки зі стін,100 м2,матеріал,С169-1,Затирка,кг,50,45,2250,True
11-1-1,Відбивання штукатурки зі стін,100 м2,труд_робітників,Т1,"Труд робітників, розряд 3.8",люд.-год,137.95,95.0,13105.25,True
11-1-2,Відбивання штукатурки зі стель,100 м2,матеріал,С167-1,Плитка керамічна / керамограніт,м2,105,420,44100,True
11-1-2,Відбивання штукатурки зі стель,100 м2,матеріал,С168-1,Клей плитковий,кг,500,14,7000,True
11-1-2,Відбивання штукатурки зі стель,100 м2,матеріал,С169-1,Затирка,кг,50,45,2250,True
11-1-2,Відбивання штукатурки зі стель,100 м2,труд_робітників,Т1,"Труд робітників, розряд 3.8",люд.-год,152.394,95.0,14477.43,True
11-2-1,Покращене опорядження стін,100 м2,матеріал,С167-1,Плитка керамічна / керамограніт,м2,105,420,44100,True
11-2-1,Покращене опорядження стін,100 м2,матеріал,С168-1,Клей плитковий,кг,500,14,7000,True
11-2-1,Покращене опорядження стін,100 м2,матеріал,С169-1,Затирка,кг,50,45,2250,True
11-2-1,Покращене опорядження стін,100 м2,труд_робітників,Т1,"Труд робітників, розряд 3.8",люд.-год,148.103,95.0,14069.79,True
11-2-2,Високоякісне опорядження,100 м2,матеріал,С167-1,Плитка керамічна / керамограніт,м2,105,420,44100,True
11-2-2,Високоякісне опорядження,100 м2,матеріал,С168-1,Клей плитковий,кг,500,14,7000,True
11-2-2,Високоякісне опорядження,100 м2,матеріал,С169-1,Затирка,кг,50,45,2250,True
11-2-2,Високоякісне опорядження,100 м2,труд_робітників,Т1,"Труд робітників, розряд 3.8",люд.-год,154.307,95.0,14659.16,True
11-2-3,Опорядження укосів,100 м2,матеріал,С167-1,Плитка керамічна / керамограніт,м2,105,420,44100,True
11-2-3,Опорядження укосів,100 м2,матеріал,С168-1,Клей плитковий,кг,500,14,7000,True
11-2-3,Опорядження укосів,100 м2,матеріал,С169-1,Затирка,кг,50,45,2250,True
11-2-3,Опорядження укосів,100 м2,труд_робітників,Т1,"Труд робітників, розряд 3.8",люд.-год,142.694,95.0,13555.93,True
12-1-1,Очищення від старих фарбувань,100 м2,машина,С214-1,Пальник газовий покрівельний,маш.-год,0.8,50,40.0,True
12-1-1,Очищення від старих фарбувань,100 м2,матеріал,С174-1,Матеріал рулонний наплавлюваний,м2,115,180,20700,True
12-1-1,Очищення від старих фарбувань,100 м2,матеріал,С175-1,Праймер бітумний,л,30,70,2100,True
12-1-1,Очищення від старих фарбувань,100 м2,труд_робітників,Т1,"Труд робітників, розряд 3.6",люд.-год,86.195,95.0,8188.52,True
12-1-1,Очищення від старих фарбувань,100 м2,труд_машиністів,Т2,Труд машиністів,люд.-год,0.2,110.0,22.0,True
12-1-2,Шпаклювання суцільне,100 м2,машина,С214-1,Пальник газовий покрівельний,маш.-год,0.8,50,40.0,True
12-1-2,Шпаклювання суцільне,100 м2,матеріал,С174-1,Матеріал рулонний наплавлюваний,м2,115,180,20700,True
12-1-2,Шпаклювання суцільне,100 м2,матеріал,С175-1,Праймер бітумний,л,30,70,2100,True
12-1-2,Шпаклювання суцільне,100 м2,труд_робітників,Т1,"Труд робітників, розряд 3.6",люд.-год,87.567,95.0,8318.86,True
12-1-2,Шпаклювання суцільне,100 м2,труд_машиністів,Т2,Труд машиністів,люд.-год,0.2,110.0,22.0,True
12-1-3,Ґрунтування,100 м2,машина,С214-1,Пальник газовий покрівельний,маш.-год,0.8,50,40.0,True
12-1-3,Ґрунтування,100 м2,матеріал,С174-1,Матеріал рулонний наплавлюваний,м2,115,180,20700,True
12-1-3,Ґрунтування,100 м2,матеріал,С175-1,Праймер бітумний,л,30,70,2100,True
12-1-3,Ґрунтування,100 м2,труд_робітників,Т1,"Труд робітників, розряд 3.6",люд.-год,97.101,95.0,9224.59,True
12-1-3,Ґрунтування,100 м2,труд_машиністів,Т2,Труд машиністів,люд.-год,0.2,110.0,22.0,True
12-2-1,Фарбування стін водоемульсійне,100 м2,машина,С214-1,Пальник газовий покрівельний,маш.-год,0.8,50,40.0,True
12-2-1,Фарбування стін водоемульсійне,100 м2,матеріал,С174-1,Матеріал рулонний наплавлюваний,м2,115,180,20700,True
12-2-1,Фарбування стін водоемульсійне,100 м2,матеріал,С175-1,Праймер бітумний,л,30,70,2100,True
12-2-1,Фарбування стін водоемульсійне,100 м2,труд_робітників,Т1,"Труд робітників, розряд 3.6",люд.-год,89.543,95.0,8506.59,True
12-2-1,Фарбування стін водоемульсійне,100 м2,труд_машиністів,Т2,Труд машиністів,люд.-год,0.2,110.0,22.0,True
12-2-2,Фарбування стель,100 м2,машина,С214-1,Пальник газовий покрівельний,маш.-год,0.8,50,40.0,True
12-2-2,Фарбування стель,100 м2,матеріал,С174-1,Матеріал рулонний наплавлюваний,м2,115,180,20700,True
12-2-2,Фарбування стель,100 м2,матеріал,С175-1,Праймер бітумний,л,30,70,2100,True
12-2-2,Фарбування стель,100 м2,труд_робітників,Т1,"Труд робітників, розряд 3.6",люд.-год,92.472,95.0,8784.84,True
12-2-2,Фарбування стель,100 м2,труд_машиністів,Т2,Труд машиністів,люд.-год,0.2,110.0,22.0,True
12-2-3,Фарбування столярки,100 м2,машина,С214-1,Пальник газовий покрівельний,маш.-год,0.8,50,40.0,True
12-2-3,Фарбування столярки,100 м2,матеріал,С174-1,Матеріал рулонний наплавлюваний,м2,115,180,20700,True
12-2-3,Фарбування столярки,100 м2,матеріал,С175-1,Праймер бітумний,л,30,70,2100,True
12-2-3,Фарбування столярки,100 м2,труд_робітників,Т1,"Труд робітників, розряд 3.6",люд.-год,98.715,95.0,9377.93,True
12-2-3,Фарбування столярки,100 м2,труд_машиністів,Т2,Труд машиністів,люд.-год,0.2,110.0,22.0,True
13-1-1,Заміна скла,100 м2,матеріал,С220-1,Утеплювач плитний,м2,105,220,23100,True
13-1-1,Заміна скла,100 м2,матеріал,С221-1,Клей / дюбелі / сітка / декоративний шар,компл,100,180,18000,True
13-1-1,Заміна скла,100 м2,труд_робітників,Т1,"Труд робітників, розряд 3.5",люд.-год,118.663,95.0,11272.99,True
13-1-2,Оскління вікон,100 м2,матеріал,С188-1,Суміш штукатурна,кг,1200,8,9600,True
13-1-2,Оскління вікон,100 м2,матеріал,С181-2,Ґрунтовка,л,20,85,1700,True
13-1-2,Оскління вікон,100 м2,матеріал,С189-1,Сітка штукатурна (за потреби),м2,30,25,750,True
13-1-2,Оскління вікон,100 м2,труд_робітників,Т1,"Труд робітників, розряд 3.6",люд.-год,158.122,95.0,15021.59,True
13-2-1,Зняття старих шпалер,100 м2,матеріал,С184-1,Шпалери,м2,110,180,19800,True
13-2-1,Зняття старих шпалер,100 м2,матеріал,С185-1,Клей шпалерний,кг,20,60,1200,True
13-2-1,Зняття старих шпалер,100 м2,труд_робітників,Т1,"Труд робітників, розряд 3.5",люд.-год,61.789,95.0,5869.95,True
13-2-2,Обклеювання шпалерами,100 м2,матеріал,С184-1,Шпалери,м2,110,180,19800,True
13-2-2,Обклеювання шпалерами,100 м2,матеріал,С185-1,Клей шпалерний,кг,20,60,1200,True
13-2-2,Обклеювання шпалерами,100 м2,труд_робітників,Т1,"Труд робітників, розряд 3.5",люд.-год,61.469,95.0,5839.56,True
13-3-1,Облицювання стін плиткою,100 м2,матеріал,С180-1,Плитка облицювальна,м2,105,380,39900,True
13-3-1,Облицювання стін плиткою,100 м2,матеріал,С168-1,Клей плитковий,кг,550,14,7700,True
13-3-1,Облицювання стін плиткою,100 м2,матеріал,С169-1,Затирка,кг,60,45,2700,True
13-3-1,Облицювання стін плиткою,100 м2,труд_робітників,Т1,"Труд робітників, розряд 3.9",люд.-год,160.873,95.0,15282.93,True
13-3-2,Заміна облицювання,100 м2,матеріал,С180-1,Плитка облицювальна,м2,105,380,39900,True
13-3-2,Заміна облицювання,100 м2,матеріал,С168-1,Клей плитковий,кг,550,14,7700,True
13-3-2,Заміна облицювання,100 м2,матеріал,С169-1,Затирка,кг,60,45,2700,True
13-3-2,Заміна облицювання,100 м2,труд_робітників,Т1,"Труд робітників, розряд 3.9",люд.-год,168.083,95.0,15967.89,True
15-1-1,Демонтаж умивальників,шт,матеріал,С188-1,Суміш штукатурна,кг,12,8,96,True
15-1-1,Демонтаж умивальників,шт,матеріал,С181-2,Ґрунтовка,л,0.2,85,17.0,True
15-1-1,Демонтаж умивальників,шт,матеріал,С189-1,Сітка штукатурна (за потреби),м2,0.3,25,7.5,True
15-1-1,Демонтаж умивальників,шт,труд_робітників,Т1,"Труд робітників, розряд 3.6",люд.-год,2.068,95.0,196.46,True
15-1-2,Демонтаж унітазів,шт,матеріал,С188-1,Суміш штукатурна,кг,12,8,96,True
15-1-2,Демонтаж унітазів,шт,матеріал,С181-2,Ґрунтовка,л,0.2,85,17.0,True
15-1-2,Демонтаж унітазів,шт,матеріал,С189-1,Сітка штукатурна (за потреби),м2,0.3,25,7.5,True
15-1-2,Демонтаж унітазів,шт,труд_робітників,Т1,"Труд робітників, розряд 3.6",люд.-год,1.804,95.0,171.38,True
15-1-3,Демонтаж ванн,шт,матеріал,С188-1,Суміш штукатурна,кг,12,8,96,True
15-1-3,Демонтаж ванн,шт,матеріал,С181-2,Ґрунтовка,л,0.2,85,17.0,True
15-1-3,Демонтаж ванн,шт,матеріал,С189-1,Сітка штукатурна (за потреби),м2,0.3,25,7.5,True
15-1-3,Демонтаж ванн,шт,труд_робітників,Т1,"Труд робітників, розряд 3.6",люд.-год,1.993,95.0,189.34,True
15-2-1,Установлення умивальників,шт,матеріал,С188-1,Суміш штукатурна,кг,12,8,96,True
15-2-1,Установлення умивальників,шт,матеріал,С181-2,Ґрунтовка,л,0.2,85,17.0,True
15-2-1,Установлення умивальників,шт,матеріал,С189-1,Сітка штукатурна (за потреби),м2,0.3,25,7.5,True
15-2-1,Установлення умивальників,шт,труд_робітників,Т1,"Труд робітників, розряд 3.6",люд.-год,2.08,95.0,197.6,True
15-2-2,Установлення унітазів,шт,матеріал,С188-1,Суміш штукатурна,кг,12,8,96,True
15-2-2,Установлення унітазів,шт,матеріал,С181-2,Ґрунтовка,л,0.2,85,17.0,True
15-2-2,Установлення унітазів,шт,матеріал,С189-1,Сітка штукатурна (за потреби),м2,0.3,25,7.5,True
15-2-2,Установлення унітазів,шт,труд_робітників,Т1,"Труд робітників, розряд 3.6",люд.-год,1.976,95.0,187.72,True
15-2-3,Установлення змішувачів,шт,матеріал,С188-1,Суміш штукатурна,кг,12,8,96,True
15-2-3,Установлення змішувачів,шт,матеріал,С181-2,Ґрунтовка,л,0.2,85,17.0,True
15-2-3,Установлення змішувачів,шт,матеріал,С189-1,Сітка штукатурна (за потреби),м2,0.3,25,7.5,True
15-2-3,Установлення змішувачів,шт,труд_робітників,Т1,"Труд робітників, розряд 3.6",люд.-год,1.978,95.0,187.91,True
15-3-1,Заміна трубопроводів водопроводу,100 м,матеріал,С188-1,Суміш штукатурна,кг,1200,8,9600,True
15-3-1,Заміна трубопроводів водопроводу,100 м,матеріал,С181-2,Ґрунтовка,л,20,85,1700,True
15-3-1,Заміна трубопроводів водопроводу,100 м,матеріал,С189-1,Сітка штукатурна (за потреби),м2,30,25,750,True
15-3-1,Заміна трубопроводів водопроводу,100 м,труд_робітників,Т1,"Труд робітників, розряд 3.6",люд.-год,156.535,95.0,14870.82,True
15-3-2,Заміна трубопроводів каналізації,100 м,матеріал,С188-1,Суміш штукатурна,кг,1200,8,9600,True
15-3-2,Заміна трубопроводів каналізації,100 м,матеріал,С181-2,Ґрунтовка,л,20,85,1700,True
15-3-2,Заміна трубопроводів каналізації,100 м,матеріал,С189-1,Сітка штукатурна (за потреби),м2,30,25,750,True
15-3-2,Заміна трубопроводів каналізації,100 м,труд_робітників,Т1,"Труд робітників, розряд 3.6",люд.-год,151.638,95.0,14405.61,True
16-1-1,Ремонт водопроводу,100 м,матеріал,С193-1,Труби (сталь/ППР/ПВХ/ПЕ),м,105,120,12600,True
16-1-1,Ремонт водопроводу,100 м,матеріал,С194-1,Фітинги та арматура,компл,100,350,35000,True
16-1-1,Ремонт водопроводу,100 м,матеріал,С195-1,Кріплення / ізоляція,компл,100,90,9000,True
16-1-1,Ремонт водопроводу,100 м,труд_робітників,Т1,"Труд робітників, розряд 3.8",люд.-год,160.528,95.0,15250.16,True
16-1-2,Ремонт каналізації,100 м,матеріал,С193-1,Труби (сталь/ППР/ПВХ/ПЕ),м,105,120,12600,True
16-1-2,Ремонт каналізації,100 м,матеріал,С194-1,Фітинги та арматура,компл,100,350,35000,True
16-1-2,Ремонт каналізації,100 м,матеріал,С195-1,Кріплення / ізоляція,компл,100,90,9000,True
16-1-2,Ремонт каналізації,100 м,труд_робітників,Т1,"Труд робітників, розряд 3.8",люд.-год,173.232,95.0,16457.04,True
16-1-3,Заміна ділянок трубопроводів,100 м,матеріал,С193-1,Труби (сталь/ППР/ПВХ/ПЕ),м,105,120,12600,True
16-1-3,Заміна ділянок трубопроводів,100 м,матеріал,С194-1,Фітинги та арматура,компл,100,350,35000,True
16-1-3,Заміна ділянок трубопроводів,100 м,матеріал,С195-1,Кріплення / ізоляція,компл,100,90,9000,True
16-1-3,Заміна ділянок трубопроводів,100 м,труд_робітників,Т1,"Труд робітників, розряд 3.8",люд.-год,190.365,95.0,18084.67,True
16-1-4,Ремонт водопроводу зовнішнього,100 м,матеріал,С193-1,Труби (сталь/ППР/ПВХ/ПЕ),м,105,120,12600,True
16-1-4,Ремонт водопроводу зовнішнього,100 м,матеріал,С194-1,Фітинги та арматура,компл,100,350,35000,True
16-1-4,Ремонт водопроводу зовнішнього,100 м,матеріал,С195-1,Кріплення / ізоляція,компл,100,90,9000,True
16-1-4,Ремонт водопроводу зовнішнього,100 м,труд_робітників,Т1,"Труд робітників, розряд 3.8",люд.-год,180.819,95.0,17177.81,True
16-1-5,Ремонт каналізації зовнішньої,100 м,матеріал,С193-1,Труби (сталь/ППР/ПВХ/ПЕ),м,105,120,12600,True
16-1-5,Ремонт каналізації зовнішньої,100 м,матеріал,С194-1,Фітинги та арматура,компл,100,350,35000,True
16-1-5,Ремонт каналізації зовнішньої,100 м,матеріал,С195-1,Кріплення / ізоляція,компл,100,90,9000,True
16-1-5,Ремонт каналізації зовнішньої,100 м,труд_робітників,Т1,"Труд робітників, розряд 3.8",люд.-год,163.205,95.0,15504.48,True
16-1-6,Ремонт колодязів,шт,матеріал,С193-1,Труби (сталь/ППР/ПВХ/ПЕ),м,1.05,120,126.0,True
16-1-6,Ремонт колодязів,шт,матеріал,С194-1,Фітинги та арматура,компл,1.0,350,350.0,True
16-1-6,Ремонт колодязів,шт,матеріал,С195-1,Кріплення / ізоляція,компл,1.0,90,90.0,True
16-1-6,Ремонт колодязів,шт,труд_робітників,Т1,"Труд робітників, розряд 3.8",люд.-год,2.212,95.0,210.14,True
16-1-7,Ремонт теплових мереж,100 м,матеріал,С193-1,Труби (сталь/ППР/ПВХ/ПЕ),м,105,120,12600,True
16-1-7,Ремонт теплових мереж,100 м,матеріал,С194-1,Фітинги та арматура,компл,100,350,35000,True
16-1-7,Ремонт теплових мереж,100 м,матеріал,С195-1,Кріплення / ізоляція,компл,100,90,9000,True
16-1-7,Ремонт теплових мереж,100 м,труд_робітників,Т1,"Труд робітників, розряд 3.8",люд.-год,168.381,95.0,15996.19,True
17-1-1,Демонтаж проводки,100 м,матеріал,С193-1,Труби (сталь/ППР/ПВХ/ПЕ),м,105,120,12600,True
17-1-1,Демонтаж проводки,100 м,матеріал,С194-1,Фітинги та арматура,компл,100,350,35000,True
17-1-1,Демонтаж проводки,100 м,матеріал,С195-1,Кріплення / ізоляція,компл,100,90,9000,True
17-1-1,Демонтаж проводки,100 м,труд_робітників,Т1,"Труд робітників, розряд 3.8",люд.-год,173.452,95.0,16477.94,True
17-1-2,Демонтаж світильників,100 м,матеріал,С193-1,Труби (сталь/ППР/ПВХ/ПЕ),м,105,120,12600,True
17-1-2,Демонтаж світильників,100 м,матеріал,С194-1,Фітинги та арматура,компл,100,350,35000,True
17-1-2,Демонтаж світильників,100 м,матеріал,С195-1,Кріплення / ізоляція,компл,100,90,9000,True
17-1-2,Демонтаж світильників,100 м,труд_робітників,Т1,"Труд робітників, розряд 3.8",люд.-год,192.93,95.0,18328.35,True
17-1-3,Демонтаж щитів,100 м,матеріал,С193-1,Труби (сталь/ППР/ПВХ/ПЕ),м,105,120,12600,True
17-1-3,Демонтаж щитів,100 м,матеріал,С194-1,Фітинги та арматура,компл,100,350,35000,True
17-1-3,Демонтаж щитів,100 м,матеріал,С195-1,Кріплення / ізоляція,компл,100,90,9000,True
17-1-3,Демонтаж щитів,100 м,труд_робітників,Т1,"Труд робітників, розряд 3.8",люд.-год,187.465,95.0,17809.17,True
17-2-1,Прокладання кабелів,100 м,матеріал,С193-1,Труби (сталь/ППР/ПВХ/ПЕ),м,105,120,12600,True
17-2-1,Прокладання кабелів,100 м,матеріал,С194-1,Фітинги та арматура,компл,100,350,35000,True
17-2-1,Прокладання кабелів,100 м,матеріал,С195-1,Кріплення / ізоляція,компл,100,90,9000,True
17-2-1,Прокладання кабелів,100 м,труд_робітників,Т1,"Труд робітників, розряд 3.8",люд.-год,180.348,95.0,17133.06,True
17-2-2,Установлення розеток і вимикачів,100 м,матеріал,С193-1,Труби (сталь/ППР/ПВХ/ПЕ),м,105,120,12600,True
17-2-2,Установлення розеток і вимикачів,100 м,матеріал,С194-1,Фітинги та арматура,компл,100,350,35000,True
17-2-2,Установлення розеток і вимикачів,100 м,матеріал,С195-1,Кріплення / ізоляція,компл,100,90,9000,True
17-2-2,Установлення розеток і вимикачів,100 м,труд_робітників,Т1,"Труд робітників, розряд 3.8",люд.-год,170.024,95.0,16152.28,True
17-2-3,Установлення світильників,100 м,матеріал,С193-1,Труби (сталь/ППР/ПВХ/ПЕ),м,105,120,12600,True
17-2-3,Установлення світильників,100 м,матеріал,С194-1,Фітинги та арматура,компл,100,350,35000,True
17-2-3,Установлення світильників,100 м,матеріал,С195-1,Кріплення / ізоляція,компл,100,90,9000,True
17-2-3,Установлення світильників,100 м,труд_робітників,Т1,"Труд робітників, розряд 3.8",люд.-год,189.117,95.0,17966.11,True
17-2-4,Установлення щитів,100 м,матеріал,С193-1,Труби (сталь/ППР/ПВХ/ПЕ),м,105,120,12600,True
17-2-4,Установлення щитів,100 м,матеріал,С194-1,Фітинги та арматура,компл,100,350,35000,True
17-2-4,Установлення щитів,100 м,матеріал,С195-1,Кріплення / ізоляція,компл,100,90,9000,True
17-2-4,Установлення щитів,100 м,труд_робітників,Т1,"Труд робітників, розряд 3.8",люд.-год,180.844,95.0,17180.18,True
18-1-1,Ремонт покриттів тротуарів,100 м2,матеріал,С193-1,Труби (сталь/ППР/ПВХ/ПЕ),м,105,120,12600,True
18-1-1,Ремонт покриттів тротуарів,100 м2,матеріал,С194-1,Фітинги та арматура,компл,100,350,35000,True
18-1-1,Ремонт покриттів тротуарів,100 м2,матеріал,С195-1,Кріплення / ізоляція,компл,100,90,9000,True
18-1-1,Ремонт покриттів тротуарів,100 м2,труд_робітників,Т1,"Труд робітників, розряд 3.8",люд.-год,168.672,95.0,16023.84,True
18-1-2,Ремонт огороджень,100 м2,матеріал,С193-1,Труби (сталь/ППР/ПВХ/ПЕ),м,105,120,12600,True
18-1-2,Ремонт огороджень,100 м2,матеріал,С194-1,Фітинги та арматура,компл,100,350,35000,True
18-1-2,Ремонт огороджень,100 м2,матеріал,С195-1,Кріплення / ізоляція,компл,100,90,9000,True
18-1-2,Ремонт огороджень,100 м2,труд_робітників,Т1,"Труд робітників, розряд 3.8",люд.-год,173.025,95.0,16437.38,True
18-1-3,Відновлення озеленення,100 м2,матеріал,С193-1,Труби (сталь/ППР/ПВХ/ПЕ),м,105,120,12600,True
18-1-3,Відновлення озеленення,100 м2,матеріал,С194-1,Фітинги та арматура,компл,100,350,35000,True
18-1-3,Відновлення озеленення,100 м2,матеріал,С195-1,Кріплення / ізоляція,компл,100,90,9000,True
18-1-3,Відновлення озеленення,100 м2,труд_робітників,Т1,"Труд робітників, розряд 3.8",люд.-год,193.077,95.0,18342.31,True
18-1-4,Ремонт проїздів,100 м2,матеріал,С193-1,Труби (сталь/ППР/ПВХ/ПЕ),м,105,120,12600,True
18-1-4,Ремонт проїздів,100 м2,матеріал,С194-1,Фітинги та арматура,компл,100,350,35000,True
18-1-4,Ремонт проїздів,100 м2,матеріал,С195-1,Кріплення / ізоляція,компл,100,90,9000,True
18-1-4,Ремонт проїздів,100 м2,труд_робітників,Т1,"Труд робітників, розряд 3.8",люд.-год,182.093,95.0,17298.83,True
18-1-5,Ремонт малих архітектурних форм,шт,матеріал,С193-1,Труби (сталь/ППР/ПВХ/ПЕ),м,1.05,120,126.0,True
18-1-5,Ремонт малих архітектурних форм,шт,матеріал,С194-1,Фітинги та арматура,компл,1.0,350,350.0,True
18-1-5,Ремонт малих архітектурних форм,шт,матеріал,С195-1,Кріплення / ізоляція,компл,1.0,90,90.0,True
18-1-5,Ремонт малих архітектурних форм,шт,труд_робітників,Т1,"Труд робітників, розряд 3.8",люд.-год,2.001,95.0,190.09,True
19-1-1,Ремонт гідроізоляції,100 м2,матеріал,С193-1,Труби (сталь/ППР/ПВХ/ПЕ),м,105,120,12600,True
19-1-1,Ремонт гідроізоляції,100 м2,матеріал,С194-1,Фітинги та арматура,компл,100,350,35000,True
19-1-1,Ремонт гідроізоляції,100 м2,матеріал,С195-1,Кріплення / ізоляція,компл,100,90,9000,True
19-1-1,Ремонт гідроізоляції,100 м2,труд_робітників,Т1,"Труд робітників, розряд 3.8",люд.-год,190.113,95.0,18060.74,True
19-1-2,Ремонт теплоізоляції стін,100 м2,матеріал,С193-1,Труби (сталь/ППР/ПВХ/ПЕ),м,105,120,12600,True
19-1-2,Ремонт теплоізоляції стін,100 м2,матеріал,С194-1,Фітинги та арматура,компл,100,350,35000,True
19-1-2,Ремонт теплоізоляції стін,100 м2,матеріал,С195-1,Кріплення / ізоляція,компл,100,90,9000,True
19-1-2,Ремонт теплоізоляції стін,100 м2,труд_робітників,Т1,"Труд робітників, розряд 3.8",люд.-год,169.971,95.0,16147.25,True
19-1-3,Ремонт теплоізоляції трубопроводів,100 м2,матеріал,С193-1,Труби (сталь/ППР/ПВХ/ПЕ),м,105,120,12600,True
19-1-3,Ремонт теплоізоляції трубопроводів,100 м2,матеріал,С194-1,Фітинги та арматура,компл,100,350,35000,True
19-1-3,Ремонт теплоізоляції трубопроводів,100 м2,матеріал,С195-1,Кріплення / ізоляція,компл,100,90,9000,True
19-1-3,Ремонт теплоізоляції трубопроводів,100 м2,труд_робітників,Т1,"Труд робітників, розряд 3.8",люд.-год,183.515,95.0,17433.92,True
19-1-4,Ремонт гідроізоляції фундаментів,100 м2,матеріал,С193-1,Труби (сталь/ППР/ПВХ/ПЕ),м,105,120,12600,True
19-1-4,Ремонт гідроізоляції фундаментів,100 м2,матеріал,С194-1,Фітинги та арматура,компл,100,350,35000,True
19-1-4,Ремонт гідроізоляції фундаментів,100 м2,матеріал,С195-1,Кріплення / ізоляція,компл,100,90,9000,True
19-1-4,Ремонт гідроізоляції фундаментів,100 м2,труд_робітників,Т1,"Труд робітників, розряд 3.8",люд.-год,192.373,95.0,18275.43,True
19-1-5,Ремонт гідроізоляції покрівлі,100 м2,машина,С214-1,Пальник газовий покрівельний,маш.-год,0.8,50,40.0,True
19-1-5,Ремонт гідроізоляції покрівлі,100 м2,матеріал,С174-1,Матеріал рулонний наплавлюваний,м2,115,180,20700,True
19-1-5,Ремонт гідроізоляції покрівлі,100 м2,матеріал,С175-1,Праймер бітумний,л,30,70,2100,True
19-1-5,Ремонт гідроізоляції покрівлі,100 м2,труд_робітників,Т1,"Труд робітників, розряд 3.6",люд.-год,87.015,95.0,8266.42,True
19-1-5,Ремонт гідроізоляції покрівлі,100 м2,труд_машиністів,Т2,Труд машиністів,люд.-год,0.2,110.0,22.0,True
19-1-6,Ремонт пароізоляції,100 м2,машина,С214-1,Пальник газовий покрівельний,маш.-год,0.8,50,40.0,True
19-1-6,Ремонт пароізоляції,100 м2,матеріал,С174-1,Матеріал рулонний наплавлюваний,м2,115,180,20700,True
19-1-6,Ремонт пароізоляції,100 м2,матеріал,С175-1,Праймер бітумний,л,30,70,2100,True
19-1-6,Ремонт пароізоляції,100 м2,труд_робітників,Т1,"Труд робітників, розряд 3.6",люд.-год,94.131,95.0,8942.44,True
19-1-6,Ремонт пароізоляції,100 м2,труд_машиністів,Т2,Труд машиністів,люд.-год,0.2,110.0,22.0,True
20-1-1,Прибирання будівельного сміття,компл,матеріал,С202-m,Повітроводи оцинковані,м2,1.05,280,294.0,True
20-1-1,Прибирання будівельного сміття,компл,матеріал,С203-m,"Фланці, ущільнення, кріплення",компл,1.0,120,120.0,True
20-1-1,Прибирання будівельного сміття,компл,труд_робітників,Т1,"Труд робітників, розряд 3.9",люд.-год,3.314,95.0,314.83,True
20-1-2,Тимчасові огородження,компл,матеріал,С202-m,Повітроводи оцинковані,м2,1.05,280,294.0,True
20-1-2,Тимчасові огородження,компл,матеріал,С203-m,"Фланці, ущільнення, кріплення",компл,1.0,120,120.0,True
20-1-2,Тимчасові огородження,компл,труд_робітників,Т1,"Труд робітників, розряд 3.9",люд.-год,3.026,95.0,287.47,True
20-1-3,Інші роботи,компл,матеріал,С202-m,Повітроводи оцинковані,м2,1.05,280,294.0,True
20-1-3,Інші роботи,компл,матеріал,С203-m,"Фланці, ущільнення, кріплення",компл,1.0,120,120.0,True
20-1-3,Інші роботи,компл,труд_робітників,Т1,"Труд робітників, розряд 3.9",люд.-год,3.139,95.0,298.2,True
20-1-4,Улаштування тимчасових риштувань при ремонті,100 м2,матеріал,С190-1,Прилад санітарний / опалювальний,шт,1.0,3500,3500.0,True
20-1-4,Улаштування тимчасових риштувань при ремонті,100 м2,матеріал,С191-1,Підводка / кріплення / арматура,компл,1.0,650,650.0,True
20-1-4,Улаштування тимчасових риштувань при ремонті,100 м2,матеріал,С192-1,Герметик / ущільнювачі,компл,1.0,80,80.0,True
20-1-4,Улаштування тимчасових риштувань при ремонті,100 м2,труд_робітників,Т1,"Труд робітників, розряд 4.0",люд.-год,4.096,95.0,389.12,True
20-1-5,Перевезення сміття,т,матеріал,С202-m,Повітроводи оцинковані,м2,1.05,280,294.0,True
20-1-5,Перевезення сміття,т,матеріал,С203-m,"Фланці, ущільнення, кріплення",компл,1.0,120,120.0,True
20-1-5,Перевезення сміття,т,труд_робітників,Т1,"Труд робітників, розряд 3.9",люд.-год,3.274,95.0,311.03,True
20-1-6,Інші непередбачені ремонтні роботи,компл,матеріал,С202-m,Повітроводи оцинковані,м2,1.05,280,294.0,True
20-1-6,Інші непередбачені ремонтні роботи,компл,матеріал,С203-m,"Фланці, ущільнення, кріплення",компл,1.0,120,120.0,True
20-1-6,Інші непередбачені ремонтні роботи,компл,труд_робітників,Т1,"Труд робітників, розряд 3.9",люд.-год,3.324,95.0,315.78,True
